# Generated data source for the pinned Gex PE; no executable is read at build time.
# Source PE SHA256: e1fd63ecb09fca29d63286e22447752dcb120d7e682f8759d1021776f7698b86
# .rdata 00450000 + 1536 raw bytes
# .data 00451000 + 71680 raw bytes, zero tail to 004a44e0
# 2685 pointer relocations expressed as symbolic references.
.section .rdata,"dr"
.balign 16
.byte 0x00,0x00,0x00,0x00,0x00,0x00,0xf0,0x3f,0x00,0x00,0x00,0x00,0x40,0x01,0x00,0x00
.byte 0x08,0x00,0x00,0x00,0xe8,0x00,0x00,0x00,0x40,0x01,0x00,0x00,0xe0,0x00,0x00,0x00
.byte 0xff,0xff,0xff,0xff
.long _GEX_FN_00449d23
.long _GEX_FN_00449d3e
.byte 0x00,0x00,0x00,0x00,0x00,0x00,0x00,0x80,0xff,0xff,0x47,0x41,0x00,0x00,0x00,0xc0
.byte 0x7e,0x01,0x50,0x41,0x00,0x00,0x00,0x00,0x00,0x00,0xf0,0x3f,0x49,0x73,0x50,0x72
.byte 0x6f,0x63,0x65,0x73,0x73,0x6f,0x72,0x46,0x65,0x61,0x74,0x75,0x72,0x65,0x50,0x72
.byte 0x65,0x73,0x65,0x6e,0x74,0x00,0x00,0x00,0x4b,0x45,0x52,0x4e,0x45,0x4c,0x33,0x32
.byte 0x00,0x00,0x00,0x00,0x00,0x00,0x00,0x00,0x00,0x00,0x00,0x00,0x65,0x2b,0x30,0x30
.byte 0x30,0x00,0x00,0x00,0x00,0x00,0x00,0x00,0x00,0x00,0x00,0x00
.globl _GEX_RDATA_00450088
_GEX_RDATA_00450088:
.byte 0x72,0x75,0x6e,0x74,0x69,0x6d,0x65,0x20,0x65,0x72,0x72,0x6f,0x72,0x20,0x00,0x00
.globl _GEX_RDATA_00450098
_GEX_RDATA_00450098:
.byte 0x0d,0x0a,0x00,0x00
.globl _GEX_RDATA_0045009c
_GEX_RDATA_0045009c:
.byte 0x54,0x4c,0x4f,0x53,0x53,0x20,0x65,0x72,0x72,0x6f,0x72,0x0d,0x0a,0x00,0x00,0x00
.globl _GEX_RDATA_004500ac
_GEX_RDATA_004500ac:
.byte 0x53,0x49,0x4e,0x47,0x20,0x65,0x72,0x72,0x6f,0x72,0x0d,0x0a,0x00,0x00,0x00,0x00
.globl _GEX_RDATA_004500bc
_GEX_RDATA_004500bc:
.byte 0x44,0x4f,0x4d,0x41,0x49,0x4e,0x20,0x65,0x72,0x72,0x6f,0x72,0x0d,0x0a,0x00,0x00
.globl _GEX_RDATA_004500cc
_GEX_RDATA_004500cc:
.byte 0x52,0x36,0x30,0x32,0x38,0x0d,0x0a,0x2d,0x20,0x75,0x6e,0x61,0x62,0x6c,0x65,0x20
.byte 0x74,0x6f,0x20,0x69,0x6e,0x69,0x74,0x69,0x61,0x6c,0x69,0x7a,0x65,0x20,0x68,0x65
.byte 0x61,0x70,0x0d,0x0a,0x00,0x00,0x00,0x00
.globl _GEX_RDATA_004500f4
_GEX_RDATA_004500f4:
.byte 0x52,0x36,0x30,0x32,0x37,0x0d,0x0a,0x2d,0x20,0x6e,0x6f,0x74,0x20,0x65,0x6e,0x6f
.byte 0x75,0x67,0x68,0x20,0x73,0x70,0x61,0x63,0x65,0x20,0x66,0x6f,0x72,0x20,0x6c,0x6f
.byte 0x77,0x69,0x6f,0x20,0x69,0x6e,0x69,0x74,0x69,0x61,0x6c,0x69,0x7a,0x61,0x74,0x69
.byte 0x6f,0x6e,0x0d,0x0a,0x00,0x00,0x00,0x00
.globl _GEX_RDATA_0045012c
_GEX_RDATA_0045012c:
.byte 0x52,0x36,0x30,0x32,0x36,0x0d,0x0a,0x2d,0x20,0x6e,0x6f,0x74,0x20,0x65,0x6e,0x6f
.byte 0x75,0x67,0x68,0x20,0x73,0x70,0x61,0x63,0x65,0x20,0x66,0x6f,0x72,0x20,0x73,0x74
.byte 0x64,0x69,0x6f,0x20,0x69,0x6e,0x69,0x74,0x69,0x61,0x6c,0x69,0x7a,0x61,0x74,0x69
.byte 0x6f,0x6e,0x0d,0x0a,0x00,0x00,0x00,0x00
.globl _GEX_RDATA_00450164
_GEX_RDATA_00450164:
.byte 0x52,0x36,0x30,0x32,0x35,0x0d,0x0a,0x2d,0x20,0x70,0x75,0x72,0x65,0x20,0x76,0x69
.byte 0x72,0x74,0x75,0x61,0x6c,0x20,0x66,0x75,0x6e,0x63,0x74,0x69,0x6f,0x6e,0x20,0x63
.byte 0x61,0x6c,0x6c,0x0d,0x0a,0x00,0x00,0x00
.globl _GEX_RDATA_0045018c
_GEX_RDATA_0045018c:
.byte 0x52,0x36,0x30,0x32,0x34,0x0d,0x0a,0x2d,0x20,0x6e,0x6f,0x74,0x20,0x65,0x6e,0x6f
.byte 0x75,0x67,0x68,0x20,0x73,0x70,0x61,0x63,0x65,0x20,0x66,0x6f,0x72,0x20,0x5f,0x6f
.byte 0x6e,0x65,0x78,0x69,0x74,0x2f,0x61,0x74,0x65,0x78,0x69,0x74,0x20,0x74,0x61,0x62
.byte 0x6c,0x65,0x0d,0x0a,0x00,0x00,0x00,0x00
.globl _GEX_RDATA_004501c4
_GEX_RDATA_004501c4:
.byte 0x52,0x36,0x30,0x31,0x39,0x0d,0x0a,0x2d,0x20,0x75,0x6e,0x61,0x62,0x6c,0x65,0x20
.byte 0x74,0x6f,0x20,0x6f,0x70,0x65,0x6e,0x20,0x63,0x6f,0x6e,0x73,0x6f,0x6c,0x65,0x20
.byte 0x64,0x65,0x76,0x69,0x63,0x65,0x0d,0x0a,0x00,0x00,0x00,0x00
.globl _GEX_RDATA_004501f0
_GEX_RDATA_004501f0:
.byte 0x52,0x36,0x30,0x31,0x38,0x0d,0x0a,0x2d,0x20,0x75,0x6e,0x65,0x78,0x70,0x65,0x63
.byte 0x74,0x65,0x64,0x20,0x68,0x65,0x61,0x70,0x20,0x65,0x72,0x72,0x6f,0x72,0x0d,0x0a
.byte 0x00,0x00,0x00,0x00
.globl _GEX_RDATA_00450214
_GEX_RDATA_00450214:
.byte 0x52,0x36,0x30,0x31,0x37,0x0d,0x0a,0x2d,0x20,0x75,0x6e,0x65,0x78,0x70,0x65,0x63
.byte 0x74,0x65,0x64,0x20,0x6d,0x75,0x6c,0x74,0x69,0x74,0x68,0x72,0x65,0x61,0x64,0x20
.byte 0x6c,0x6f,0x63,0x6b,0x20,0x65,0x72,0x72,0x6f,0x72,0x0d,0x0a,0x00,0x00,0x00,0x00
.globl _GEX_RDATA_00450244
_GEX_RDATA_00450244:
.byte 0x52,0x36,0x30,0x31,0x36,0x0d,0x0a,0x2d,0x20,0x6e,0x6f,0x74,0x20,0x65,0x6e,0x6f
.byte 0x75,0x67,0x68,0x20,0x73,0x70,0x61,0x63,0x65,0x20,0x66,0x6f,0x72,0x20,0x74,0x68
.byte 0x72,0x65,0x61,0x64,0x20,0x64,0x61,0x74,0x61,0x0d,0x0a,0x00
.globl _GEX_RDATA_00450270
_GEX_RDATA_00450270:
.byte 0x0d,0x0a,0x61,0x62,0x6e,0x6f,0x72,0x6d,0x61,0x6c,0x20,0x70,0x72,0x6f,0x67,0x72
.byte 0x61,0x6d,0x20,0x74,0x65,0x72,0x6d,0x69,0x6e,0x61,0x74,0x69,0x6f,0x6e,0x0d,0x0a
.byte 0x00,0x00,0x00,0x00
.globl _GEX_RDATA_00450294
_GEX_RDATA_00450294:
.byte 0x52,0x36,0x30,0x30,0x39,0x0d,0x0a,0x2d,0x20,0x6e,0x6f,0x74,0x20,0x65,0x6e,0x6f
.byte 0x75,0x67,0x68,0x20,0x73,0x70,0x61,0x63,0x65,0x20,0x66,0x6f,0x72,0x20,0x65,0x6e
.byte 0x76,0x69,0x72,0x6f,0x6e,0x6d,0x65,0x6e,0x74,0x0d,0x0a,0x00
.globl _GEX_RDATA_004502c0
_GEX_RDATA_004502c0:
.byte 0x52,0x36,0x30,0x30,0x38,0x0d,0x0a,0x2d,0x20,0x6e,0x6f,0x74,0x20,0x65,0x6e,0x6f
.byte 0x75,0x67,0x68,0x20,0x73,0x70,0x61,0x63,0x65,0x20,0x66,0x6f,0x72,0x20,0x61,0x72
.byte 0x67,0x75,0x6d,0x65,0x6e,0x74,0x73,0x0d,0x0a,0x00,0x00,0x00
.globl _GEX_RDATA_004502ec
_GEX_RDATA_004502ec:
.byte 0x52,0x36,0x30,0x30,0x32,0x0d,0x0a,0x2d,0x20,0x66,0x6c,0x6f,0x61,0x74,0x69,0x6e
.byte 0x67,0x20,0x70,0x6f,0x69,0x6e,0x74,0x20,0x6e,0x6f,0x74,0x20,0x6c,0x6f,0x61,0x64
.byte 0x65,0x64,0x0d,0x0a,0x00,0x00,0x00,0x00,0x4d,0x69,0x63,0x72,0x6f,0x73,0x6f,0x66
.byte 0x74,0x20,0x56,0x69,0x73,0x75,0x61,0x6c,0x20,0x43,0x2b,0x2b,0x20,0x52,0x75,0x6e
.byte 0x74,0x69,0x6d,0x65,0x20,0x4c,0x69,0x62,0x72,0x61,0x72,0x79,0x00,0x00,0x00,0x00
.byte 0x0a,0x0a,0x00,0x00,0x52,0x75,0x6e,0x74,0x69,0x6d,0x65,0x20,0x45,0x72,0x72,0x6f
.byte 0x72,0x21,0x0a,0x0a,0x50,0x72,0x6f,0x67,0x72,0x61,0x6d,0x3a,0x20,0x00,0x00,0x00
.byte 0x2e,0x2e,0x2e,0x00,0x3c,0x70,0x72,0x6f,0x67,0x72,0x61,0x6d,0x20,0x6e,0x61,0x6d
.byte 0x65,0x20,0x75,0x6e,0x6b,0x6e,0x6f,0x77,0x6e,0x3e,0x00,0x00
.globl _GEX_RDATA_00450378
_GEX_RDATA_00450378:
.byte 0x28,0x00,0x6e,0x00,0x75,0x00,0x6c,0x00,0x6c,0x00,0x29,0x00,0x00,0x00,0x00,0x00
.globl _GEX_RDATA_00450388
_GEX_RDATA_00450388:
.byte 0x28,0x6e,0x75,0x6c,0x6c,0x29,0x00,0x00,0x06,0x00,0x00,0x06,0x00,0x01,0x00,0x00
.byte 0x10,0x00,0x03,0x06,0x00,0x06,0x02,0x10,0x04,0x45,0x45,0x45,0x05,0x05,0x05,0x05
.byte 0x05,0x35,0x30,0x00,0x50,0x00,0x00,0x00,0x00,0x20,0x28,0x38,0x50,0x58,0x07,0x08
.byte 0x00,0x37,0x30,0x30,0x57,0x50,0x07,0x00,0x00,0x20,0x20,0x08,0x00,0x00,0x00,0x00
.byte 0x08,0x60,0x68,0x60,0x60,0x60,0x60,0x00,0x00,0x70,0x70,0x78,0x78,0x78,0x78,0x08
.byte 0x07,0x08,0x00,0x00,0x07,0x00,0x08,0x08,0x08,0x00,0x00,0x08,0x00,0x08,0x00,0x07
.byte 0x08,0x00,0x00,0x00,0x47,0x65,0x74,0x4c,0x61,0x73,0x74,0x41,0x63,0x74,0x69,0x76
.byte 0x65,0x50,0x6f,0x70,0x75,0x70,0x00,0x00,0x47,0x65,0x74,0x41,0x63,0x74,0x69,0x76
.byte 0x65,0x57,0x69,0x6e,0x64,0x6f,0x77,0x00,0x4d,0x65,0x73,0x73,0x61,0x67,0x65,0x42
.byte 0x6f,0x78,0x41,0x00,0x75,0x73,0x65,0x72,0x33,0x32,0x2e,0x64,0x6c,0x6c,0x00,0x00
.byte 0x31,0x23,0x51,0x4e,0x41,0x4e,0x00,0x00,0x31,0x23,0x49,0x4e,0x46,0x00,0x00,0x00
.byte 0x31,0x23,0x49,0x4e,0x44,0x00,0x00,0x00,0x31,0x23,0x53,0x4e,0x41,0x4e,0x00,0x00
.byte 0x00,0x00,0x00,0x00,0x00,0x00,0x00,0x00,0x00,0x00,0x00,0x00,0x00,0x00,0x00,0x00
.byte 0x00,0x00,0x00,0x00,0x00,0x00,0x00,0x00,0x00,0x00,0x00,0x00,0x00,0x00,0x00,0x00
.byte 0x00,0x00,0x00,0x00,0x00,0x00,0x00,0x00,0x00,0x00,0x00,0x00,0x00,0x00,0x00,0x00
.byte 0x00,0x00,0x00,0x00,0x00,0x00,0x00,0x00,0x00,0x00,0x00,0x00,0x00,0x00,0x00,0x00
.byte 0x00,0x00,0x00,0x00,0x00,0x00,0x00,0x00,0x00,0x00,0x00,0x00,0x00,0x00,0x00,0x00
.byte 0x00,0x00,0x00,0x00,0x00,0x00,0x00,0x00,0x00,0x00,0x00,0x00,0x00,0x00,0x00,0x00
.byte 0x00,0x00,0x00,0x00,0x00,0x00,0x00,0x00,0x00,0x00,0x00,0x00,0x00,0x00,0x00,0x00
.byte 0x00,0x00,0x00,0x00,0x00,0x00,0x00,0x00,0x00,0x00,0x00,0x00,0x00,0x00,0x00,0x00
.byte 0x00,0x00,0x00,0x00,0x00,0x00,0x00,0x00,0x00,0x00,0x00,0x00,0x00,0x00,0x00,0x00
.byte 0x00,0x00,0x00,0x00,0x00,0x00,0x00,0x00,0x00,0x00,0x00,0x00,0x00,0x00,0x00,0x00
.byte 0x00,0x00,0x00,0x00,0x00,0x00,0x00,0x00,0x00,0x00,0x00,0x00,0x00,0x00,0x00,0x00
.byte 0x00,0x00,0x00,0x00,0x00,0x00,0x00,0x00,0x00,0x00,0x00,0x00,0x00,0x00,0x00,0x00
.byte 0x00,0x00,0x00,0x00,0x00,0x00,0x00,0x00,0x00,0x00,0x00,0x00,0x00,0x00,0x00,0x00
.byte 0x00,0x00,0x00,0x00,0x00,0x00,0x00,0x00,0x00,0x00,0x00,0x00,0x00,0x00,0x00,0x00
.byte 0x00,0x00,0x00,0x00,0x00,0x00,0x00,0x00,0x00,0x00,0x00,0x00,0x00,0x00,0x00,0x00
.byte 0x00,0x00,0x00,0x00,0x00,0x00,0x00,0x00,0x00,0x00,0x00,0x00,0x00,0x00,0x00,0x00
.byte 0x00,0x00,0x00,0x00,0x00,0x00,0x00,0x00,0x00,0x00,0x00,0x00,0x00,0x00,0x00,0x00
.byte 0x00,0x00,0x00,0x00,0x00,0x00,0x00,0x00,0x00,0x00,0x00,0x00,0x00,0x00,0x00,0x00
.byte 0x00,0x00,0x00,0x00,0x00,0x00,0x00,0x00,0x00,0x00,0x00,0x00,0x00,0x00,0x00,0x00
.byte 0x00,0x00,0x00,0x00,0x00,0x00,0x00,0x00,0x00,0x00,0x00,0x00,0x00,0x00,0x00,0x00
.byte 0x00,0x00,0x00,0x00,0x00,0x00,0x00,0x00,0x00,0x00,0x00,0x00,0x00,0x00,0x00,0x00
.byte 0x00,0x00,0x00,0x00,0x00,0x00,0x00,0x00,0x00,0x00,0x00,0x00,0x00,0x00,0x00,0x00
.byte 0x00,0x00,0x00,0x00,0x00,0x00,0x00,0x00,0x00,0x00,0x00,0x00,0x00,0x00,0x00,0x00
.byte 0x00,0x00,0x00,0x00,0x00,0x00,0x00,0x00,0x00,0x00,0x00,0x00,0x00,0x00,0x00,0x00
.byte 0x00,0x00,0x00,0x00,0x00,0x00,0x00,0x00,0x00,0x00,0x00,0x00,0x00,0x00,0x00,0x00
.byte 0x00,0x00,0x00,0x00,0x00,0x00,0x00,0x00,0x00,0x00,0x00,0x00,0x00,0x00,0x00,0x00
.byte 0x00,0x00,0x00,0x00,0x00,0x00,0x00,0x00,0x00,0x00,0x00,0x00,0x00,0x00,0x00,0x00
.byte 0x00,0x00,0x00,0x00,0x00,0x00,0x00,0x00
.section .data,"dw"
.balign 16
.globl _GEX_DATA_00451000
_GEX_DATA_00451000:
.zero 4
.globl _GEX_DATA_00451004
_GEX_DATA_00451004:
.zero 4
.globl _GEX_DATA_00451008
_GEX_DATA_00451008:
.zero 4
.long _GEX_FN_0044c5c0
.globl _GEX_DATA_00451010
_GEX_DATA_00451010:
.zero 8
.long _GEX_FN_0044c690
.zero 20
.globl _GEX_DATA_00451030
_GEX_DATA_00451030:
.zero 8
.globl _GEX_DATA_00451038
_GEX_DATA_00451038:
.zero 4
.globl _GEX_DATA_0045103c
_GEX_DATA_0045103c:
.zero 4
.globl _GEX_DATA_00451040
_GEX_DATA_00451040:
.zero 8
.globl _GEX_DATA_00451048
_GEX_DATA_00451048:
.byte 0x00,0x00,0x00,0x00,0x94,0x09,0x00,0x00,0x58,0x0a,0x00,0x00,0x0d,0x0d,0x00,0x00
.byte 0x2d,0x0d,0x00,0x00,0x8c,0x01,0x00,0x00,0xc6,0x0e,0x00,0x00,0x11,0x05,0x00,0x00
.byte 0x1d,0x1c,0x00,0x00,0x18,0x19,0x00,0x00,0xde,0x46,0x00,0x00,0x80,0x1a,0x00,0x00
.byte 0x00,0x1c,0x00,0x00,0xc1,0x36,0x00,0x00,0x5f,0x2c,0x00,0x00,0x60,0x0e,0x00,0x00
.byte 0xc8,0x04,0x00,0x00,0xd0,0x2a,0x00,0x00,0xba,0x0d,0x00,0x00,0xc8,0x13,0x00,0x00
.byte 0xf6,0x2f,0x00,0x00,0xf1,0x3c,0x00,0x00,0x40,0x20,0x00,0x00,0xb8,0x19,0x00,0x00
.byte 0x10,0x19,0x00,0x00,0xb0,0x17,0x00,0x00,0x70,0x14,0x00,0x00,0x7e,0x19,0x00,0x00
.byte 0x8e,0x38,0x00,0x00,0x3e,0x1c,0x00,0x00,0x2d,0x0d,0x00,0x00,0xa8,0x1f,0x00,0x00
.byte 0xb8,0x1d,0x00,0x00,0xf0,0x17,0x00,0x00,0x5f,0x0b,0x00,0x00,0x60,0x0d,0x00,0x00
.byte 0x63,0x37,0x00,0x00,0x78,0x1b,0x00,0x00,0x6c,0x0a,0x00,0x00,0xa7,0x08,0x00,0x00
.byte 0x5b,0x15,0x00,0x00,0x0b,0x0f,0x00,0x00,0x78,0x0c,0x00,0x00,0x3b,0x01,0x00,0x00
.byte 0x08,0x0e,0x00,0x00,0xf5,0x05,0x00,0x00,0x4c,0x14,0x00,0x00,0xec,0x0c,0x00,0x00
.byte 0x54,0x0f,0x00,0x00,0x73,0x0c,0x00,0x00,0x9e,0x1f,0x00,0x00,0x9f,0x14,0x00,0x00
.byte 0xd0,0x1f,0x00,0x00,0xd1,0x1f,0x00,0x00,0xc3,0x1b,0x00,0x00,0xa7,0x0e,0x00,0x00
.byte 0x8a,0x11,0x00,0x00,0x8a,0x11,0x00,0x00,0xa6,0x0e,0x00,0x00,0xea,0x10,0x00,0x00
.byte 0x75,0x15,0x00,0x00,0x06,0x15,0x00,0x00,0x86,0x13,0x00,0x00,0xf5,0x16,0x00,0x00
.byte 0x57,0x17,0x00,0x00,0x8e,0x09,0x00,0x00,0x0d,0x0c,0x00,0x00,0x34,0x1a,0x00,0x00
.byte 0x45,0x0e,0x00,0x00,0x2d,0x0d,0x00,0x00,0x3d,0x1c,0x00,0x00,0xca,0x23,0x00,0x00
.byte 0x60,0x13,0x00,0x00,0x68,0x18,0x00,0x00,0x68,0x18,0x00,0x00,0x2a,0x06,0x00,0x00
.byte 0x28,0x04,0x00,0x00,0xad,0x11,0x00,0x00,0x2b,0x0b,0x00,0x00,0x88,0x0c,0x00,0x00
.byte 0xd3,0x09,0x00,0x00,0x7b,0x17,0x00,0x00,0xc5,0x0a,0x00,0x00,0xec,0x12,0x00,0x00
.byte 0xfe,0x12,0x00,0x00,0xf7,0x13,0x00,0x00,0x97,0x20,0x00,0x00,0x7e,0x14,0x00,0x00
.byte 0x50,0x07,0x00,0x00,0xc0,0x1f,0x00,0x00,0xc0,0x1f,0x00,0x00,0xd8,0x1e,0x00,0x00
.byte 0x1e,0x17,0x00,0x00,0x28,0x04,0x00,0x00,0x68,0x1e,0x00,0x00,0xc8,0x0d,0x00,0x00
.byte 0xd8,0x0b,0x00,0x00,0x30,0x18,0x00,0x00,0x00,0x16,0x00,0x00,0x30,0x08,0x00,0x00
.byte 0x50,0x0f,0x00,0x00,0x20,0x1b,0x00,0x00,0xe8,0x03,0x00,0x00,0x20,0x04,0x00,0x00
.byte 0x56,0x1a,0x00,0x00,0x66,0x06,0x00,0x00,0x2d,0x0d,0x00,0x00,0x5a,0x1a,0x00,0x00
.byte 0x80,0x1d,0x00,0x00,0xc0,0x16,0x00,0x00,0xd0,0x0e,0x00,0x00,0xef,0x0d,0x00,0x00
.byte 0x20,0x0e,0x00,0x00,0x10,0x1b,0x00,0x00,0x50,0x0f,0x00,0x00,0x91,0x30,0x00,0x00
.byte 0x91,0x3b,0x00,0x00,0x81,0x3d,0x00,0x00,0xbe,0x1b,0x00,0x00,0x7c,0x19,0x00,0x00
.byte 0x78,0x04,0x00,0x00,0xc9,0x24,0x00,0x00,0xdf,0x22,0x00,0x00,0x80,0x19,0x00,0x00
.byte 0x51,0x0b,0x00,0x00,0xd0,0x11,0x00,0x00,0xc0,0x0e,0x00,0x00,0xd0,0x0c,0x00,0x00
.byte 0xc8,0x0e,0x00,0x00,0xc8,0x0d,0x00,0x00,0xd8,0x0b,0x00,0x00,0x88,0x0e,0x00,0x00
.byte 0x87,0x17,0x00,0x00,0x4f,0x20,0x00,0x00,0x60,0x10,0x00,0x00,0x5e,0x10,0x00,0x00
.byte 0x28,0x18,0x00,0x00,0x28,0x09,0x00,0x00,0x90,0x1f,0x00,0x00,0x48,0x1e,0x00,0x00
.byte 0x40,0x1e,0x00,0x00,0xa0,0x1f,0x00,0x00,0xc0,0x0a,0x00,0x00,0x50,0x08,0x00,0x00
.byte 0x38,0x0d,0x00,0x00,0x80,0x1a,0x00,0x00,0x40,0x1b,0x00,0x00,0x50,0x13,0x00,0x00
.byte 0xf1,0x31,0x00,0x00,0xc0,0x16,0x00,0x00,0xf8,0x03,0x00,0x00,0x40,0x0d,0x00,0x00
.byte 0x20,0x16,0x00,0x00,0xe8,0x0d,0x00,0x00,0xfe,0x08,0x00,0x00,0xab,0x09,0x00,0x00
.byte 0x6e,0x0f,0x00,0x00,0x01,0x15,0x00,0x00,0x50,0x20,0x00,0x00,0x00,0x05,0x00,0x00
.byte 0xc2,0x0b,0x00,0x00,0x66,0x08,0x00,0x00,0x00,0x1a,0x00,0x00,0xed,0x0f,0x00,0x00
.byte 0x38,0x10,0x00,0x00,0xe0,0x1e,0x00,0x00,0x0f,0x27,0x00,0x00,0xd2,0x19,0x00,0x00
.byte 0xa6,0x07,0x00,0x00,0xdf,0x0b,0x00,0x00,0x3e,0x3f,0x00,0x00,0xb2,0x0d,0x00,0x00
.byte 0x7f,0x14,0x00,0x00,0x7f,0x14,0x00,0x00,0x7c,0x20,0x00,0x00,0xb3,0x22,0x00,0x00
.byte 0xcf,0x20,0x00,0x00,0x92,0x1a,0x00,0x00,0x30,0x17,0x00,0x00,0x00,0x1e,0x00,0x00
.byte 0x2d,0x0d,0x00,0x00,0x58,0x20,0x00,0x00,0xe0,0x08,0x00,0x00,0x30,0x1f,0x00,0x00
.byte 0x20,0x0b,0x00,0x00,0x8f,0x14,0x00,0x00,0xaf,0x05,0x00,0x00,0x20,0x2d,0x00,0x00
.byte 0xa1,0x1a,0x00,0x00,0x38,0x0d,0x00,0x00,0x58,0x17,0x00,0x00,0x00,0x1f,0x00,0x00
.byte 0xc0,0x1f,0x00,0x00,0x5a,0x0c,0x00,0x00,0xfe,0x1e,0x00,0x00,0xf0,0x1f,0x00,0x00
.byte 0xc0,0x17,0x00,0x00,0x60,0x1e,0x00,0x00,0x60,0x17,0x00,0x00,0xd0,0x1d,0x00,0x00
.byte 0xc0,0x18,0x00,0x00,0x60,0x0b,0x00,0x00,0xac,0x06,0x00,0x00,0x5a,0x0c,0x00,0x00
.byte 0xca,0x10,0x00,0x00,0x8e,0x11,0x00,0x00,0x10,0x14,0x00,0x00,0x7e,0x0a,0x00,0x00
.byte 0xc0,0x17,0x00,0x00,0x2c,0x22,0x00,0x00,0x20,0x1f,0x00,0x00,0xc0,0x1e,0x00,0x00
.byte 0x20,0x17,0x00,0x00,0x70,0x08,0x00,0x00,0xe1,0x27,0x00,0x00,0xd7,0x23,0x00,0x00
.byte 0xfe,0x1b,0x00,0x00,0x90,0x1f,0x00,0x00,0xde,0x1f,0x00,0x00,0xfe,0x18,0x00,0x00
.byte 0xd7,0x3c,0x00,0x00,0x9e,0x18,0x00,0x00,0x00,0x20,0x00,0x00,0xbe,0x11,0x00,0x00
.byte 0x3e,0x1b,0x00,0x00,0x7e,0x1c,0x00,0x00,0xb0,0x0a,0x00,0x00,0xbe,0x1f,0x00,0x00
.byte 0x7e,0x1f,0x00,0x00,0xde,0x1f,0x00,0x00,0xf6,0x15,0x00,0x00,0x2c,0x22,0x00,0x00
.byte 0x9d,0x1f,0x00,0x00,0x15,0x1f,0x00,0x00,0x8b,0x0f,0x00,0x00,0xaa,0x1e,0x00,0x00
.byte 0x2b,0x18,0x00,0x00,0xa0,0x1f,0x00,0x00,0xfe,0x1c,0x00,0x00,0xb0,0x13,0x00,0x00
.byte 0x10,0x32,0x00,0x00,0x2d,0x0d,0x00,0x00,0x2d,0x0d,0x00,0x00,0x60,0x0d,0x00,0x00
.byte 0x2d,0x0d,0x00,0x00,0x2d,0x0d,0x00,0x00,0x2d,0x0d,0x00,0x00,0x0d,0x03,0x00,0x00
.byte 0x7e,0x1e,0x00,0x00,0x2d,0x0d,0x00,0x00,0x2d,0x0d,0x00,0x00,0xbe,0x1e,0x00,0x00
.byte 0x3a,0x1b,0x00,0x00,0x7e,0x1c,0x00,0x00,0x9c,0x35,0x00,0x00,0x1e,0x19,0x00,0x00
.byte 0x32,0x17,0x00,0x00,0x2d,0x0d,0x00,0x00,0x41,0x40,0x00,0x00,0x2d,0x0d,0x00,0x00
.byte 0x7e,0x1f,0x00,0x00,0x2d,0x0d,0x00,0x00,0x77,0x08,0x00,0x00,0x7e,0x1c,0x00,0x00
.byte 0xbe,0x1f,0x00,0x00,0x33,0x1a,0x00,0x00,0x5e,0x15,0x00,0x00,0x7e,0x1f,0x00,0x00
.byte 0xbe,0x15,0x00,0x00,0x9e,0x1f,0x00,0x00,0x5e,0x0a,0x00,0x00,0xbe,0x16,0x00,0x00
.byte 0xea,0x1f,0x00,0x00,0x1e,0x1f,0x00,0x00,0x5e,0x19,0x00,0x00,0x7e,0x14,0x00,0x00
.byte 0xb6,0x1d,0x00,0x00,0x15,0x0c,0x00,0x00,0x3e,0x04,0x00,0x00,0x85,0x1f,0x00,0x00
.byte 0x29,0x52,0x00,0x00
.globl _GEX_DATA_004514ac
_GEX_DATA_004514ac:
.zero 4
.globl _GEX_DATA_004514b0
_GEX_DATA_004514b0:
.zero 4
.globl _GEX_DATA_004514b4
_GEX_DATA_004514b4:
.zero 4
.globl _GEX_DATA_004514b8
_GEX_DATA_004514b8:
.byte 0x56,0x46,0x58,0x5c,0x47,0x45,0x58,0x25,0x2e,0x33,0x64,0x2e,0x56,0x46,0x58,0x00
.globl _GEX_DATA_004514c8
_GEX_DATA_004514c8:
.byte 0x53,0x6e,0x64,0x20,0x25,0x64,0x0a,0x00
.globl _GEX_DATA_004514d0
_GEX_DATA_004514d0:
.byte 0x41,0x66,0x74,0x65,0x72,0x20,0x53,0x4e,0x44,0x5f,0x4c,0x6f,0x61,0x64,0x53,0x6f
.byte 0x75,0x6e,0x64,0x73,0x2c,0x20,0x66,0x72,0x65,0x65,0x62,0x6c,0x6f,0x63,0x6b,0x73
.byte 0x20,0x3d,0x20,0x25,0x6c,0x64,0x0a,0x00
.globl _GEX_DATA_004514f8
_GEX_DATA_004514f8:
.byte 0x53,0x46,0x58,0x5c,0x47,0x45,0x58,0x2e,0x53,0x46,0x58,0x00
.globl _GEX_DATA_00451504
_GEX_DATA_00451504:
.byte 0x43,0x6f,0x75,0x6c,0x64,0x20,0x6e,0x6f,0x74,0x20,0x63,0x72,0x65,0x61,0x74,0x65
.byte 0x20,0x44,0x69,0x72,0x65,0x63,0x74,0x20,0x53,0x6f,0x75,0x6e,0x64,0x20,0x4f,0x62
.byte 0x6a,0x65,0x63,0x74,0x0a,0x00,0x00,0x00
.globl _GEX_DATA_0045152c
_GEX_DATA_0045152c:
.byte 0x47,0x45,0x58,0x00
.globl _GEX_DATA_00451530
_GEX_DATA_00451530:
.byte 0x64,0x00,0x00,0x00
.globl _GEX_DATA_00451534
_GEX_DATA_00451534:
.byte 0x00,0x00,0x00,0x00,0x1b,0x00,0x00,0x00,0x63,0x9c,0x10,0x00,0x18,0x00,0x00,0x00
.byte 0xc0,0xe1,0x1d,0x00,0x76,0x00,0x00,0x00,0x00,0x00,0x00,0x00,0x4e,0x00,0x00,0x00
.byte 0x00,0xb7,0x03,0x00,0x7f,0x00,0x00,0x00,0x00,0x00,0x00,0x00,0x86,0x00,0x00,0x00
.byte 0x3a,0x29,0x33,0x00,0x62,0x00,0x00,0x00,0xd9,0x5e,0x04,0x00,0xed,0x00,0x00,0x00
.byte 0x00,0x00,0x00,0x00,0x0f,0x00,0x00,0x00,0x80,0x17,0x06,0x00,0x0c,0x00,0x00,0x00
.byte 0x7c,0x6a,0x02,0x00,0x75,0x00,0x00,0x00,0x00,0x00,0x00,0x00,0x4c,0x00,0x00,0x00
.byte 0x59,0x6c,0x0c,0x00,0x7e,0x00,0x00,0x00,0x00,0x00,0x00,0x00,0x27,0x00,0x00,0x00
.byte 0x72,0xba,0x0a,0x00,0x24,0x00,0x00,0x00,0x30,0x49,0x06,0x00,0x77,0x00,0x00,0x00
.byte 0x00,0x00,0x00,0x00,0x53,0x00,0x00,0x00,0xc0,0xab,0x07,0x00,0x80,0x00,0x00,0x00
.byte 0x00,0x00,0x00,0x00,0x3d,0x00,0x00,0x00,0x00,0x00,0x00,0x00,0x3b,0x00,0x00,0x00
.byte 0x01,0xbc,0x08,0x00,0x79,0x00,0x00,0x00,0x00,0x00,0x00,0x00,0x5c,0x00,0x00,0x00
.byte 0x0f,0x34,0x0e,0x00,0x82,0x00,0x00,0x00,0x00,0x00,0x00,0x00,0x32,0x00,0x00,0x00
.byte 0x00,0x00,0x00,0x00,0x30,0x00,0x00,0x00,0x00,0xdc,0x02,0x00,0x78,0x00,0x00,0x00
.byte 0x00,0x00,0x00,0x00,0x55,0x00,0x00,0x00,0xb1,0xf0,0x02,0x00,0x81,0x00,0x00,0x00
.byte 0x00,0x00,0x00,0x00,0x6e,0x00,0x00,0x00,0x00,0xd1,0x01,0x00,0x89,0x00,0x00,0x00
.byte 0x00,0x00,0x00,0x00,0x8d,0x00,0x00,0x00,0x00,0x00,0x00,0x00,0x7a,0x00,0x00,0x00
.byte 0x00,0x00,0x00,0x00,0x59,0x00,0x00,0x00,0x00,0x00,0x00,0x00,0x83,0x00,0x00,0x00
.byte 0x00,0x00,0x00,0x00,0xef,0x00,0x00,0x00,0x00,0x00,0x00,0x00,0xca,0x00,0x00,0x00
.byte 0x00,0x00,0x00,0x00,0x70,0x00,0x00,0x00,0x29,0xaf,0x04,0x00,0x00,0x00,0x00,0x00
.byte 0x00,0x00,0x00,0x00
.globl _GEX_DATA_00451668
_GEX_DATA_00451668:
.byte 0x44,0x53,0x20,0x6c,0x6f,0x63,0x6b,0x20,0x66,0x61,0x69,0x6c,0x65,0x64,0x0a,0x00
.globl _GEX_DATA_00451678
_GEX_DATA_00451678:
.byte 0x44,0x53,0x20,0x47,0x65,0x74,0x43,0x75,0x72,0x72,0x65,0x6e,0x74,0x50,0x6f,0x73
.byte 0x69,0x74,0x69,0x6f,0x6e,0x20,0x66,0x61,0x69,0x6c,0x65,0x64,0x0a,0x00,0x00,0x00
.globl _GEX_DATA_00451698
_GEX_DATA_00451698:
.byte 0x44,0x53,0x20,0x52,0x65,0x61,0x64,0x46,0x69,0x6c,0x65,0x20,0x66,0x61,0x69,0x6c
.byte 0x65,0x64,0x0a,0x00
.globl _GEX_DATA_004516ac
_GEX_DATA_004516ac:
.byte 0x44,0x53,0x20,0x4c,0x6f,0x63,0x6b,0x20,0x32,0x20,0x66,0x61,0x69,0x6c,0x65,0x64
.byte 0x0a,0x00,0x00,0x00
.globl _GEX_DATA_004516c0
_GEX_DATA_004516c0:
.byte 0x44,0x53,0x20,0x4c,0x6f,0x63,0x6b,0x20,0x33,0x20,0x66,0x61,0x69,0x6c,0x65,0x64
.byte 0x0a,0x00,0x00,0x00
.globl _GEX_DATA_004516d4
_GEX_DATA_004516d4:
.byte 0x44,0x53,0x20,0x52,0x65,0x61,0x64,0x20,0x32,0x20,0x66,0x61,0x69,0x6c,0x65,0x64
.byte 0x0a,0x00,0x00,0x00
.globl _GEX_DATA_004516e8
_GEX_DATA_004516e8:
.byte 0x44,0x53,0x20,0x46,0x69,0x6c,0x65,0x4f,0x70,0x65,0x6e,0x20,0x66,0x61,0x69,0x6c
.byte 0x65,0x64,0x20,0x25,0x64,0x0a,0x00,0x00
.globl _GEX_DATA_00451700
_GEX_DATA_00451700:
.byte 0x4d,0x55,0x53,0x5c,0x47,0x45,0x58,0x25,0x2e,0x33,0x64,0x2e,0x4d,0x55,0x53,0x00
.globl _GEX_DATA_00451710
_GEX_DATA_00451710:
.byte 0x55,0x6e,0x6b,0x6e,0x6f,0x77,0x6e,0x20,0x53,0x6f,0x75,0x6e,0x64,0x20,0x4e,0x75
.byte 0x6d,0x20,0x55,0x73,0x65,0x64,0x20,0x25,0x64,0x00,0x00,0x00
.globl _GEX_DATA_0045172c
_GEX_DATA_0045172c:
.byte 0x77,0x72,0x69,0x74,0x65,0x20,0x67,0x65,0x78,0x2e,0x77,0x72,0x69,0x00,0x00,0x00
.globl _GEX_DATA_0045173c
_GEX_DATA_0045173c:
.byte 0x68,0x74,0x74,0x70,0x3a,0x2f,0x2f,0x77,0x77,0x77,0x2e,0x6d,0x69,0x63,0x72,0x6f
.byte 0x73,0x6f,0x66,0x74,0x2e,0x63,0x6f,0x6d,0x2f,0x67,0x61,0x6d,0x65,0x73,0x2f,0x67
.byte 0x65,0x78,0x2f,0x00,0x25,0x31,0x00,0x00
.globl _GEX_DATA_00451764
_GEX_DATA_00451764:
.byte 0x5c,0x73,0x68,0x65,0x6c,0x6c,0x5c,0x6f,0x70,0x65,0x6e,0x5c,0x63,0x6f,0x6d,0x6d
.byte 0x61,0x6e,0x64,0x00
.globl _GEX_DATA_00451778
_GEX_DATA_00451778:
.zero 4
.globl _GEX_DATA_0045177c
_GEX_DATA_0045177c:
.byte 0x2e,0x68,0x74,0x6d,0x00,0x00,0x00,0x00
.globl _GEX_DATA_00451784
_GEX_DATA_00451784:
.byte 0x56,0x65,0x72,0x73,0x69,0x6f,0x6e,0x3a,0x20,0x31,0x2e,0x30,0x30,0x00,0x00,0x00
.globl _GEX_DATA_00451794
_GEX_DATA_00451794:
.zero 4
.globl _GEX_DATA_00451798
_GEX_DATA_00451798:
.zero 4
.globl _GEX_DATA_0045179c
_GEX_DATA_0045179c:
.byte 0x61,0x76,0x69,0x76,0x69,0x64,0x65,0x6f,0x00,0x00,0x00,0x00
.globl _GEX_DATA_004517a8
_GEX_DATA_004517a8:
.byte 0x41,0x56,0x49,0x20,0x45,0x52,0x52,0x4f,0x52,0x3a,0x20,0x25,0x73,0x20,0x25,0x73
.byte 0x00,0x00,0x00,0x00
.globl _GEX_DATA_004517bc
_GEX_DATA_004517bc:
.byte 0x57,0x61,0x69,0x74,0x69,0x6e,0x67,0x20,0x66,0x6f,0x72,0x20,0x56,0x69,0x64,0x65
.byte 0x6f,0x57,0x69,0x6e,0x64,0x6f,0x77,0x20,0x74,0x6f,0x20,0x67,0x6f,0x20,0x61,0x77
.byte 0x61,0x79,0x0a,0x00
.globl _GEX_DATA_004517e0
_GEX_DATA_004517e0:
.zero 4
.globl _GEX_DATA_004517e4
_GEX_DATA_004517e4:
.zero 4
.globl _GEX_DATA_004517e8
_GEX_DATA_004517e8:
.zero 8
.globl _GEX_DATA_004517f0
_GEX_DATA_004517f0:
.byte 0x1f,0x7c,0x1f,0x7c,0x1f,0x7c,0x1f,0x7c,0x1f,0x7c,0x1f,0x7c,0x1f,0x7c,0x1f,0x7c
.byte 0x1f,0x7c,0x1f,0x7c,0x1f,0x7c,0x60,0x14,0x60,0x14,0x60,0x14,0x60,0x14,0x60,0x14
.byte 0x60,0x14,0x60,0x14,0x1f,0x7c,0x1f,0x7c,0x1f,0x7c,0x1f,0x7c,0x1f,0x7c,0x1f,0x7c
.byte 0x1f,0x7c,0x1f,0x7c,0x1f,0x7c,0x1f,0x7c,0x1f,0x7c,0x1f,0x7c,0x1f,0x7c,0x1f,0x7c
.byte 0x1f,0x7c,0x1f,0x7c,0x1f,0x7c,0x1f,0x7c,0x1f,0x7c,0x1f,0x7c,0x1f,0x7c,0x1f,0x7c
.byte 0x1f,0x7c,0x1f,0x7c,0x1f,0x7c,0x1f,0x7c,0x1f,0x7c,0x1f,0x7c,0x1f,0x7c,0x1f,0x7c
.byte 0x1f,0x7c,0x1f,0x7c,0x1f,0x7c,0x1f,0x7c,0x1f,0x7c,0x1f,0x7c,0x1f,0x7c,0x1f,0x7c
.byte 0x1f,0x7c,0x1f,0x7c,0x1f,0x7c,0x1f,0x7c,0x1f,0x7c,0x1f,0x7c,0x60,0x14,0x60,0x14
.byte 0x1f,0x7c,0x1f,0x7c,0x1f,0x7c,0x1f,0x7c,0x1f,0x7c,0x1f,0x7c,0x1f,0x7c,0x1f,0x7c
.byte 0x1f,0x7c,0x1f,0x7c,0x1f,0x7c,0x1f,0x7c,0x1f,0x7c,0x1f,0x7c,0x60,0x14,0x60,0x14
.byte 0x60,0x14,0x60,0x14,0x60,0x14,0x60,0x14,0x60,0x14,0x60,0x14,0x60,0x14,0x1f,0x7c
.byte 0x1f,0x7c,0x1f,0x7c,0x1f,0x7c,0x1f,0x7c,0x1f,0x7c,0x1f,0x7c,0x1f,0x7c,0x1f,0x7c
.byte 0x1f,0x7c,0x1f,0x7c,0x1f,0x7c,0x1f,0x7c,0x1f,0x7c,0x1f,0x7c,0x1f,0x7c,0x1f,0x7c
.byte 0x1f,0x7c,0x1f,0x7c,0x1f,0x7c,0x1f,0x7c,0x1f,0x7c,0x60,0x14,0x60,0x14,0x60,0x14
.byte 0x1f,0x7c,0x1f,0x7c,0x1f,0x7c,0x1f,0x7c,0x1f,0x7c,0x1f,0x7c,0x1f,0x7c,0x1f,0x7c
.byte 0x1f,0x7c,0x1f,0x7c,0x1f,0x7c,0x1f,0x7c,0x60,0x14,0x60,0x14,0x60,0x14,0x1f,0x7c
.byte 0x1f,0x7c,0x1f,0x7c,0x1f,0x7c,0x1f,0x7c,0x1f,0x7c,0x1f,0x7c,0x1f,0x7c,0x1f,0x7c
.byte 0x1f,0x7c,0x1f,0x7c,0x1f,0x7c,0x60,0x14,0x60,0x14,0x60,0x14,0x60,0x14,0x60,0x14
.byte 0x60,0x14,0x60,0x14,0x60,0x14,0x60,0x14,0x60,0x14,0x21,0x02,0x82,0x02,0x82,0x02
.byte 0x82,0x02,0x82,0x02,0x82,0x02,0x21,0x02,0x60,0x14,0x1f,0x7c,0x1f,0x7c,0x1f,0x7c
.byte 0x1f,0x7c,0x1f,0x7c,0x1f,0x7c,0x1f,0x7c,0x1f,0x7c,0x60,0x14,0x60,0x14,0x60,0x14
.byte 0x60,0x14,0x60,0x14,0x60,0x14,0x60,0x14,0x60,0x14,0x60,0x14,0x60,0x14,0x60,0x14
.byte 0x60,0x14,0x60,0x14,0x60,0x14,0x1f,0x7c,0x1f,0x7c,0x1f,0x7c,0x1f,0x7c,0x1f,0x7c
.byte 0x1f,0x7c,0x1f,0x7c,0x60,0x14,0x60,0x14,0x60,0x14,0x60,0x14,0x60,0x14,0x60,0x14
.byte 0x1f,0x7c,0x1f,0x7c,0x1f,0x7c,0x60,0x14,0x60,0x14,0x60,0x14,0x60,0x14,0x60,0x14
.byte 0x82,0x02,0x02,0x03,0x60,0x14,0x1f,0x7c,0x1f,0x7c,0x1f,0x7c,0x1f,0x7c,0x1f,0x7c
.byte 0x1f,0x7c,0x1f,0x7c,0x1f,0x7c,0x60,0x14,0x60,0x14,0x60,0x14,0x60,0x14,0x60,0x14
.byte 0x41,0x02,0x82,0x02,0x82,0x02,0xe2,0x02,0x02,0x03,0x23,0x03,0x83,0x03,0x83,0x03
.byte 0xa2,0x02,0x60,0x14,0x1f,0x7c,0x1f,0x7c,0x1f,0x7c,0x1f,0x7c,0x1f,0x7c,0x1f,0x7c
.byte 0x1f,0x7c,0x1f,0x7c,0x1f,0x7c,0x1f,0x7c,0x60,0x14,0x60,0x14,0x60,0x14,0x60,0x14
.byte 0x60,0x14,0x60,0x14,0x60,0x14,0x60,0x14,0x60,0x14,0x60,0x14,0x60,0x14,0x41,0x02
.byte 0x82,0x02,0x01,0x02,0x60,0x14,0x1f,0x7c,0x1f,0x7c,0x1f,0x7c,0x1f,0x7c,0x1f,0x7c
.byte 0x1f,0x7c,0x1f,0x7c,0x60,0x14,0x60,0x14,0x60,0x14,0x60,0x14,0x21,0x02,0x82,0x02
.byte 0x21,0x02,0x60,0x14,0x60,0x14,0x1f,0x7c,0x1f,0x7c,0x1f,0x7c,0x1f,0x7c,0x1f,0x7c
.byte 0x1f,0x7c,0x1f,0x7c,0x1f,0x7c,0x1f,0x7c,0x60,0x14,0x41,0x02,0x83,0x03,0x83,0x03
.byte 0x83,0x03,0x83,0x03,0xe4,0x03,0xff,0x7f,0xff,0x7f,0xff,0x7f,0xff,0x7f,0xff,0x7f
.byte 0xff,0x7f,0xff,0x7f,0xff,0x7f,0xff,0x7f,0xff,0x7f,0xff,0x7f,0xa3,0x03,0x60,0x14
.byte 0x1f,0x7c,0x1f,0x7c,0x1f,0x7c,0x1f,0x7c,0x1f,0x7c,0x60,0x14,0x60,0x14,0x41,0x02
.byte 0x82,0x02,0xc2,0x02,0x02,0x03,0x02,0x03,0x02,0x03,0x83,0x03,0xff,0x7f,0xff,0x7f
.byte 0xff,0x7f,0xff,0x7f,0xff,0x7f,0x83,0x03,0x02,0x03,0x60,0x14,0x1f,0x7c,0x1f,0x7c
.byte 0x1f,0x7c,0x1f,0x7c,0x1f,0x7c,0x60,0x14,0x01,0x02,0x82,0x02,0xc2,0x02,0x02,0x03
.byte 0x83,0x03,0x23,0x03,0x60,0x14,0x1f,0x7c,0x60,0x14,0x01,0x02,0x82,0x02,0xc2,0x02
.byte 0xff,0x7f,0xff,0x7f,0xff,0x7f,0xa3,0x03,0x00,0x4d,0x60,0x14,0x1f,0x7c,0x1f,0x7c
.byte 0x1f,0x7c,0x1f,0x7c,0x1f,0x7c,0x1f,0x7c,0x60,0x14,0x21,0x02,0x83,0x03,0xff,0x7f
.byte 0xff,0x7f,0xff,0x7f,0xff,0x7f,0xff,0x7f,0xff,0x7f,0xff,0x7f,0xff,0x7f,0xff,0x7f
.byte 0xe4,0x03,0xe4,0x03,0xe2,0x02,0x00,0x4d,0x60,0x14,0x1f,0x7c,0x1f,0x7c,0x1f,0x7c
.byte 0x1f,0x7c,0x1f,0x7c,0x60,0x14,0x60,0x14,0x60,0x14,0x60,0x14,0x01,0x02,0x82,0x02
.byte 0x82,0x02,0x82,0x02,0xe2,0x02,0x02,0x03,0x43,0x03,0x83,0x03,0xff,0x7f,0xff,0x7f
.byte 0xff,0x7f,0xff,0x7f,0xe4,0x03,0x82,0x02,0x00,0x4d,0x60,0x14,0x1f,0x7c,0x1f,0x7c
.byte 0x1f,0x7c,0x60,0x14,0x60,0x14,0x60,0x14,0x21,0x02,0xe2,0x02,0x83,0x03,0xff,0x7f
.byte 0xff,0x7f,0xff,0x7f,0xe4,0x03,0x23,0x03,0x01,0x02,0x60,0x14,0x1f,0x7c,0x1f,0x7c
.byte 0x1f,0x7c,0x1f,0x7c,0x1f,0x7c,0x1f,0x7c,0x1f,0x7c,0x1f,0x7c,0x60,0x14,0x82,0x02
.byte 0xff,0x7f,0xff,0x7f,0xff,0x7f,0xff,0x7f,0xff,0x7f,0xe4,0x03,0xe4,0x03,0xe4,0x03
.byte 0xe4,0x03,0xe4,0x03,0xe4,0x03,0xe4,0x03,0xe4,0x03,0xe4,0x03,0xe4,0x03,0xe4,0x03
.byte 0x63,0x03,0x00,0x4d,0x60,0x14,0x1f,0x7c,0x1f,0x7c,0x1f,0x7c,0x60,0x14,0xe4,0x03
.byte 0xff,0x7f,0xff,0x7f,0xff,0x7f,0xff,0x7f,0xff,0x7f,0xff,0x7f,0xff,0x7f,0xff,0x7f
.byte 0xff,0x7f,0xe4,0x03,0xe4,0x03,0xe4,0x03,0xe4,0x03,0xe4,0x03,0x83,0x03,0x00,0x4d
.byte 0x60,0x14,0x1f,0x7c,0x1f,0x7c,0x1f,0x7c,0x1f,0x7c,0x60,0x14,0xc3,0x03,0xff,0x7f
.byte 0xff,0x7f,0xff,0x7f,0xff,0x7f,0x83,0x03,0x00,0x4d,0x60,0x14,0x60,0x14,0xe4,0x03
.byte 0xff,0x7f,0xff,0x7f,0xff,0x7f,0xe4,0x03,0xe4,0x03,0x63,0x03,0x00,0x4d,0x00,0x4d
.byte 0x60,0x14,0x1f,0x7c,0x1f,0x7c,0x1f,0x7c,0x1f,0x7c,0x1f,0x7c,0x60,0x14,0x43,0x03
.byte 0xff,0x7f,0xe4,0x03,0xe4,0x03,0xe4,0x03,0xe4,0x03,0xe4,0x03,0xe4,0x03,0xe4,0x03
.byte 0xe4,0x03,0xe4,0x03,0xe4,0x03,0xe4,0x03,0x21,0x02,0x00,0x4d,0x00,0x4d,0x60,0x14
.byte 0x1f,0x7c,0x1f,0x7c,0x1f,0x7c,0x60,0x14,0x83,0x03,0xe4,0x03,0xff,0x7f,0xff,0x7f
.byte 0xff,0x7f,0xff,0x7f,0xff,0x7f,0xff,0x7f,0xff,0x7f,0xff,0x7f,0xff,0x7f,0xff,0x7f
.byte 0xe4,0x03,0xe4,0x03,0xe4,0x03,0xe4,0x03,0xe4,0x03,0x82,0x02,0x00,0x4d,0x00,0x4d
.byte 0x60,0x14,0x1f,0x7c,0x60,0x14,0x01,0x02,0x02,0x03,0xc3,0x03,0xff,0x7f,0xff,0x7f
.byte 0xff,0x7f,0xe4,0x03,0xe4,0x03,0xe4,0x03,0xe4,0x03,0xe4,0x03,0xe4,0x03,0xa2,0x02
.byte 0x60,0x14,0x1f,0x7c,0x1f,0x7c,0x1f,0x7c,0x1f,0x7c,0x1f,0x7c,0x1f,0x7c,0x1f,0x7c
.byte 0x60,0x14,0x82,0x02,0xff,0x7f,0xe4,0x03,0xe4,0x03,0xe4,0x03,0xe4,0x03,0xe4,0x03
.byte 0xe4,0x03,0xe4,0x03,0xe4,0x03,0xe4,0x03,0xe4,0x03,0xe4,0x03,0xe4,0x03,0xe4,0x03
.byte 0xe4,0x03,0xe4,0x03,0xc2,0x02,0x00,0x4d,0x00,0x4d,0x60,0x14,0x1f,0x7c,0x60,0x14
.byte 0x82,0x02,0xff,0x7f,0xe4,0x03,0xe4,0x03,0xe4,0x03,0xe4,0x03,0xe4,0x03,0xe4,0x03
.byte 0xe4,0x03,0xe4,0x03,0xe4,0x03,0xe4,0x03,0xe4,0x03,0xe4,0x03,0xe4,0x03,0xe4,0x03
.byte 0xe4,0x03,0x00,0x4d,0x00,0x4d,0x60,0x14,0x1f,0x7c,0x1f,0x7c,0x1f,0x7c,0x60,0x14
.byte 0xff,0x7f,0xe4,0x03,0xe4,0x03,0xe4,0x03,0xe4,0x03,0x02,0x03,0x00,0x4d,0x00,0x4d
.byte 0x60,0x14,0x43,0x03,0xe4,0x03,0xe4,0x03,0xe4,0x03,0xe4,0x03,0xe4,0x03,0x02,0x03
.byte 0xa0,0x30,0x00,0x4d,0x60,0x14,0x1f,0x7c,0x1f,0x7c,0x1f,0x7c,0x1f,0x7c,0x60,0x14
.byte 0x21,0x02,0xff,0x7f,0xe4,0x03,0xe4,0x03,0xe4,0x03,0xe4,0x03,0xe4,0x03,0xe4,0x03
.byte 0xe4,0x03,0xe4,0x03,0xe4,0x03,0xe4,0x03,0xe4,0x03,0xa3,0x03,0xa0,0x30,0xa0,0x30
.byte 0x00,0x4d,0x60,0x14,0x1f,0x7c,0x1f,0x7c,0x1f,0x7c,0x60,0x14,0x83,0x03,0xff,0x7f
.byte 0xe4,0x03,0xe4,0x03,0xe4,0x03,0xe4,0x03,0xe4,0x03,0xe4,0x03,0xe4,0x03,0xe4,0x03
.byte 0xe4,0x03,0xe4,0x03,0xe4,0x03,0xe4,0x03,0xe4,0x03,0xe4,0x03,0xe4,0x03,0x21,0x02
.byte 0xa0,0x30,0x00,0x4d,0x60,0x14,0x1f,0x7c,0x60,0x14,0x82,0x02,0xe4,0x03,0xff,0x7f
.byte 0xe4,0x03,0xe4,0x03,0xe4,0x03,0xe4,0x03,0xe4,0x03,0xe4,0x03,0xe4,0x03,0xe4,0x03
.byte 0xe4,0x03,0xe4,0x03,0x02,0x03,0x60,0x14,0x1f,0x7c,0x1f,0x7c,0x1f,0x7c,0x1f,0x7c
.byte 0x1f,0x7c,0x1f,0x7c,0x60,0x14,0x82,0x02,0xe4,0x03,0xe4,0x03,0xe4,0x03,0xe4,0x03
.byte 0xe4,0x03,0xe4,0x03,0xe4,0x03,0xe4,0x03,0x83,0x03,0x83,0x03,0x83,0x03,0xe4,0x03
.byte 0xe4,0x03,0xe4,0x03,0xe4,0x03,0xe4,0x03,0x01,0x02,0xa0,0x30,0x00,0x4d,0x60,0x14
.byte 0x1f,0x7c,0x60,0x14,0x82,0x02,0xe4,0x03,0xe4,0x03,0xe4,0x03,0xe4,0x03,0xe4,0x03
.byte 0xe4,0x03,0xe4,0x03,0xe4,0x03,0xe4,0x03,0xe4,0x03,0xe4,0x03,0xe4,0x03,0xe4,0x03
.byte 0xe4,0x03,0xe4,0x03,0x83,0x03,0xa0,0x30,0x00,0x4d,0x60,0x14,0x1f,0x7c,0x1f,0x7c
.byte 0x1f,0x7c,0x60,0x14,0xe4,0x03,0xe4,0x03,0xe4,0x03,0xe4,0x03,0xe4,0x03,0xe2,0x02
.byte 0xa0,0x30,0x00,0x4d,0x60,0x14,0xa2,0x02,0xe4,0x03,0xe4,0x03,0xe4,0x03,0xe4,0x03
.byte 0xe4,0x03,0x02,0x03,0xa0,0x30,0xa0,0x30,0x60,0x14,0x1f,0x7c,0x1f,0x7c,0x1f,0x7c
.byte 0x1f,0x7c,0x60,0x14,0x43,0x03,0xe4,0x03,0xe4,0x03,0xe4,0x03,0xe4,0x03,0xe4,0x03
.byte 0xe4,0x03,0x83,0x03,0xc3,0x03,0xe4,0x03,0xe4,0x03,0xe4,0x03,0xe4,0x03,0x23,0x03
.byte 0xa0,0x30,0xa0,0x30,0xa0,0x30,0x60,0x14,0x1f,0x7c,0x1f,0x7c,0x1f,0x7c,0x60,0x14
.byte 0x83,0x03,0xe4,0x03,0xe4,0x03,0xe4,0x03,0xe4,0x03,0xe4,0x03,0xe4,0x03,0xe4,0x03
.byte 0xe4,0x03,0xe4,0x03,0xe4,0x03,0xe4,0x03,0xe4,0x03,0xe4,0x03,0xe4,0x03,0xe4,0x03
.byte 0xc3,0x03,0xa0,0x30,0xa0,0x30,0xa0,0x30,0x60,0x14,0x1f,0x7c,0x60,0x14,0x21,0x02
.byte 0xe4,0x03,0xe4,0x03,0xe4,0x03,0xe4,0x03,0xe4,0x03,0xe4,0x03,0xe4,0x03,0xe4,0x03
.byte 0xe4,0x03,0xe4,0x03,0xe4,0x03,0xe4,0x03,0xe4,0x03,0x02,0x03,0x60,0x14,0x1f,0x7c
.byte 0x1f,0x7c,0x1f,0x7c,0x1f,0x7c,0x1f,0x7c,0x60,0x14,0x82,0x02,0xe4,0x03,0xe4,0x03
.byte 0xe4,0x03,0xe4,0x03,0xa3,0x03,0xa2,0x02,0x21,0x02,0xa0,0x30,0xa0,0x30,0xa0,0x30
.byte 0xa0,0x30,0xe4,0x03,0xe4,0x03,0xe4,0x03,0xe4,0x03,0x63,0x03,0xa0,0x30,0xa0,0x30
.byte 0xa0,0x30,0x60,0x14,0x1f,0x7c,0x60,0x14,0x82,0x02,0xe4,0x03,0xe4,0x03,0xe4,0x03
.byte 0xe4,0x03,0xe4,0x03,0x82,0x02,0x02,0x03,0x83,0x03,0xe4,0x03,0xe4,0x03,0xe4,0x03
.byte 0xe4,0x03,0xe4,0x03,0xe4,0x03,0xe4,0x03,0x83,0x03,0xa0,0x30,0xa0,0x30,0x60,0x14
.byte 0x1f,0x7c,0x1f,0x7c,0x1f,0x7c,0x60,0x14,0xe4,0x03,0xe4,0x03,0xe4,0x03,0xe4,0x03
.byte 0xe4,0x03,0x82,0x02,0xa0,0x30,0xa0,0x30,0x60,0x14,0x60,0x14,0xe4,0x03,0xe4,0x03
.byte 0xe4,0x03,0xe4,0x03,0xe4,0x03,0xc2,0x02,0xa0,0x30,0xa0,0x30,0x60,0x14,0x1f,0x7c
.byte 0x1f,0x7c,0x1f,0x7c,0x60,0x14,0x21,0x02,0xe4,0x03,0xe4,0x03,0xe4,0x03,0xe4,0x03
.byte 0xe4,0x03,0xe4,0x03,0xa3,0x03,0xa0,0x30,0xa0,0x30,0x21,0x02,0xe2,0x02,0xc3,0x03
.byte 0xe4,0x03,0x41,0x02,0xa0,0x30,0xa0,0x30,0x60,0x14,0x1f,0x7c,0x1f,0x7c,0x1f,0x7c
.byte 0x1f,0x7c,0x60,0x14,0xc3,0x03,0xe4,0x03,0xe4,0x03,0xe4,0x03,0xe4,0x03,0xa3,0x03
.byte 0x82,0x02,0x82,0x02,0xa2,0x02,0x02,0x03,0x63,0x03,0xe4,0x03,0xe4,0x03,0xe4,0x03
.byte 0xe4,0x03,0xe4,0x03,0x43,0x03,0xa0,0x30,0xa0,0x30,0xa0,0x30,0x60,0x14,0x1f,0x7c
.byte 0x1f,0x7c,0x60,0x14,0xe4,0x03,0xe4,0x03,0xe4,0x03,0xe4,0x03,0xe4,0x03,0x63,0x03
.byte 0xa2,0x02,0xa3,0x03,0xe4,0x03,0xe4,0x03,0xe4,0x03,0xe4,0x03,0xe4,0x03,0xe4,0x03
.byte 0xc2,0x02,0x60,0x14,0x1f,0x7c,0x1f,0x7c,0x1f,0x7c,0x1f,0x7c,0x60,0x14,0x82,0x02
.byte 0xe4,0x03,0xe4,0x03,0xe4,0x03,0xe4,0x03,0x02,0x03,0x00,0x4d,0xa0,0x30,0xa0,0x30
.byte 0xa0,0x30,0xa0,0x30,0xa2,0x02,0xe4,0x03,0xe4,0x03,0xe4,0x03,0xe4,0x03,0xc2,0x02
.byte 0xa0,0x30,0xa0,0x30,0xa0,0x30,0x60,0x14,0x1f,0x7c,0x60,0x14,0x82,0x02,0xe4,0x03
.byte 0xe4,0x03,0xe4,0x03,0xe4,0x03,0xa3,0x03,0x00,0x4d,0xa0,0x30,0xa0,0x30,0xa0,0x30
.byte 0xa2,0x02,0x63,0x03,0xe4,0x03,0xe4,0x03,0xe4,0x03,0xe4,0x03,0x83,0x03,0xa0,0x30
.byte 0xa0,0x30,0x60,0x14,0x1f,0x7c,0x1f,0x7c,0x1f,0x7c,0x60,0x14,0xe4,0x03,0xe4,0x03
.byte 0xe4,0x03,0xe4,0x03,0xe4,0x03,0x82,0x02,0xa0,0x30,0xa0,0x30,0x60,0x14,0x60,0x14
.byte 0x43,0x03,0xe4,0x03,0xe4,0x03,0xe4,0x03,0xe4,0x03,0x82,0x02,0xa0,0x30,0xa0,0x30
.byte 0x60,0x14,0x1f,0x7c,0x1f,0x7c,0x1f,0x7c,0x60,0x14,0x63,0x03,0xe4,0x03,0xe4,0x03
.byte 0xe4,0x03,0xe4,0x03,0xe4,0x03,0xe4,0x03,0xe4,0x03,0xa3,0x03,0x21,0x02,0xa0,0x30
.byte 0xa0,0x30,0xa0,0x30,0x41,0x02,0xa0,0x30,0xa0,0x30,0xa0,0x30,0x60,0x14,0x1f,0x7c
.byte 0x1f,0x7c,0x1f,0x7c,0x1f,0x7c,0x60,0x14,0xe4,0x03,0xe4,0x03,0xe4,0x03,0xe4,0x03
.byte 0xe4,0x03,0x02,0x03,0x00,0x4d,0xa0,0x30,0xa0,0x30,0xa0,0x30,0xa0,0x30,0xa0,0x30
.byte 0x41,0x02,0x43,0x03,0xe4,0x03,0xe4,0x03,0xc2,0x02,0xa0,0x30,0xa0,0x30,0x60,0x14
.byte 0x1f,0x7c,0x1f,0x7c,0x1f,0x7c,0x60,0x14,0xe4,0x03,0xe4,0x03,0xe4,0x03,0xe4,0x03
.byte 0xe4,0x03,0x00,0x4d,0xa0,0x30,0xa0,0x30,0x43,0x03,0xe4,0x03,0xe4,0x03,0xe4,0x03
.byte 0xe4,0x03,0xe4,0x03,0xe4,0x03,0x01,0x02,0x60,0x14,0x1f,0x7c,0x1f,0x7c,0x1f,0x7c
.byte 0x60,0x14,0xc2,0x02,0xe4,0x03,0xe4,0x03,0xe4,0x03,0xe4,0x03,0x02,0x03,0x00,0x4d
.byte 0x00,0x4d,0xa0,0x30,0xa0,0x30,0x60,0x14,0xc3,0x03,0xe4,0x03,0xe4,0x03,0xe4,0x03
.byte 0xe4,0x03,0x01,0x02,0xa0,0x30,0xa0,0x30,0x60,0x14,0x1f,0x7c,0x1f,0x7c,0x60,0x14
.byte 0x82,0x02,0xe4,0x03,0xe4,0x03,0xe4,0x03,0xe4,0x03,0x63,0x03,0x00,0x4d,0x00,0x4d
.byte 0xa0,0x30,0xa0,0x30,0xa0,0x30,0x82,0x02,0xe4,0x03,0xe4,0x03,0xe4,0x03,0xe4,0x03
.byte 0x83,0x03,0xa0,0x30,0xa0,0x30,0x60,0x14,0x1f,0x7c,0x1f,0x7c,0x1f,0x7c,0x60,0x14
.byte 0xe4,0x03,0xe4,0x03,0xe4,0x03,0xe4,0x03,0xe4,0x03,0x41,0x02,0xa0,0x30,0xa0,0x30
.byte 0x60,0x14,0x60,0x14,0x02,0x03,0xe4,0x03,0xe4,0x03,0xe4,0x03,0xe4,0x03,0x82,0x02
.byte 0xa0,0x30,0xa0,0x30,0x60,0x14,0x1f,0x7c,0x1f,0x7c,0x1f,0x7c,0x60,0x14,0x41,0x02
.byte 0xc2,0x02,0x63,0x03,0xe4,0x03,0xe4,0x03,0xe4,0x03,0xe4,0x03,0xe4,0x03,0xe4,0x03
.byte 0xe4,0x03,0xa2,0x02,0x60,0x14,0xa0,0x30,0xa0,0x30,0xa0,0x30,0xa0,0x30,0xa0,0x30
.byte 0x60,0x14,0x1f,0x7c,0x1f,0x7c,0x1f,0x7c,0x1f,0x7c,0x60,0x14,0xe4,0x03,0xe4,0x03
.byte 0xe4,0x03,0xe4,0x03,0xe4,0x03,0xa2,0x02,0x00,0x4d,0x00,0x4d,0xa0,0x30,0xa0,0x30
.byte 0xa0,0x30,0xa0,0x30,0xa0,0x30,0xa0,0x30,0x21,0x02,0x63,0x03,0x21,0x02,0xa0,0x30
.byte 0xa0,0x30,0x60,0x14,0x1f,0x7c,0x1f,0x7c,0x1f,0x7c,0x60,0x14,0xe4,0x03,0xe4,0x03
.byte 0xe4,0x03,0xe4,0x03,0x43,0x03,0x00,0x4d,0x00,0x4d,0xa0,0x30,0xa0,0x30,0x63,0x03
.byte 0xe4,0x03,0xe4,0x03,0xe4,0x03,0xe4,0x03,0xe4,0x03,0x02,0x03,0x00,0x4d,0x60,0x14
.byte 0x1f,0x7c,0x1f,0x7c,0x60,0x14,0x02,0x03,0xe4,0x03,0xe4,0x03,0xe4,0x03,0xe4,0x03
.byte 0xa2,0x02,0xa0,0x30,0x00,0x4d,0x60,0x14,0x60,0x14,0xe2,0x02,0xe4,0x03,0xe4,0x03
.byte 0xe4,0x03,0xe4,0x03,0x43,0x03,0xa0,0x30,0xa0,0x30,0xa0,0x30,0x60,0x14,0x1f,0x7c
.byte 0x1f,0x7c,0x60,0x14,0xc2,0x02,0xe4,0x03,0xe4,0x03,0xe4,0x03,0xe4,0x03,0x02,0x03
.byte 0xa0,0x30,0x00,0x4d,0x60,0x14,0x60,0x14,0x60,0x14,0x82,0x02,0xe4,0x03,0xe4,0x03
.byte 0xe4,0x03,0xe4,0x03,0x83,0x03,0xa0,0x30,0xa0,0x30,0x60,0x14,0x1f,0x7c,0x1f,0x7c
.byte 0x1f,0x7c,0x60,0x14,0xe4,0x03,0xe4,0x03,0xe4,0x03,0xe4,0x03,0xe4,0x03,0xa0,0x30
.byte 0xa0,0x30,0xa0,0x30,0x60,0x14,0x60,0x14,0xa2,0x02,0xe4,0x03,0xe4,0x03,0xe4,0x03
.byte 0xe4,0x03,0x82,0x02,0xa0,0x30,0xa0,0x30,0x60,0x14,0x1f,0x7c,0x1f,0x7c,0x1f,0x7c
.byte 0x1f,0x7c,0x60,0x14,0x60,0x14,0xa0,0x30,0x21,0x02,0x43,0x03,0xe4,0x03,0xe4,0x03
.byte 0xe4,0x03,0xe4,0x03,0xe4,0x03,0xe4,0x03,0xc2,0x02,0x60,0x14,0x60,0x14,0x60,0x14
.byte 0xa0,0x30,0x60,0x14,0x1f,0x7c,0x1f,0x7c,0x1f,0x7c,0x1f,0x7c,0x1f,0x7c,0x60,0x14
.byte 0xe4,0x03,0xe4,0x03,0xe4,0x03,0xe4,0x03,0xe4,0x03,0x82,0x02,0xa0,0x30,0x00,0x4d
.byte 0x41,0x02,0x23,0x03,0xff,0x7f,0x43,0x03,0x60,0x14,0x60,0x14,0xa0,0x30,0xa0,0x30
.byte 0xa0,0x30,0xa0,0x30,0xa0,0x30,0x60,0x14,0x1f,0x7c,0x1f,0x7c,0x1f,0x7c,0x60,0x14
.byte 0xe4,0x03,0xe4,0x03,0xe4,0x03,0xe4,0x03,0x02,0x03,0xa0,0x30,0x00,0x4d,0x60,0x14
.byte 0x60,0x14,0x01,0x02,0xc3,0x03,0xe4,0x03,0xe4,0x03,0xe4,0x03,0xe4,0x03,0xc3,0x03
.byte 0x00,0x4d,0x00,0x4d,0x60,0x14,0x1f,0x7c,0x60,0x14,0x02,0x03,0xe4,0x03,0xe4,0x03
.byte 0xe4,0x03,0xe4,0x03,0x82,0x02,0xa0,0x30,0xa0,0x30,0x60,0x14,0x82,0x02,0xe4,0x03
.byte 0xe4,0x03,0xe4,0x03,0xe4,0x03,0xe4,0x03,0x41,0x02,0xa0,0x30,0xa0,0x30,0xa0,0x30
.byte 0x60,0x14,0x1f,0x7c,0x1f,0x7c,0x60,0x14,0x23,0x03,0xe4,0x03,0xe4,0x03,0xe4,0x03
.byte 0xe4,0x03,0x82,0x02,0xa0,0x30,0xa0,0x30,0x60,0x14,0x1f,0x7c,0x60,0x14,0x41,0x02
.byte 0xe4,0x03,0xe4,0x03,0xe4,0x03,0xe4,0x03,0x83,0x03,0xa0,0x30,0xa0,0x30,0x60,0x14
.byte 0x1f,0x7c,0x1f,0x7c,0x60,0x14,0x01,0x02,0xe4,0x03,0xe4,0x03,0xe4,0x03,0xe4,0x03
.byte 0xe4,0x03,0xa0,0x30,0xa0,0x30,0xa0,0x30,0x60,0x14,0x60,0x14,0x82,0x02,0xe4,0x03
.byte 0xe4,0x03,0xe4,0x03,0xe4,0x03,0x82,0x02,0xa0,0x30,0xa0,0x30,0x60,0x14,0x1f,0x7c
.byte 0x1f,0x7c,0x1f,0x7c,0x1f,0x7c,0x1f,0x7c,0x60,0x14,0xa0,0x30,0xa0,0x30,0xa0,0x30
.byte 0x82,0x02,0xe4,0x03,0xe4,0x03,0xe4,0x03,0xe4,0x03,0xe4,0x03,0xe4,0x03,0xc2,0x02
.byte 0x60,0x14,0x1f,0x7c,0x60,0x14,0x1f,0x7c,0x1f,0x7c,0x1f,0x7c,0x1f,0x7c,0x1f,0x7c
.byte 0x1f,0x7c,0x60,0x14,0xe4,0x03,0xe4,0x03,0xe4,0x03,0xe4,0x03,0xe4,0x03,0xa3,0x03
.byte 0xff,0x7f,0xff,0x7f,0xff,0x7f,0xff,0x7f,0xe4,0x03,0x83,0x03,0x00,0x4d,0x60,0x14
.byte 0x60,0x14,0x60,0x14,0xa0,0x30,0xa0,0x30,0xa0,0x30,0x60,0x14,0x1f,0x7c,0x1f,0x7c
.byte 0x1f,0x7c,0x60,0x14,0xe4,0x03,0xe4,0x03,0xe4,0x03,0xe4,0x03,0xc2,0x02,0xa0,0x30
.byte 0xa0,0x30,0x60,0x14,0x1f,0x7c,0x60,0x14,0xc2,0x02,0xe4,0x03,0xe4,0x03,0xe4,0x03
.byte 0xe4,0x03,0xe4,0x03,0x41,0x02,0x00,0x4d,0x60,0x14,0x1f,0x7c,0x60,0x14,0x02,0x03
.byte 0xe4,0x03,0xe4,0x03,0xe4,0x03,0xe4,0x03,0x82,0x02,0xa0,0x30,0xa0,0x30,0x02,0x03
.byte 0xe4,0x03,0xff,0x7f,0xe4,0x03,0xe4,0x03,0xe4,0x03,0x83,0x03,0xa0,0x30,0xa0,0x30
.byte 0xa0,0x30,0x60,0x14,0x1f,0x7c,0x1f,0x7c,0x1f,0x7c,0x60,0x14,0xa3,0x03,0xe4,0x03
.byte 0xe4,0x03,0xe4,0x03,0xe4,0x03,0x01,0x02,0xa0,0x30,0xa0,0x30,0x60,0x14,0x1f,0x7c
.byte 0x60,0x14,0xc2,0x02,0xe4,0x03,0xe4,0x03,0xe4,0x03,0xe4,0x03,0x83,0x03,0xa0,0x30
.byte 0xa0,0x30,0x60,0x14,0x1f,0x7c,0x1f,0x7c,0x60,0x14,0x82,0x02,0xe4,0x03,0xe4,0x03
.byte 0xe4,0x03,0xe4,0x03,0xe4,0x03,0xa0,0x30,0xa0,0x30,0x60,0x14,0x1f,0x7c,0x60,0x14
.byte 0x41,0x02,0xe4,0x03,0xe4,0x03,0xe4,0x03,0xe4,0x03,0x82,0x02,0xa0,0x30,0xa0,0x30
.byte 0x60,0x14,0x1f,0x7c,0x1f,0x7c,0x1f,0x7c,0x1f,0x7c,0x1f,0x7c,0x1f,0x7c,0x60,0x14
.byte 0x60,0x14,0x60,0x14,0xa0,0x30,0x41,0x02,0xe4,0x03,0xe4,0x03,0xe4,0x03,0xe4,0x03
.byte 0xe4,0x03,0xe4,0x03,0xc2,0x02,0x60,0x14,0x1f,0x7c,0x1f,0x7c,0x1f,0x7c,0x1f,0x7c
.byte 0x1f,0x7c,0x1f,0x7c,0x1f,0x7c,0x60,0x14,0xe4,0x03,0xe4,0x03,0xe4,0x03,0xe4,0x03
.byte 0xe4,0x03,0xe4,0x03,0xe4,0x03,0xe4,0x03,0xe4,0x03,0xe4,0x03,0xe4,0x03,0x43,0x03
.byte 0x00,0x4d,0x00,0x4d,0x60,0x14,0x1f,0x7c,0x60,0x14,0x60,0x14,0x60,0x14,0x1f,0x7c
.byte 0x1f,0x7c,0x1f,0x7c,0x1f,0x7c,0x60,0x14,0xe4,0x03,0xe4,0x03,0xe4,0x03,0xe4,0x03
.byte 0x82,0x02,0xa0,0x30,0xa0,0x30,0x60,0x14,0x1f,0x7c,0x1f,0x7c,0x60,0x14,0xe4,0x03
.byte 0xe4,0x03,0xe4,0x03,0xe4,0x03,0xe4,0x03,0x82,0x02,0xa0,0x30,0x60,0x14,0x1f,0x7c
.byte 0x60,0x14,0x02,0x03,0xe4,0x03,0xe4,0x03,0xe4,0x03,0xe4,0x03,0xe2,0x02,0xc2,0x02
.byte 0x83,0x03,0xe4,0x03,0xff,0x7f,0xe4,0x03,0xe4,0x03,0xe4,0x03,0xe4,0x03,0x41,0x02
.byte 0xa0,0x30,0xa0,0x30,0xa0,0x30,0x60,0x14,0x1f,0x7c,0x1f,0x7c,0x60,0x14,0x21,0x02
.byte 0xe4,0x03,0xe4,0x03,0xe4,0x03,0xe4,0x03,0xe4,0x03,0xa0,0x30,0xa0,0x30,0xa0,0x30
.byte 0x60,0x14,0x60,0x14,0x60,0x14,0x43,0x03,0xe4,0x03,0xe4,0x03,0xe4,0x03,0xe4,0x03
.byte 0x83,0x03,0xa0,0x30,0xa0,0x30,0x60,0x14,0x1f,0x7c,0x1f,0x7c,0x60,0x14,0x82,0x02
.byte 0xe4,0x03,0xe4,0x03,0xe4,0x03,0xe4,0x03,0xe4,0x03,0xa0,0x30,0xa0,0x30,0x60,0x14
.byte 0x1f,0x7c,0x1f,0x7c,0x60,0x14,0xe4,0x03,0xe4,0x03,0xe4,0x03,0xe4,0x03,0x82,0x02
.byte 0xa0,0x30,0xa0,0x30,0x60,0x14,0x1f,0x7c,0x1f,0x7c,0x1f,0x7c,0x1f,0x7c,0x1f,0x7c
.byte 0x1f,0x7c,0x1f,0x7c,0x1f,0x7c,0x1f,0x7c,0x60,0x14,0x60,0x14,0x41,0x02,0xe4,0x03
.byte 0xe4,0x03,0xe4,0x03,0xe4,0x03,0xe4,0x03,0xe4,0x03,0x41,0x02,0x60,0x14,0xc1,0x01
.byte 0x1f,0x7c,0x1f,0x7c,0x1f,0x7c,0x1f,0x7c,0x1f,0x7c,0x60,0x14,0xe4,0x03,0xe4,0x03
.byte 0xe4,0x03,0xe4,0x03,0xe4,0x03,0xe4,0x03,0xe4,0x03,0xe4,0x03,0xe4,0x03,0xe4,0x03
.byte 0xe4,0x03,0xc2,0x02,0xa0,0x30,0x00,0x4d,0x60,0x14,0x1f,0x7c,0x60,0x14,0x1f,0x7c
.byte 0x1f,0x7c,0x1f,0x7c,0x1f,0x7c,0x1f,0x7c,0x1f,0x7c,0x60,0x14,0xe4,0x03,0xe4,0x03
.byte 0xe4,0x03,0xe4,0x03,0x82,0x02,0xa0,0x30,0xa0,0x30,0x60,0x14,0x1f,0x7c,0x1f,0x7c
.byte 0x60,0x14,0x23,0x03,0xe4,0x03,0xe4,0x03,0xe4,0x03,0xe4,0x03,0x02,0x03,0xa0,0x30
.byte 0xa0,0x30,0x60,0x14,0x60,0x14,0x02,0x03,0xe4,0x03,0xe4,0x03,0xe4,0x03,0xe4,0x03
.byte 0xff,0x7f,0xff,0x7f,0xff,0x7f,0xff,0x7f,0xe4,0x03,0xe4,0x03,0xe4,0x03,0xe4,0x03
.byte 0xc2,0x02,0xa0,0x30,0xa0,0x30,0xa0,0x30,0x60,0x14,0x1f,0x7c,0x1f,0x7c,0x1f,0x7c
.byte 0x60,0x14,0x02,0x03,0xe4,0x03,0xe4,0x03,0xe4,0x03,0xe4,0x03,0xa3,0x03,0xa0,0x30
.byte 0xa0,0x30,0xa0,0x30,0x01,0x02,0xc2,0x02,0x43,0x03,0xff,0x7f,0xe4,0x03,0xe4,0x03
.byte 0xe4,0x03,0xe4,0x03,0x83,0x03,0xa0,0x30,0xa0,0x30,0x60,0x14,0x1f,0x7c,0x1f,0x7c
.byte 0x60,0x14,0x82,0x02,0xe4,0x03,0xe4,0x03,0xe4,0x03,0xe4,0x03,0x83,0x03,0xa0,0x30
.byte 0xa0,0x30,0x60,0x14,0x1f,0x7c,0x1f,0x7c,0x60,0x14,0xe4,0x03,0xe4,0x03,0xe4,0x03
.byte 0xe4,0x03,0x82,0x02,0xa0,0x30,0xa0,0x30,0x60,0x14,0x1f,0x7c,0x1f,0x7c,0x1f,0x7c
.byte 0x1f,0x7c,0x1f,0x7c,0x1f,0x7c,0x1f,0x7c,0x1f,0x7c,0x1f,0x7c,0x1f,0x7c,0x1f,0x7c
.byte 0x60,0x14,0xc2,0x02,0xe4,0x03,0xe4,0x03,0xe4,0x03,0xe4,0x03,0xe4,0x03,0xa3,0x03
.byte 0x01,0x02,0x60,0x14,0x1f,0x7c,0x1f,0x7c,0x1f,0x7c,0x1f,0x7c,0x1f,0x7c,0x60,0x14
.byte 0xe4,0x03,0xe4,0x03,0xe4,0x03,0xe4,0x03,0xe4,0x03,0xe4,0x03,0xe4,0x03,0xe4,0x03
.byte 0xe4,0x03,0xe4,0x03,0xe4,0x03,0x21,0x02,0xa0,0x30,0xa0,0x30,0x60,0x14,0x60,0x14
.byte 0x01,0x02,0x60,0x14,0x1f,0x7c,0x1f,0x7c,0x1f,0x7c,0x1f,0x7c,0x60,0x14,0x82,0x02
.byte 0xe4,0x03,0xe4,0x03,0xe4,0x03,0xe4,0x03,0x82,0x02,0xa0,0x30,0xa0,0x30,0x60,0x14
.byte 0x1f,0x7c,0x1f,0x7c,0x60,0x14,0xa2,0x02,0xe4,0x03,0xe4,0x03,0xe4,0x03,0xe4,0x03
.byte 0x02,0x03,0xa0,0x30,0xa0,0x30,0x60,0x14,0x60,0x14,0x02,0x03,0xe4,0x03,0xe4,0x03
.byte 0xe4,0x03,0xe4,0x03,0xe4,0x03,0xe4,0x03,0xe4,0x03,0xe4,0x03,0xe4,0x03,0xe4,0x03
.byte 0x23,0x03,0x01,0x02,0xa0,0x30,0xa0,0x30,0xa0,0x30,0xa0,0x30,0x60,0x14,0x1f,0x7c
.byte 0x1f,0x7c,0x1f,0x7c,0x60,0x14,0xc3,0x03,0xe4,0x03,0xe4,0x03,0xe4,0x03,0xe4,0x03
.byte 0xe4,0x03,0xff,0x7f,0xff,0x7f,0xff,0x7f,0xff,0x7f,0xff,0x7f,0xff,0x7f,0xe4,0x03
.byte 0xe4,0x03,0xe4,0x03,0xe4,0x03,0xe4,0x03,0x83,0x03,0xa0,0x30,0xa0,0x30,0x60,0x14
.byte 0x1f,0x7c,0x1f,0x7c,0x60,0x14,0x82,0x02,0xe4,0x03,0xe4,0x03,0xe4,0x03,0xe4,0x03
.byte 0x83,0x03,0xa0,0x30,0xa0,0x30,0x60,0x14,0x1f,0x7c,0x1f,0x7c,0x60,0x14,0xe4,0x03
.byte 0xe4,0x03,0xe4,0x03,0xe4,0x03,0x01,0x02,0xa0,0x30,0xa0,0x30,0x60,0x14,0x1f,0x7c
.byte 0x1f,0x7c,0x1f,0x7c,0x1f,0x7c,0x60,0x14,0x1f,0x7c,0x1f,0x7c,0x1f,0x7c,0x1f,0x7c
.byte 0x1f,0x7c,0x1f,0x7c,0x1f,0x7c,0x60,0x14,0x43,0x03,0xe4,0x03,0xe4,0x03,0xe4,0x03
.byte 0xe4,0x03,0xe4,0x03,0x02,0x03,0x00,0x4d,0x60,0x14,0x1f,0x7c,0x1f,0x7c,0x1f,0x7c
.byte 0x1f,0x7c,0x60,0x14,0xe4,0x03,0xe4,0x03,0xe4,0x03,0xe4,0x03,0xe4,0x03,0x83,0x03
.byte 0x02,0x03,0x02,0x03,0x63,0x03,0xe4,0x03,0xc3,0x03,0xa0,0x30,0xa0,0x30,0xa0,0x30
.byte 0x60,0x14,0xc2,0x02,0x83,0x03,0x00,0x4d,0x60,0x14,0x1f,0x7c,0x1f,0x7c,0x1f,0x7c
.byte 0x60,0x14,0x82,0x02,0xe4,0x03,0xe4,0x03,0xe4,0x03,0xe4,0x03,0x82,0x02,0xa0,0x30
.byte 0xa0,0x30,0x60,0x14,0x1f,0x7c,0x1f,0x7c,0x60,0x14,0x01,0x02,0xe4,0x03,0xe4,0x03
.byte 0xe4,0x03,0xe4,0x03,0x43,0x03,0xa0,0x30,0xa0,0x30,0x60,0x14,0x60,0x14,0x02,0x03
.byte 0xe4,0x03,0xe4,0x03,0xe4,0x03,0xe4,0x03,0xe4,0x03,0xe4,0x03,0xe4,0x03,0xe4,0x03
.byte 0x83,0x03,0x41,0x02,0xa0,0x30,0xa0,0x30,0xa0,0x30,0xa0,0x30,0xa0,0x30,0x60,0x14
.byte 0x1f,0x7c,0x1f,0x7c,0x1f,0x7c,0x60,0x14,0x41,0x02,0xe4,0x03,0xe4,0x03,0xe4,0x03
.byte 0xe4,0x03,0xe4,0x03,0xe4,0x03,0xe4,0x03,0xe4,0x03,0xe4,0x03,0xe4,0x03,0xe4,0x03
.byte 0xe4,0x03,0xe4,0x03,0xe4,0x03,0xe4,0x03,0xe4,0x03,0xe4,0x03,0x02,0x03,0xa0,0x30
.byte 0xa0,0x30,0x60,0x14,0x1f,0x7c,0x1f,0x7c,0x60,0x14,0x82,0x02,0xe4,0x03,0xe4,0x03
.byte 0xe4,0x03,0xe4,0x03,0xa3,0x03,0xa0,0x30,0xa0,0x30,0x60,0x14,0x1f,0x7c,0x60,0x14
.byte 0x60,0x14,0xe4,0x03,0xe4,0x03,0xe4,0x03,0xe4,0x03,0xa0,0x30,0xa0,0x30,0xa0,0x30
.byte 0x60,0x14,0x1f,0x7c,0x1f,0x7c,0x1f,0x7c,0x60,0x14,0x01,0x02,0x60,0x14,0x60,0x14
.byte 0x60,0x14,0x1f,0x7c,0x1f,0x7c,0x1f,0x7c,0x1f,0x7c,0x60,0x14,0x21,0x02,0xe4,0x03
.byte 0xe4,0x03,0xe4,0x03,0xe4,0x03,0xe4,0x03,0xe4,0x03,0x21,0x02,0x00,0x4d,0x60,0x14
.byte 0x1f,0x7c,0x1f,0x7c,0x1f,0x7c,0x60,0x14,0xe4,0x03,0xe4,0x03,0xe4,0x03,0xe4,0x03
.byte 0x83,0x03,0x00,0x4d,0xa0,0x30,0xa0,0x30,0xa0,0x30,0x21,0x02,0xe2,0x02,0xa0,0x30
.byte 0xa0,0x30,0xa0,0x30,0xe2,0x02,0xe4,0x03,0x02,0x03,0x00,0x4d,0x00,0x4d,0x60,0x14
.byte 0x1f,0x7c,0x1f,0x7c,0x60,0x14,0xc2,0x02,0xe4,0x03,0xe4,0x03,0xe4,0x03,0xe4,0x03
.byte 0x82,0x02,0xa0,0x30,0xa0,0x30,0x60,0x14,0x1f,0x7c,0x1f,0x7c,0x60,0x14,0x01,0x02
.byte 0xe4,0x03,0xe4,0x03,0xe4,0x03,0xe4,0x03,0x83,0x03,0xa0,0x30,0xa0,0x30,0x60,0x14
.byte 0x60,0x14,0x43,0x03,0xe4,0x03,0xe4,0x03,0xe4,0x03,0xe4,0x03,0xe4,0x03,0xe4,0x03
.byte 0x83,0x03,0x82,0x02,0xa0,0x30,0xa0,0x30,0xa0,0x30,0xa0,0x30,0xa0,0x30,0xa0,0x30
.byte 0x60,0x14,0x1f,0x7c,0x1f,0x7c,0x1f,0x7c,0x1f,0x7c,0x60,0x14,0x23,0x03,0xe4,0x03
.byte 0xe4,0x03,0xe4,0x03,0xe4,0x03,0xe4,0x03,0xe4,0x03,0xe4,0x03,0xe4,0x03,0xe4,0x03
.byte 0xe4,0x03,0xe4,0x03,0xe4,0x03,0xe4,0x03,0xe4,0x03,0xe4,0x03,0xe4,0x03,0xe4,0x03
.byte 0x02,0x03,0xa0,0x30,0xa0,0x30,0x60,0x14,0x1f,0x7c,0x1f,0x7c,0x60,0x14,0x82,0x02
.byte 0xe4,0x03,0xe4,0x03,0xe4,0x03,0xe4,0x03,0xe4,0x03,0xa0,0x30,0xa0,0x30,0x60,0x14
.byte 0x60,0x14,0x82,0x02,0x23,0x03,0xe4,0x03,0xe4,0x03,0xe4,0x03,0xe4,0x03,0xa0,0x30
.byte 0xa0,0x30,0xa0,0x30,0x60,0x14,0x1f,0x7c,0x1f,0x7c,0x1f,0x7c,0x60,0x14,0x43,0x03
.byte 0xc3,0x03,0x23,0x03,0x41,0x02,0x60,0x14,0x60,0x14,0x60,0x14,0x60,0x14,0xc1,0x01
.byte 0x60,0x14,0x23,0x03,0xe4,0x03,0xe4,0x03,0xe4,0x03,0xe4,0x03,0xe4,0x03,0x63,0x03
.byte 0x00,0x4d,0x60,0x14,0x1f,0x7c,0x1f,0x7c,0x1f,0x7c,0x60,0x14,0xe4,0x03,0xe4,0x03
.byte 0xe4,0x03,0xe4,0x03,0x02,0x03,0x00,0x4d,0x00,0x4d,0xa0,0x30,0xa0,0x30,0xa0,0x30
.byte 0xa0,0x30,0xa0,0x30,0x82,0x02,0x83,0x03,0xe4,0x03,0xe4,0x03,0x02,0x03,0xa0,0x30
.byte 0x00,0x4d,0x60,0x14,0x1f,0x7c,0x1f,0x7c,0x60,0x14,0x02,0x03,0xe4,0x03,0xe4,0x03
.byte 0xe4,0x03,0xe4,0x03,0x82,0x02,0xa0,0x30,0xa0,0x30,0x60,0x14,0x60,0x14,0x60,0x14
.byte 0x82,0x02,0xff,0x7f,0xe4,0x03,0xe4,0x03,0xe4,0x03,0xe4,0x03,0x83,0x03,0xa0,0x30
.byte 0xa0,0x30,0x60,0x14,0x60,0x14,0x83,0x03,0xe4,0x03,0xe4,0x03,0xe4,0x03,0xe4,0x03
.byte 0xc3,0x03,0xc2,0x02,0xa0,0x30,0xa0,0x30,0xa0,0x30,0xa0,0x30,0xa0,0x30,0xa0,0x30
.byte 0x60,0x14,0x60,0x14,0x1f,0x7c,0x1f,0x7c,0x1f,0x7c,0x1f,0x7c,0x1f,0x7c,0x60,0x14
.byte 0xc3,0x03,0xe4,0x03,0xe4,0x03,0xe4,0x03,0xe4,0x03,0xe4,0x03,0xe4,0x03,0xe4,0x03
.byte 0xe4,0x03,0xe4,0x03,0xe4,0x03,0xe4,0x03,0xe4,0x03,0xe4,0x03,0xe4,0x03,0xe4,0x03
.byte 0xe4,0x03,0xe4,0x03,0x02,0x03,0xa0,0x30,0xa0,0x30,0x60,0x14,0x1f,0x7c,0x1f,0x7c
.byte 0x60,0x14,0xa2,0x02,0xe4,0x03,0xe4,0x03,0xe4,0x03,0xe4,0x03,0xe4,0x03,0xc2,0x02
.byte 0x02,0x03,0x63,0x03,0xe4,0x03,0xe4,0x03,0xe4,0x03,0xe4,0x03,0xe4,0x03,0xe4,0x03
.byte 0xe4,0x03,0xa0,0x30,0xa0,0x30,0x60,0x14,0x1f,0x7c,0x1f,0x7c,0x1f,0x7c,0x60,0x14
.byte 0x21,0x02,0xe4,0x03,0xff,0x7f,0xff,0x7f,0xff,0x7f,0xc3,0x03,0x43,0x03,0xa2,0x02
.byte 0x01,0x02,0x60,0x14,0x60,0x14,0x43,0x03,0xe4,0x03,0xe4,0x03,0xe4,0x03,0xe4,0x03
.byte 0xe4,0x03,0xe4,0x03,0xa0,0x30,0x00,0x4d,0x60,0x14,0x1f,0x7c,0x60,0x14,0x82,0x02
.byte 0xe4,0x03,0xe4,0x03,0xe4,0x03,0xe4,0x03,0x02,0x03,0xa0,0x30,0x00,0x4d,0x60,0x14
.byte 0x60,0x14,0x01,0x02,0xe2,0x02,0xa3,0x03,0xff,0x7f,0xe4,0x03,0xe4,0x03,0xe4,0x03
.byte 0x02,0x03,0xa0,0x30,0xa0,0x30,0x60,0x14,0x1f,0x7c,0x1f,0x7c,0x60,0x14,0x63,0x03
.byte 0xe4,0x03,0xe4,0x03,0xe4,0x03,0xe4,0x03,0xc2,0x02,0xa0,0x30,0xa0,0x30,0x60,0x14
.byte 0x82,0x02,0x83,0x03,0xff,0x7f,0xe4,0x03,0xe4,0x03,0xe4,0x03,0xe4,0x03,0xe4,0x03
.byte 0x02,0x03,0xa0,0x30,0xa0,0x30,0x60,0x14,0x60,0x14,0x83,0x03,0xe4,0x03,0xe4,0x03
.byte 0xe4,0x03,0xe4,0x03,0x82,0x02,0xa0,0x30,0xa0,0x30,0xa0,0x30,0xa0,0x30,0xa0,0x30
.byte 0x60,0x14,0x60,0x14,0x1f,0x7c,0x1f,0x7c,0x1f,0x7c,0x1f,0x7c,0x1f,0x7c,0x1f,0x7c
.byte 0x60,0x14,0x21,0x02,0xe4,0x03,0xe4,0x03,0xe4,0x03,0xe4,0x03,0xe4,0x03,0xe4,0x03
.byte 0x23,0x03,0xa2,0x02,0x21,0x02,0xa0,0x30,0xa0,0x30,0xa0,0x30,0xa3,0x03,0xe4,0x03
.byte 0xe4,0x03,0xe4,0x03,0xe4,0x03,0xe4,0x03,0x02,0x03,0xa0,0x30,0xa0,0x30,0x60,0x14
.byte 0x1f,0x7c,0x1f,0x7c,0x60,0x14,0x02,0x03,0xe4,0x03,0xe4,0x03,0xe4,0x03,0xe4,0x03
.byte 0xe4,0x03,0xe4,0x03,0xe4,0x03,0xe4,0x03,0xe4,0x03,0xe4,0x03,0xe4,0x03,0xe4,0x03
.byte 0xe4,0x03,0xe4,0x03,0xe4,0x03,0xa0,0x30,0xa0,0x30,0x60,0x14,0x1f,0x7c,0x1f,0x7c
.byte 0x1f,0x7c,0x60,0x14,0x43,0x03,0xe4,0x03,0xe4,0x03,0xe4,0x03,0xe4,0x03,0xff,0x7f
.byte 0xff,0x7f,0xff,0x7f,0xff,0x7f,0xff,0x7f,0xc3,0x03,0xe4,0x03,0xe4,0x03,0xe4,0x03
.byte 0xe4,0x03,0xe4,0x03,0xe4,0x03,0x63,0x03,0xa0,0x30,0x00,0x4d,0x60,0x14,0x1f,0x7c
.byte 0x60,0x14,0x82,0x02,0xe4,0x03,0xe4,0x03,0xe4,0x03,0xe4,0x03,0x43,0x03,0xa0,0x30
.byte 0x21,0x02,0xe2,0x02,0x63,0x03,0xe4,0x03,0xff,0x7f,0xff,0x7f,0xe4,0x03,0xe4,0x03
.byte 0xe4,0x03,0xe4,0x03,0x82,0x02,0xa0,0x30,0xa0,0x30,0x60,0x14,0x1f,0x7c,0x1f,0x7c
.byte 0x60,0x14,0xa3,0x03,0xe4,0x03,0xe4,0x03,0xe4,0x03,0xe4,0x03,0x63,0x03,0x01,0x02
.byte 0xc2,0x02,0xc3,0x03,0xff,0x7f,0xff,0x7f,0xe4,0x03,0xe4,0x03,0xe4,0x03,0xe4,0x03
.byte 0xe4,0x03,0xe4,0x03,0x02,0x03,0xa0,0x30,0xa0,0x30,0x60,0x14,0x60,0x14,0x83,0x03
.byte 0xe4,0x03,0xe4,0x03,0xe4,0x03,0xe4,0x03,0xe2,0x02,0xa0,0x30,0xa0,0x30,0xa0,0x30
.byte 0x60,0x14,0x60,0x14,0x1f,0x7c,0x1f,0x7c,0x1f,0x7c,0x1f,0x7c,0x1f,0x7c,0x1f,0x7c
.byte 0x1f,0x7c,0x1f,0x7c,0x60,0x14,0xe2,0x02,0xe4,0x03,0xe4,0x03,0xe4,0x03,0xe4,0x03
.byte 0xe4,0x03,0xa3,0x03,0xa0,0x30,0xa0,0x30,0xa0,0x30,0xa0,0x30,0xa0,0x30,0xa0,0x30
.byte 0x23,0x03,0xe4,0x03,0xe4,0x03,0xe4,0x03,0xe4,0x03,0xe4,0x03,0x02,0x03,0xa0,0x30
.byte 0xa0,0x30,0x60,0x14,0x1f,0x7c,0x1f,0x7c,0x60,0x14,0x02,0x03,0xe4,0x03,0xe4,0x03
.byte 0xe4,0x03,0xe4,0x03,0xe4,0x03,0xe4,0x03,0xe4,0x03,0xe4,0x03,0xe4,0x03,0xe4,0x03
.byte 0xe4,0x03,0xe4,0x03,0xe4,0x03,0xe4,0x03,0xe4,0x03,0xa0,0x30,0xa0,0x30,0x60,0x14
.byte 0x1f,0x7c,0x1f,0x7c,0x60,0x14,0x41,0x02,0xe4,0x03,0xe4,0x03,0xe4,0x03,0xe4,0x03
.byte 0xe4,0x03,0xe4,0x03,0xe4,0x03,0xe4,0x03,0xe4,0x03,0xe4,0x03,0xe4,0x03,0xe4,0x03
.byte 0xe4,0x03,0xe4,0x03,0xe4,0x03,0xe4,0x03,0xe4,0x03,0xc2,0x02,0xa0,0x30,0xa0,0x30
.byte 0x60,0x14,0x1f,0x7c,0x60,0x14,0x82,0x02,0xe4,0x03,0xe4,0x03,0xe4,0x03,0xe4,0x03
.byte 0xe4,0x03,0xff,0x7f,0xff,0x7f,0xff,0x7f,0xff,0x7f,0xff,0x7f,0xe4,0x03,0xe4,0x03
.byte 0xe4,0x03,0xe4,0x03,0xe4,0x03,0xe4,0x03,0x82,0x02,0xa0,0x30,0xa0,0x30,0x60,0x14
.byte 0x1f,0x7c,0x1f,0x7c,0x60,0x14,0xe4,0x03,0xe4,0x03,0xe4,0x03,0xe4,0x03,0xe4,0x03
.byte 0xe4,0x03,0xff,0x7f,0xff,0x7f,0xff,0x7f,0xe4,0x03,0xe4,0x03,0xe4,0x03,0xe4,0x03
.byte 0xe4,0x03,0xe4,0x03,0xe4,0x03,0xe4,0x03,0xe2,0x02,0xa0,0x30,0xa0,0x30,0x60,0x14
.byte 0x60,0x14,0xe4,0x03,0xe4,0x03,0xe4,0x03,0xe4,0x03,0xe4,0x03,0x43,0x03,0xa0,0x30
.byte 0xa0,0x30,0x60,0x14,0x1f,0x7c,0x1f,0x7c,0x1f,0x7c,0x1f,0x7c,0x1f,0x7c,0x1f,0x7c
.byte 0x1f,0x7c,0x1f,0x7c,0x1f,0x7c,0x1f,0x7c,0x60,0x14,0xa3,0x03,0xe4,0x03,0xe4,0x03
.byte 0xe4,0x03,0xe4,0x03,0xe4,0x03,0x83,0x03,0xa0,0x30,0xa0,0x30,0xa0,0x30,0xa0,0x30
.byte 0xa0,0x30,0x60,0x14,0x83,0x03,0xe4,0x03,0xe4,0x03,0xe4,0x03,0xe4,0x03,0xe4,0x03
.byte 0x02,0x03,0xa0,0x30,0xa0,0x30,0x60,0x14,0x1f,0x7c,0x1f,0x7c,0x60,0x14,0x02,0x03
.byte 0xe4,0x03,0xe4,0x03,0xe4,0x03,0xe4,0x03,0xe4,0x03,0xe4,0x03,0xe4,0x03,0xe4,0x03
.byte 0xe4,0x03,0xe4,0x03,0xe4,0x03,0xe4,0x03,0xe4,0x03,0xe4,0x03,0xe4,0x03,0xa0,0x30
.byte 0xa0,0x30,0x60,0x14,0x1f,0x7c,0x1f,0x7c,0x60,0x14,0x83,0x03,0xe4,0x03,0xe4,0x03
.byte 0xe4,0x03,0xe4,0x03,0xe4,0x03,0xe4,0x03,0xe4,0x03,0xe4,0x03,0xe4,0x03,0xe4,0x03
.byte 0xe4,0x03,0xe4,0x03,0xe4,0x03,0xe4,0x03,0xe4,0x03,0xe4,0x03,0xe4,0x03,0xa0,0x30
.byte 0xa0,0x30,0xa0,0x30,0x60,0x14,0x1f,0x7c,0x60,0x14,0x82,0x02,0xe4,0x03,0xe4,0x03
.byte 0xe4,0x03,0xe4,0x03,0xe4,0x03,0xe4,0x03,0xe4,0x03,0xe4,0x03,0xe4,0x03,0xe4,0x03
.byte 0xe4,0x03,0xe4,0x03,0xe4,0x03,0xe4,0x03,0xe4,0x03,0xe4,0x03,0x82,0x02,0xa0,0x30
.byte 0xa0,0x30,0x60,0x14,0x1f,0x7c,0x60,0x14,0x21,0x02,0xe4,0x03,0xe4,0x03,0xe4,0x03
.byte 0xe4,0x03,0xe4,0x03,0xe4,0x03,0xe4,0x03,0xe4,0x03,0xe4,0x03,0xe4,0x03,0xe4,0x03
.byte 0xe4,0x03,0xe4,0x03,0xe4,0x03,0xe4,0x03,0xe4,0x03,0x83,0x03,0x21,0x02,0x00,0x4d
.byte 0xa0,0x30,0x60,0x14,0x60,0x14,0xe4,0x03,0xe4,0x03,0xe4,0x03,0xe4,0x03,0xe4,0x03
.byte 0x83,0x03,0xa0,0x30,0xa0,0x30,0x60,0x14,0x1f,0x7c,0x1f,0x7c,0x1f,0x7c,0x1f,0x7c
.byte 0x1f,0x7c,0x1f,0x7c,0x1f,0x7c,0x1f,0x7c,0x1f,0x7c,0x60,0x14,0x21,0x02,0xe4,0x03
.byte 0xe4,0x03,0xe4,0x03,0xe4,0x03,0xe4,0x03,0xe4,0x03,0x02,0x03,0xa0,0x30,0xa0,0x30
.byte 0x60,0x14,0x60,0x14,0x60,0x14,0x82,0x02,0xe4,0x03,0xe4,0x03,0xe4,0x03,0xe4,0x03
.byte 0x83,0x03,0x63,0x03,0x01,0x02,0x00,0x4d,0xa0,0x30,0x60,0x14,0x1f,0x7c,0x1f,0x7c
.byte 0x60,0x14,0x02,0x03,0xe4,0x03,0xe4,0x03,0xe4,0x03,0xe4,0x03,0xe4,0x03,0xe4,0x03
.byte 0xe4,0x03,0xe4,0x03,0xe4,0x03,0xe4,0x03,0xe4,0x03,0xe4,0x03,0xe4,0x03,0xe4,0x03
.byte 0x63,0x03,0x00,0x4d,0xa0,0x30,0x60,0x14,0x1f,0x7c,0x60,0x14,0xa2,0x02,0xe4,0x03
.byte 0xe4,0x03,0xe4,0x03,0xe4,0x03,0xe4,0x03,0xe4,0x03,0xe4,0x03,0xe4,0x03,0xe4,0x03
.byte 0xe4,0x03,0xe4,0x03,0xe4,0x03,0xe4,0x03,0xe4,0x03,0xe4,0x03,0xe4,0x03,0xe4,0x03
.byte 0x43,0x03,0xa0,0x30,0xa0,0x30,0xa0,0x30,0x60,0x14,0x1f,0x7c,0x60,0x14,0x82,0x02
.byte 0xe4,0x03,0xe4,0x03,0xe4,0x03,0xe4,0x03,0xe4,0x03,0xe4,0x03,0xe4,0x03,0xe4,0x03
.byte 0xe4,0x03,0xe4,0x03,0xe4,0x03,0xe4,0x03,0xa3,0x03,0x83,0x03,0x83,0x03,0x83,0x03
.byte 0x41,0x02,0x00,0x4d,0xa0,0x30,0x60,0x14,0x1f,0x7c,0x60,0x14,0x82,0x02,0xe4,0x03
.byte 0xe4,0x03,0xe4,0x03,0xe4,0x03,0xe4,0x03,0xe4,0x03,0xe4,0x03,0xe4,0x03,0xe4,0x03
.byte 0xe4,0x03,0xc3,0x03,0x83,0x03,0x23,0x03,0xc2,0x02,0x41,0x02,0xa0,0x30,0xa0,0x30
.byte 0x00,0x4d,0x00,0x4d,0x00,0x4d,0x60,0x14,0x60,0x14,0xe4,0x03,0xe4,0x03,0xe4,0x03
.byte 0x83,0x03,0x23,0x03,0xa2,0x02,0x00,0x4d,0xa0,0x30,0x60,0x14,0x1f,0x7c,0x1f,0x7c
.byte 0x1f,0x7c,0x1f,0x7c,0x1f,0x7c,0x1f,0x7c,0x1f,0x7c,0x1f,0x7c,0x1f,0x7c,0x60,0x14
.byte 0x41,0x02,0x83,0x03,0x43,0x03,0x02,0x03,0x02,0x03,0x82,0x02,0x82,0x02,0x00,0x4d
.byte 0xa0,0x30,0xa0,0x30,0x60,0x14,0x1f,0x7c,0x60,0x14,0x82,0x02,0xc2,0x02,0x82,0x02
.byte 0x01,0x02,0xa0,0x30,0xa0,0x30,0xa0,0x30,0x00,0x4d,0x00,0x4d,0x00,0x4d,0x60,0x14
.byte 0x1f,0x7c,0x1f,0x7c,0x60,0x14,0xc2,0x02,0xe4,0x03,0xe4,0x03,0xe4,0x03,0xe4,0x03
.byte 0x83,0x03,0x83,0x03,0x43,0x03,0x02,0x03,0x02,0x03,0x82,0x02,0x82,0x02,0x21,0x02
.byte 0xa0,0x30,0xa0,0x30,0x00,0x4d,0x00,0x4d,0x00,0x4d,0x60,0x14,0x1f,0x7c,0x60,0x14
.byte 0xa3,0x03,0xe4,0x03,0xe4,0x03,0xe4,0x03,0xe4,0x03,0xe4,0x03,0x83,0x03,0x83,0x03
.byte 0x83,0x03,0x23,0x03,0x02,0x03,0x02,0x03,0x02,0x03,0xc2,0x02,0x82,0x02,0x82,0x02
.byte 0x82,0x02,0x82,0x02,0xa0,0x30,0xa0,0x30,0xa0,0x30,0x60,0x14,0x1f,0x7c,0x1f,0x7c
.byte 0x60,0x14,0x82,0x02,0xe4,0x03,0xe4,0x03,0xe4,0x03,0x83,0x03,0x83,0x03,0x23,0x03
.byte 0x02,0x03,0xc2,0x02,0x82,0x02,0x21,0x02,0xa0,0x30,0xa0,0x30,0xa0,0x30,0xa0,0x30
.byte 0xa0,0x30,0xa0,0x30,0x00,0x4d,0x00,0x4d,0x00,0x4d,0x60,0x14,0x1f,0x7c,0x60,0x14
.byte 0xc2,0x02,0xe4,0x03,0xe4,0x03,0xe4,0x03,0x83,0x03,0x83,0x03,0x02,0x03,0x02,0x03
.byte 0x82,0x02,0x41,0x02,0xa0,0x30,0xa0,0x30,0xa0,0x30,0xa0,0x30,0xa0,0x30,0xa0,0x30
.byte 0xa0,0x30,0xa0,0x30,0xa0,0x30,0x00,0x4d,0x00,0x4d,0x60,0x14,0x60,0x14,0xa2,0x02
.byte 0x21,0x02,0xa0,0x30,0xa0,0x30,0xa0,0x30,0x00,0x4d,0x00,0x4d,0x00,0x4d,0x60,0x14
.byte 0x1f,0x7c,0x1f,0x7c,0x1f,0x7c,0x1f,0x7c,0x1f,0x7c,0x1f,0x7c,0x1f,0x7c,0x1f,0x7c
.byte 0x1f,0x7c,0x1f,0x7c,0x60,0x14,0x60,0x14,0xa0,0x30,0xa0,0x30,0xa0,0x30,0xa0,0x30
.byte 0x00,0x4d,0x00,0x4d,0x00,0x4d,0xa0,0x30,0x60,0x14,0x1f,0x7c,0x1f,0x7c,0x60,0x14
.byte 0x60,0x14,0xa0,0x30,0xa0,0x30,0xa0,0x30,0xa0,0x30,0xa0,0x30,0xa0,0x30,0x00,0x4d
.byte 0x00,0x4d,0x60,0x14,0x1f,0x7c,0x1f,0x7c,0x1f,0x7c,0x60,0x14,0x60,0x14,0xa0,0x30
.byte 0xa0,0x30,0xa0,0x30,0xa0,0x30,0xa0,0x30,0xa0,0x30,0xa0,0x30,0xa0,0x30,0xa0,0x30
.byte 0xa0,0x30,0xa0,0x30,0xa0,0x30,0xa0,0x30,0xa0,0x30,0x00,0x4d,0x00,0x4d,0x60,0x14
.byte 0x1f,0x7c,0x60,0x14,0x82,0x02,0x82,0x02,0x41,0x02,0xa0,0x30,0xa0,0x30,0xa0,0x30
.byte 0xa0,0x30,0xa0,0x30,0xa0,0x30,0xa0,0x30,0xa0,0x30,0xa0,0x30,0xa0,0x30,0xa0,0x30
.byte 0xa0,0x30,0xa0,0x30,0xa0,0x30,0xa0,0x30,0xa0,0x30,0xa0,0x30,0xa0,0x30,0x60,0x14
.byte 0x1f,0x7c,0x1f,0x7c,0x1f,0x7c,0x60,0x14,0x60,0x14,0xa0,0x30,0xa0,0x30,0xa0,0x30
.byte 0xa0,0x30,0xa0,0x30,0xa0,0x30,0xa0,0x30,0xa0,0x30,0xa0,0x30,0xa0,0x30,0xa0,0x30
.byte 0xa0,0x30,0xa0,0x30,0xa0,0x30,0xa0,0x30,0xa0,0x30,0x00,0x4d,0x00,0x4d,0x60,0x14
.byte 0x1f,0x7c,0x1f,0x7c,0x60,0x14,0x41,0x02,0xa0,0x30,0xa0,0x30,0xa0,0x30,0xa0,0x30
.byte 0xa0,0x30,0xa0,0x30,0xa0,0x30,0xa0,0x30,0xa0,0x30,0xa0,0x30,0xa0,0x30,0xa0,0x30
.byte 0xa0,0x30,0xa0,0x30,0xa0,0x30,0xa0,0x30,0x60,0x14,0x60,0x14,0x60,0x14,0x1f,0x7c
.byte 0x1f,0x7c,0x60,0x14,0x60,0x14,0xa0,0x30,0xa0,0x30,0xa0,0x30,0xa0,0x30,0x00,0x4d
.byte 0x00,0x4d,0x60,0x14,0x1f,0x7c,0x1f,0x7c,0x1f,0x7c,0x1f,0x7c,0x1f,0x7c,0x1f,0x7c
.byte 0x1f,0x7c,0x1f,0x7c,0x1f,0x7c,0x1f,0x7c,0x1f,0x7c,0x60,0x14,0xa0,0x30,0xa0,0x30
.byte 0xa0,0x30,0xa0,0x30,0xa0,0x30,0x00,0x4d,0x00,0x4d,0x60,0x14,0x1f,0x7c,0x1f,0x7c
.byte 0x1f,0x7c,0x1f,0x7c,0x60,0x14,0xa0,0x30,0xa0,0x30,0xa0,0x30,0xa0,0x30,0x60,0x14
.byte 0x60,0x14,0x60,0x14,0x60,0x14,0x1f,0x7c,0x1f,0x7c,0x1f,0x7c,0x1f,0x7c,0x1f,0x7c
.byte 0x60,0x14,0xa0,0x30,0xa0,0x30,0xa0,0x30,0xa0,0x30,0xa0,0x30,0xa0,0x30,0xa0,0x30
.byte 0xa0,0x30,0xa0,0x30,0xa0,0x30,0xa0,0x30,0xa0,0x30,0xa0,0x30,0x60,0x14,0x60,0x14
.byte 0x60,0x14,0x1f,0x7c,0x1f,0x7c,0x1f,0x7c,0x60,0x14,0x60,0x14,0xa0,0x30,0xa0,0x30
.byte 0xa0,0x30,0xa0,0x30,0xa0,0x30,0xa0,0x30,0xa0,0x30,0xa0,0x30,0xa0,0x30,0xa0,0x30
.byte 0xa0,0x30,0xa0,0x30,0xa0,0x30,0xa0,0x30,0xa0,0x30,0xa0,0x30,0xa0,0x30,0xa0,0x30
.byte 0x60,0x14,0x1f,0x7c,0x1f,0x7c,0x1f,0x7c,0x1f,0x7c,0x1f,0x7c,0x60,0x14,0xa0,0x30
.byte 0xa0,0x30,0xa0,0x30,0xa0,0x30,0xa0,0x30,0xa0,0x30,0xa0,0x30,0xa0,0x30,0xa0,0x30
.byte 0xa0,0x30,0xa0,0x30,0x60,0x14,0x60,0x14,0x60,0x14,0x60,0x14,0x60,0x14,0x60,0x14
.byte 0x60,0x14,0x1f,0x7c,0x1f,0x7c,0x1f,0x7c,0x1f,0x7c,0x60,0x14,0xa0,0x30,0xa0,0x30
.byte 0xa0,0x30,0xa0,0x30,0xa0,0x30,0xa0,0x30,0xa0,0x30,0xa0,0x30,0xa0,0x30,0xa0,0x30
.byte 0x60,0x14,0x60,0x14,0x60,0x14,0x60,0x14,0x60,0x14,0x60,0x14,0x1f,0x7c,0x1f,0x7c
.byte 0x1f,0x7c,0x1f,0x7c,0x1f,0x7c,0x1f,0x7c,0x60,0x14,0xa0,0x30,0xa0,0x30,0x60,0x14
.byte 0x60,0x14,0x60,0x14,0x60,0x14,0x1f,0x7c,0x1f,0x7c,0x1f,0x7c,0x1f,0x7c,0x1f,0x7c
.byte 0x1f,0x7c,0x1f,0x7c,0x1f,0x7c,0x1f,0x7c,0x1f,0x7c,0x1f,0x7c,0x1f,0x7c,0x1f,0x7c
.byte 0x60,0x14,0x60,0x14,0x60,0x14,0x60,0x14,0x60,0x14,0x60,0x14,0x60,0x14,0x1f,0x7c
.byte 0x1f,0x7c,0x1f,0x7c,0x1f,0x7c,0x1f,0x7c,0x1f,0x7c,0x60,0x14,0x60,0x14,0x60,0x14
.byte 0x60,0x14,0x1f,0x7c,0x1f,0x7c,0x1f,0x7c,0x1f,0x7c,0x1f,0x7c,0x1f,0x7c,0x1f,0x7c
.byte 0x1f,0x7c,0x1f,0x7c,0x1f,0x7c,0x60,0x14,0x60,0x14,0x60,0x14,0x60,0x14,0x60,0x14
.byte 0x60,0x14,0x60,0x14,0x60,0x14,0x60,0x14,0x60,0x14,0x60,0x14,0x60,0x14,0x60,0x14
.byte 0x1f,0x7c,0x1f,0x7c,0x1f,0x7c,0x1f,0x7c,0x1f,0x7c,0x1f,0x7c,0x1f,0x7c,0x60,0x14
.byte 0xa0,0x30,0xa0,0x30,0xa0,0x30,0x60,0x14,0x60,0x14,0x60,0x14,0x60,0x14,0x60,0x14
.byte 0x60,0x14,0x60,0x14,0x60,0x14,0x60,0x14,0x60,0x14,0x60,0x14,0x60,0x14,0x60,0x14
.byte 0x60,0x14,0x60,0x14,0x1f,0x7c,0x1f,0x7c,0x1f,0x7c,0x1f,0x7c,0x1f,0x7c,0x1f,0x7c
.byte 0x1f,0x7c,0x60,0x14,0x60,0x14,0x60,0x14,0x60,0x14,0x60,0x14,0x60,0x14,0x60,0x14
.byte 0x60,0x14,0x60,0x14,0x60,0x14,0x60,0x14,0x1f,0x7c,0x1f,0x7c,0x1f,0x7c,0x1f,0x7c
.byte 0x1f,0x7c,0x1f,0x7c,0x1f,0x7c,0x1f,0x7c,0x1f,0x7c,0x1f,0x7c,0x1f,0x7c,0x1f,0x7c
.byte 0x60,0x14,0xa0,0x30,0x60,0x14,0x60,0x14,0x60,0x14,0x60,0x14,0x60,0x14,0x60,0x14
.byte 0x60,0x14,0x60,0x14,0x1f,0x7c,0x1f,0x7c,0x1f,0x7c,0x1f,0x7c,0x1f,0x7c,0x1f,0x7c
.byte 0x1f,0x7c,0x1f,0x7c,0x1f,0x7c,0x1f,0x7c,0x1f,0x7c,0x1f,0x7c,0x1f,0x7c,0x60,0x14
.byte 0x60,0x14,0x1f,0x7c,0x1f,0x7c,0x1f,0x7c,0x1f,0x7c,0x1f,0x7c,0x1f,0x7c,0x1f,0x7c
.byte 0x1f,0x7c,0x1f,0x7c,0x1f,0x7c,0x1f,0x7c,0x1f,0x7c,0x1f,0x7c,0x1f,0x7c,0x1f,0x7c
.byte 0x1f,0x7c,0x1f,0x7c,0x1f,0x7c,0x1f,0x7c,0x1f,0x7c,0x1f,0x7c,0x1f,0x7c,0x1f,0x7c
.byte 0x1f,0x7c,0x1f,0x7c,0x1f,0x7c,0x1f,0x7c,0x1f,0x7c,0x1f,0x7c,0x1f,0x7c,0x1f,0x7c
.byte 0x1f,0x7c,0x1f,0x7c,0x1f,0x7c,0x1f,0x7c,0x1f,0x7c,0x1f,0x7c,0x1f,0x7c,0x1f,0x7c
.byte 0x1f,0x7c,0x1f,0x7c,0x1f,0x7c,0x1f,0x7c,0x1f,0x7c,0x1f,0x7c,0x1f,0x7c,0x1f,0x7c
.byte 0x1f,0x7c,0x1f,0x7c,0x1f,0x7c,0x1f,0x7c,0x1f,0x7c,0x1f,0x7c,0x1f,0x7c,0x1f,0x7c
.byte 0x1f,0x7c,0x1f,0x7c,0x1f,0x7c,0x1f,0x7c,0x1f,0x7c,0x1f,0x7c,0x1f,0x7c,0x1f,0x7c
.byte 0x1f,0x7c,0x1f,0x7c,0x60,0x14,0x60,0x14,0x60,0x14,0x1f,0x7c,0x1f,0x7c,0x1f,0x7c
.byte 0x1f,0x7c,0x1f,0x7c,0x1f,0x7c,0x1f,0x7c,0x1f,0x7c,0x1f,0x7c,0x1f,0x7c,0x1f,0x7c
.byte 0x1f,0x7c,0x1f,0x7c,0x1f,0x7c,0x1f,0x7c,0x1f,0x7c,0x1f,0x7c,0x1f,0x7c,0x1f,0x7c
.byte 0x1f,0x7c,0x1f,0x7c,0x1f,0x7c,0x1f,0x7c,0x1f,0x7c,0x1f,0x7c,0x1f,0x7c,0x1f,0x7c
.byte 0x1f,0x7c,0x1f,0x7c,0x1f,0x7c,0x1f,0x7c,0x1f,0x7c,0x1f,0x7c,0x1f,0x7c,0x1f,0x7c
.byte 0x1f,0x7c,0x1f,0x7c,0x1f,0x7c,0x1f,0x7c,0x1f,0x7c,0x1f,0x7c,0x1f,0x7c,0x1f,0x7c
.byte 0x1f,0x7c,0x1f,0x7c,0x1f,0x7c,0x60,0x14,0x1f,0x7c,0x1f,0x7c,0x1f,0x7c,0x1f,0x7c
.byte 0x1f,0x7c,0x1f,0x7c,0x1f,0x7c,0x1f,0x7c,0x1f,0x7c,0x1f,0x7c,0x1f,0x7c,0x1f,0x7c
.byte 0x1f,0x7c,0x1f,0x7c,0x1f,0x7c,0x1f,0x7c,0x1f,0x7c,0x1f,0x7c,0x00,0x00,0x00,0x00
.globl _GEX_DATA_00453510
_GEX_DATA_00453510:
.byte 0x00,0x00,0x00,0x00,0x60,0x14,0x60,0x14,0x60,0x14,0x60,0x14,0x60,0x14,0x60,0x14
.byte 0x60,0x14,0x00,0x00,0x00,0x00,0x00,0x00,0x00,0x00,0x00,0x00,0x00,0x00,0x00,0x00
.byte 0x00,0x00,0x00,0x00,0x00,0x00,0x00,0x00,0x00,0x00,0x00,0x00,0x00,0x00,0x00,0x00
.byte 0x40,0x0c,0x60,0x14,0x60,0x14,0x60,0x14,0x60,0x14,0x60,0x14,0x60,0x14,0x20,0x08
.byte 0x00,0x00,0x00,0x00,0x00,0x00,0x00,0x00,0x00,0x00,0x00,0x00,0x00,0x00,0x00,0x00
.byte 0x00,0x00,0x00,0x00,0x00,0x00,0x00,0x00,0x00,0x00,0x20,0x08,0x60,0x14,0x60,0x14
.byte 0x60,0x14,0x60,0x14,0x60,0x14,0x60,0x14,0x60,0x14,0x60,0x14,0x40,0x0c,0x00,0x00
.byte 0x00,0x00,0x00,0x00,0x00,0x00,0x00,0x00,0x00,0x00,0x00,0x00,0x00,0x00,0x00,0x00
.byte 0x00,0x00,0x00,0x00,0x60,0x14,0x60,0x14,0x60,0x14,0x60,0x14,0x60,0x14,0x60,0x10
.byte 0x00,0x00,0x00,0x00,0x00,0x00,0x00,0x00,0x00,0x00,0x00,0x00,0x00,0x00,0x00,0x00
.byte 0x00,0x00,0x00,0x00,0x00,0x00,0x00,0x00,0x00,0x00,0x00,0x00,0x00,0x00,0x00,0x00
.byte 0x00,0x00,0x00,0x00,0x00,0x00,0x00,0x00,0x00,0x00,0x00,0x00,0x00,0x00,0x00,0x00
.byte 0x00,0x00,0x00,0x00,0x00,0x00,0x00,0x00,0x00,0x00,0x00,0x00,0x00,0x00,0x00,0x00
.byte 0x00,0x00,0x00,0x00,0x00,0x00,0x00,0x00,0x00,0x00,0x00,0x00,0x00,0x00,0x00,0x00
.byte 0x00,0x00,0x00,0x00,0x00,0x00,0x00,0x00,0x00,0x00,0x00,0x00,0x00,0x00,0x00,0x00
.byte 0x00,0x00,0x00,0x00,0x00,0x00,0x00,0x00,0x00,0x00,0x00,0x00,0x00,0x00,0x00,0x00
.byte 0x00,0x00,0x00,0x00,0x00,0x00,0x00,0x00,0x00,0x00,0x00,0x00,0x00,0x00,0x00,0x00
.byte 0x00,0x00,0x00,0x00,0x00,0x00,0x00,0x00,0x00,0x00,0x00,0x00,0x00,0x00,0x00,0x00
.byte 0x00,0x00,0x00,0x00,0x00,0x00,0x00,0x00,0x00,0x00,0x00,0x00,0x00,0x00,0x00,0x00
.byte 0x00,0x00,0x00,0x00,0x00,0x00,0x00,0x00,0x00,0x00,0x00,0x00,0x00,0x00,0x00,0x00
.byte 0x00,0x00,0x60,0x14,0xe0,0x01,0x61,0x02,0x62,0x02,0xc2,0x02,0x02,0x03,0x62,0x03
.byte 0x82,0x02,0xa0,0x10,0x00,0x00,0x00,0x00,0x00,0x00,0x00,0x00,0x00,0x00,0x00,0x00
.byte 0x00,0x00,0x00,0x00,0x00,0x00,0x00,0x00,0x00,0x00,0x00,0x00,0x40,0x0c,0x60,0x14
.byte 0xa0,0x05,0x61,0x02,0xc2,0x02,0x22,0x03,0x63,0x03,0xc3,0x03,0x22,0x03,0x40,0x0d
.byte 0x20,0x08,0x00,0x00,0x00,0x00,0x00,0x00,0x00,0x00,0x00,0x00,0x00,0x00,0x00,0x00
.byte 0x00,0x00,0x00,0x00,0x20,0x08,0x60,0x14,0x60,0x14,0x40,0x0d,0x62,0x02,0x62,0x02
.byte 0xa2,0x02,0x02,0x03,0x02,0x03,0x02,0x03,0x02,0x03,0xe2,0x02,0xc1,0x05,0x40,0x0c
.byte 0x00,0x00,0x00,0x00,0x00,0x00,0x00,0x00,0x00,0x00,0x00,0x00,0x00,0x00,0x00,0x04
.byte 0x60,0x14,0xa0,0x10,0x01,0x02,0xe2,0x02,0x43,0x03,0x83,0x03,0x62,0x03,0x21,0x02
.byte 0x60,0x14,0x60,0x10,0x00,0x00,0x00,0x00,0x00,0x00,0x00,0x00,0x00,0x00,0x00,0x00
.byte 0x00,0x00,0x00,0x00,0x00,0x00,0x00,0x00,0x00,0x00,0x60,0x14,0x60,0x14,0x60,0x14
.byte 0x60,0x14,0x00,0x00,0x00,0x00,0x00,0x00,0x00,0x00,0x00,0x00,0x00,0x00,0x40,0x10
.byte 0x60,0x14,0x60,0x14,0x60,0x14,0x60,0x14,0x60,0x14,0x00,0x04,0x00,0x00,0x00,0x00
.byte 0x40,0x0c,0x60,0x14,0x60,0x14,0x60,0x14,0x20,0x04,0x00,0x00,0x00,0x00,0x00,0x00
.byte 0x00,0x00,0x00,0x00,0x20,0x0c,0x60,0x14,0x60,0x14,0x60,0x14,0x60,0x14,0x60,0x14
.byte 0x60,0x14,0x60,0x14,0x60,0x14,0x60,0x14,0x60,0x14,0x60,0x14,0x60,0x14,0x60,0x14
.byte 0x40,0x0c,0x00,0x00,0x00,0x00,0x00,0x00,0x00,0x00,0x00,0x00,0x00,0x00,0x00,0x00
.byte 0x00,0x00,0x00,0x00,0x00,0x00,0x00,0x00,0x00,0x00,0x00,0x00,0x00,0x00,0x00,0x00
.byte 0x00,0x00,0x00,0x00,0x00,0x00,0x00,0x00,0x00,0x00,0x00,0x00,0x00,0x00,0x00,0x00
.byte 0x00,0x00,0x00,0x00,0x00,0x00,0x00,0x00,0x00,0x00,0x00,0x00,0x00,0x00,0x00,0x00
.byte 0x00,0x00,0x60,0x14,0x61,0x02,0xe4,0x03,0xfe,0x7b,0xff,0x7f,0xe6,0x0b,0xc3,0x03
.byte 0x40,0x45,0x00,0x4d,0x80,0x1c,0x00,0x00,0x00,0x00,0x00,0x00,0x00,0x00,0x00,0x00
.byte 0x00,0x00,0x00,0x00,0x00,0x00,0x00,0x00,0x00,0x00,0x40,0x0c,0x21,0x06,0xa3,0x03
.byte 0xf7,0x5b,0xff,0x7f,0xff,0x7f,0xff,0x7f,0xff,0x7f,0xff,0x7f,0xcd,0x33,0xc1,0x1d
.byte 0x60,0x20,0x20,0x08,0x00,0x00,0x00,0x00,0x00,0x00,0x00,0x00,0x00,0x00,0x00,0x00
.byte 0x00,0x00,0x20,0x08,0xc1,0x09,0xa3,0x03,0xf0,0x3b,0xff,0x7f,0xff,0x7f,0xff,0x7f
.byte 0xff,0x7f,0xff,0x7f,0xff,0x7f,0xf5,0x53,0xe4,0x03,0xc3,0x03,0xa2,0x1a,0xe0,0x3c
.byte 0x40,0x0c,0x00,0x00,0x00,0x00,0x00,0x00,0x00,0x00,0x00,0x00,0x00,0x04,0xc0,0x10
.byte 0xa2,0x02,0xc3,0x03,0xe8,0x17,0xff,0x7f,0xff,0x7f,0xff,0x7f,0xfc,0x73,0xe4,0x03
.byte 0x42,0x03,0xc0,0x01,0x60,0x14,0x00,0x00,0x00,0x00,0x00,0x00,0x00,0x00,0x00,0x00
.byte 0x00,0x00,0x00,0x00,0x00,0x00,0x00,0x00,0x60,0x14,0x20,0x02,0x01,0x03,0x62,0x03
.byte 0x83,0x03,0xc0,0x10,0x00,0x00,0x00,0x00,0x00,0x00,0x00,0x00,0x40,0x10,0x81,0x06
.byte 0x82,0x03,0xf9,0x63,0xff,0x7f,0xaa,0x1f,0xa1,0x02,0xe0,0x0c,0x60,0x14,0x60,0x14
.byte 0x21,0x06,0x22,0x03,0x83,0x03,0x42,0x03,0x60,0x0d,0x20,0x04,0x00,0x00,0x00,0x00
.byte 0x00,0x00,0x20,0x0c,0x40,0x09,0x61,0x02,0xe2,0x02,0x02,0x03,0x02,0x03,0x02,0x03
.byte 0x02,0x03,0x02,0x03,0x42,0x03,0x83,0x03,0x83,0x03,0x83,0x03,0x83,0x03,0x02,0x03
.byte 0x80,0x09,0x40,0x0c,0x00,0x00,0x00,0x00,0x00,0x00,0x00,0x00,0x00,0x00,0x00,0x00
.byte 0x00,0x00,0x00,0x00,0x00,0x00,0x00,0x00,0x00,0x00,0x00,0x00,0x00,0x00,0x00,0x00
.byte 0x00,0x00,0x00,0x00,0x00,0x00,0x00,0x00,0x00,0x00,0x00,0x00,0x00,0x00,0x00,0x00
.byte 0x00,0x00,0x00,0x00,0x00,0x00,0x00,0x00,0x00,0x00,0x00,0x00,0x00,0x00,0x00,0x00
.byte 0x00,0x00,0x60,0x14,0x61,0x02,0xe4,0x03,0xe4,0x03,0xe4,0x03,0xe4,0x03,0x82,0x02
.byte 0xc0,0x2c,0x00,0x4d,0x00,0x4d,0x80,0x1c,0x00,0x00,0x00,0x00,0x00,0x00,0x00,0x00
.byte 0x00,0x00,0x00,0x00,0x00,0x00,0x00,0x00,0x00,0x00,0x40,0x0c,0xe2,0x06,0xf7,0x5b
.byte 0xec,0x27,0xe4,0x03,0xe4,0x03,0xe4,0x03,0xe4,0x03,0xe4,0x03,0xf5,0x4f,0xec,0x32
.byte 0x20,0x1d,0x60,0x20,0x20,0x08,0x00,0x00,0x00,0x00,0x00,0x00,0x00,0x00,0x00,0x00
.byte 0x00,0x00,0x20,0x08,0xe1,0x09,0xd0,0x3b,0xf3,0x47,0xe4,0x03,0xe4,0x03,0xe4,0x03
.byte 0xe4,0x03,0xe4,0x03,0xe4,0x03,0xe4,0x03,0xe4,0x03,0xc3,0x03,0xc2,0x1a,0x00,0x4d
.byte 0xe0,0x3c,0x40,0x0c,0x00,0x00,0x00,0x00,0x00,0x00,0x00,0x00,0x00,0x04,0xe0,0x10
.byte 0x42,0x03,0xe4,0x03,0xe4,0x03,0xe4,0x03,0xe4,0x03,0xe4,0x03,0xe7,0x0f,0xff,0x7f
.byte 0xfd,0x73,0x82,0x03,0xc0,0x01,0x60,0x14,0x00,0x00,0x00,0x00,0x00,0x00,0x00,0x00
.byte 0x00,0x00,0x00,0x00,0x00,0x00,0x60,0x14,0xe1,0x02,0xe3,0x03,0xfd,0x77,0xff,0x7f
.byte 0xc6,0x0f,0x60,0x45,0x80,0x1c,0x00,0x00,0x00,0x00,0x00,0x00,0x40,0x10,0xe2,0x06
.byte 0xe3,0x03,0xe4,0x03,0xe4,0x03,0xf9,0x63,0xff,0x7f,0x8a,0x23,0x41,0x02,0xc0,0x0c
.byte 0xf6,0x5e,0xff,0x7f,0xff,0x7f,0x6c,0x2f,0xc0,0x31,0xa0,0x28,0x20,0x08,0x00,0x00
.byte 0x00,0x00,0x20,0x0c,0x81,0x09,0x43,0x03,0xf3,0x47,0xff,0x7f,0xff,0x7f,0xff,0x7f
.byte 0xff,0x7f,0xff,0x7f,0xff,0x7f,0xff,0x7f,0xff,0x7f,0xf4,0x4b,0xc3,0x03,0x81,0x22
.byte 0x00,0x4d,0xc0,0x38,0x40,0x0c,0x00,0x00,0x00,0x00,0x00,0x00,0x00,0x00,0x00,0x00
.byte 0x00,0x00,0x00,0x00,0x00,0x00,0x00,0x00,0x00,0x00,0x00,0x00,0x00,0x00,0x00,0x00
.byte 0x00,0x00,0x00,0x00,0x00,0x00,0x00,0x00,0x00,0x00,0x00,0x00,0x00,0x00,0x00,0x00
.byte 0x00,0x00,0x00,0x00,0x00,0x00,0x00,0x00,0x00,0x00,0x00,0x00,0x00,0x00,0x00,0x00
.byte 0x00,0x00,0x60,0x14,0x61,0x02,0xe4,0x03,0xe4,0x03,0xe4,0x03,0xc3,0x03,0xe0,0x2c
.byte 0x80,0x30,0x80,0x30,0x60,0x18,0x20,0x04,0x00,0x00,0x00,0x00,0x00,0x00,0x00,0x00
.byte 0x00,0x00,0x00,0x00,0x00,0x00,0x00,0x00,0x40,0x10,0x61,0x06,0xb7,0x5f,0xec,0x27
.byte 0xe4,0x03,0xe4,0x03,0x62,0x03,0xa3,0x03,0xe4,0x03,0xe4,0x03,0xe4,0x03,0x62,0x03
.byte 0x80,0x1d,0x60,0x20,0x20,0x08,0x00,0x00,0x00,0x00,0x00,0x00,0x00,0x00,0x00,0x00
.byte 0x00,0x00,0x20,0x08,0xe1,0x09,0xc3,0x03,0xe4,0x03,0xe4,0x03,0x83,0x03,0x22,0x03
.byte 0xa3,0x03,0xe4,0x03,0xe4,0x03,0xe4,0x03,0xe4,0x03,0xc3,0x03,0xa2,0x0e,0xc0,0x38
.byte 0xe0,0x3c,0x40,0x10,0x00,0x00,0x00,0x00,0x00,0x00,0x00,0x00,0x00,0x04,0xe0,0x10
.byte 0x42,0x03,0xe4,0x03,0xe4,0x03,0xe3,0x03,0x63,0x03,0x43,0x03,0xe4,0x03,0xe4,0x03
.byte 0xe6,0x0f,0xfd,0x77,0x82,0x07,0x00,0x4d,0x60,0x14,0x00,0x00,0x00,0x00,0x00,0x00
.byte 0x00,0x00,0x00,0x00,0x00,0x00,0x60,0x14,0xe1,0x02,0xe3,0x03,0xe4,0x03,0xe4,0x03
.byte 0xa3,0x03,0x60,0x45,0x00,0x4d,0x80,0x1c,0x00,0x00,0x00,0x00,0x40,0x10,0xa2,0x06
.byte 0xc3,0x03,0xe4,0x03,0xe4,0x03,0xe4,0x03,0xe4,0x03,0xe4,0x03,0xf8,0x5b,0x4a,0x27
.byte 0xa3,0x03,0xe4,0x03,0xe4,0x03,0x62,0x03,0xc0,0x31,0x00,0x4d,0xa0,0x28,0x20,0x08
.byte 0x00,0x00,0x20,0x0c,0x81,0x09,0x52,0x47,0xf0,0x3b,0xe4,0x03,0xe4,0x03,0xe4,0x03
.byte 0xe4,0x03,0xe4,0x03,0xe4,0x03,0xe4,0x03,0xe4,0x03,0xe4,0x03,0x22,0x03,0x80,0x11
.byte 0xc0,0x3c,0x00,0x4d,0xa0,0x30,0x00,0x00,0x00,0x00,0x00,0x00,0x00,0x00,0x00,0x00
.byte 0x00,0x00,0x00,0x00,0x00,0x00,0x00,0x00,0x00,0x00,0x00,0x00,0x00,0x00,0x00,0x00
.byte 0x00,0x00,0x00,0x00,0x00,0x00,0x00,0x00,0x00,0x00,0x00,0x00,0x00,0x00,0x00,0x00
.byte 0x00,0x00,0x00,0x00,0x00,0x00,0x00,0x00,0x00,0x00,0x00,0x00,0x00,0x00,0x00,0x00
.byte 0x00,0x00,0x60,0x14,0x61,0x02,0xe4,0x03,0xe4,0x03,0xe4,0x03,0x63,0x03,0xc0,0x2c
.byte 0x80,0x30,0x80,0x30,0x60,0x18,0x20,0x04,0x00,0x00,0x00,0x00,0x00,0x00,0x00,0x00
.byte 0x00,0x00,0x00,0x00,0x00,0x00,0x40,0x10,0x80,0x05,0x63,0x03,0xe4,0x03,0xe4,0x03
.byte 0xe4,0x03,0x22,0x03,0x40,0x21,0x01,0x12,0x83,0x03,0xe4,0x03,0xe4,0x03,0xe3,0x03
.byte 0xe1,0x1d,0x80,0x30,0x80,0x20,0x20,0x08,0x00,0x00,0x00,0x00,0x00,0x00,0x00,0x00
.byte 0x00,0x00,0x20,0x08,0xe1,0x09,0xc3,0x03,0xe4,0x03,0xc3,0x03,0x81,0x22,0xe0,0x40
.byte 0x80,0x30,0x60,0x1d,0x22,0x03,0xe4,0x03,0xe4,0x03,0xc3,0x03,0xa2,0x0e,0x80,0x30
.byte 0x80,0x28,0x40,0x10,0x00,0x00,0x00,0x00,0x00,0x00,0x00,0x00,0x00,0x04,0xe0,0x10
.byte 0xe2,0x02,0xe4,0x03,0xe4,0x03,0xa3,0x03,0xa0,0x05,0xc0,0x28,0x81,0x02,0xe4,0x03
.byte 0xe4,0x03,0xe4,0x03,0xe3,0x03,0xe1,0x06,0x00,0x4d,0x60,0x14,0x00,0x00,0x00,0x00
.byte 0x00,0x00,0x00,0x00,0x00,0x00,0x60,0x14,0xe1,0x02,0xe3,0x03,0xe4,0x03,0xe4,0x03
.byte 0x43,0x03,0xe0,0x28,0x00,0x49,0x80,0x1c,0x20,0x04,0x00,0x00,0x40,0x10,0x81,0x06
.byte 0xc3,0x03,0xe4,0x03,0xe4,0x03,0xe4,0x03,0xe4,0x03,0xe4,0x03,0xe4,0x03,0xe4,0x03
.byte 0xe4,0x03,0xe4,0x03,0xe4,0x03,0x62,0x03,0x60,0x1d,0xe0,0x44,0xa0,0x28,0x20,0x08
.byte 0x00,0x00,0x20,0x0c,0x81,0x09,0x43,0x03,0xe4,0x03,0xe4,0x03,0x63,0x03,0xa2,0x02
.byte 0xa2,0x02,0x02,0x03,0x83,0x03,0xe3,0x03,0xe4,0x03,0x83,0x03,0xe1,0x15,0x80,0x30
.byte 0x80,0x30,0x80,0x24,0x40,0x0c,0x00,0x00,0x00,0x00,0x00,0x00,0x00,0x00,0x00,0x00
.byte 0x00,0x00,0x00,0x00,0x00,0x00,0x00,0x00,0x00,0x00,0x00,0x00,0x00,0x00,0x00,0x00
.byte 0x00,0x00,0x00,0x00,0x00,0x00,0x00,0x00,0x00,0x00,0x00,0x00,0x00,0x00,0x00,0x00
.byte 0x00,0x00,0x00,0x00,0x00,0x00,0x00,0x00,0x00,0x00,0x00,0x00,0x00,0x00,0x00,0x00
.byte 0x00,0x00,0x60,0x14,0x61,0x02,0xe4,0x03,0xe4,0x03,0xe4,0x03,0x22,0x03,0xc0,0x2c
.byte 0x80,0x30,0x60,0x18,0x20,0x04,0x00,0x00,0x00,0x00,0x00,0x00,0x00,0x00,0x00,0x00
.byte 0x00,0x00,0x00,0x00,0x00,0x00,0x40,0x10,0x82,0x06,0xc3,0x03,0xe4,0x03,0xe4,0x03
.byte 0x42,0x03,0x60,0x21,0x80,0x30,0x80,0x30,0x41,0x12,0xa3,0x03,0xe4,0x03,0xe4,0x03
.byte 0x02,0x03,0x40,0x1d,0x80,0x20,0x20,0x08,0x00,0x00,0x00,0x00,0x00,0x00,0x00,0x00
.byte 0x00,0x00,0x20,0x08,0x01,0x0a,0xe4,0x03,0xe4,0x03,0xa3,0x03,0x41,0x22,0x00,0x4d
.byte 0xe0,0x40,0x80,0x30,0xc1,0x1d,0xe4,0x03,0xe4,0x03,0xc3,0x03,0xa2,0x0e,0x80,0x30
.byte 0x80,0x28,0x40,0x10,0x00,0x00,0x00,0x00,0x00,0x00,0x00,0x00,0x00,0x04,0xc0,0x10
.byte 0xa2,0x02,0xe4,0x03,0xe3,0x03,0x42,0x0f,0x00,0x49,0x80,0x30,0xc0,0x28,0xe2,0x02
.byte 0xe4,0x03,0xe4,0x03,0xe4,0x03,0xa2,0x07,0x00,0x4d,0x60,0x14,0x00,0x00,0x00,0x00
.byte 0x00,0x00,0x00,0x00,0x00,0x00,0x60,0x14,0xe1,0x02,0xe3,0x03,0xe4,0x03,0xe4,0x03
.byte 0x22,0x03,0xe0,0x28,0x80,0x30,0x60,0x18,0x20,0x04,0x00,0x00,0x40,0x10,0x81,0x06
.byte 0xc3,0x03,0xe4,0x03,0xe4,0x03,0x83,0x03,0xc3,0x03,0xe3,0x03,0xe4,0x03,0xe4,0x03
.byte 0xe4,0x03,0xe4,0x03,0xe4,0x03,0x62,0x03,0x60,0x1d,0x80,0x30,0x60,0x20,0x20,0x08
.byte 0x00,0x00,0x40,0x0c,0x81,0x09,0x43,0x03,0xe4,0x03,0xe3,0x03,0x61,0x2a,0xc0,0x40
.byte 0x80,0x30,0x80,0x30,0x80,0x30,0x80,0x19,0xc2,0x02,0x21,0x22,0xe0,0x40,0x80,0x30
.byte 0x80,0x30,0x80,0x24,0x40,0x0c,0x00,0x00,0x00,0x00,0x00,0x00,0x00,0x00,0x00,0x00
.byte 0x00,0x00,0x00,0x00,0x00,0x00,0x00,0x00,0x00,0x00,0x00,0x00,0x00,0x00,0x00,0x00
.byte 0x00,0x00,0x00,0x00,0x00,0x00,0x00,0x00,0x00,0x00,0x00,0x00,0x00,0x00,0x00,0x00
.byte 0x00,0x00,0x00,0x00,0x00,0x00,0x00,0x00,0x00,0x00,0x00,0x00,0x00,0x00,0x00,0x00
.byte 0x00,0x00,0x60,0x14,0x61,0x02,0xe4,0x03,0xe4,0x03,0xe4,0x03,0x82,0x02,0xc0,0x2c
.byte 0x80,0x30,0x60,0x18,0x20,0x04,0x00,0x00,0x00,0x00,0x00,0x00,0x00,0x00,0x00,0x00
.byte 0x00,0x00,0x00,0x00,0x40,0x10,0xc0,0x05,0x83,0x03,0xe4,0x03,0xe4,0x03,0xe3,0x03
.byte 0x80,0x21,0x80,0x30,0x80,0x30,0x80,0x30,0x60,0x11,0x22,0x03,0xe4,0x03,0xe4,0x03
.byte 0x83,0x03,0xa1,0x1d,0x80,0x20,0x20,0x08,0x00,0x00,0x00,0x00,0x00,0x00,0x00,0x00
.byte 0x20,0x08,0x20,0x09,0xe2,0x02,0xe4,0x03,0xe4,0x03,0x83,0x03,0xe1,0x15,0xc0,0x3c
.byte 0xc0,0x38,0x60,0x14,0xa1,0x0d,0xe4,0x03,0xe4,0x03,0xc3,0x03,0xa2,0x0e,0x80,0x30
.byte 0x80,0x28,0x40,0x10,0x00,0x00,0x00,0x00,0x00,0x00,0x00,0x00,0x00,0x04,0xc0,0x10
.byte 0xa2,0x02,0xe4,0x03,0xe3,0x03,0x22,0x0f,0x00,0x4d,0x00,0x49,0x80,0x2c,0xc0,0x10
.byte 0xa3,0x03,0xe4,0x03,0xe4,0x03,0xe3,0x03,0x40,0x02,0x00,0x4d,0x60,0x14,0x00,0x00
.byte 0x00,0x00,0x00,0x00,0x00,0x00,0x60,0x14,0xe1,0x02,0xe3,0x03,0xe4,0x03,0xe4,0x03
.byte 0x22,0x03,0xe0,0x28,0x80,0x30,0x60,0x18,0x20,0x04,0x00,0x00,0x40,0x10,0x81,0x06
.byte 0xc3,0x03,0xe4,0x03,0xe4,0x03,0xc2,0x02,0x00,0x25,0xe1,0x0d,0x02,0x03,0xc3,0x03
.byte 0xe4,0x03,0xe4,0x03,0xe4,0x03,0x62,0x03,0x60,0x1d,0x80,0x30,0x60,0x20,0x20,0x08
.byte 0x00,0x00,0x40,0x0c,0xc1,0x09,0x63,0x03,0xe4,0x03,0xc3,0x03,0x41,0x2a,0x00,0x4d
.byte 0xc0,0x40,0x80,0x30,0x80,0x30,0x80,0x30,0xc0,0x3c,0x00,0x4d,0x00,0x4d,0xe0,0x40
.byte 0x80,0x24,0x40,0x0c,0x00,0x00,0x00,0x00,0x00,0x00,0x00,0x00,0x00,0x00,0x00,0x00
.byte 0x00,0x00,0x00,0x00,0x00,0x00,0x00,0x00,0x00,0x00,0x00,0x00,0x00,0x00,0x00,0x00
.byte 0x00,0x00,0x00,0x00,0x00,0x00,0x00,0x00,0x00,0x00,0x00,0x00,0x00,0x00,0x00,0x00
.byte 0x00,0x00,0x00,0x00,0x00,0x00,0x00,0x00,0x00,0x00,0x00,0x00,0x00,0x00,0x00,0x00
.byte 0x00,0x00,0x60,0x14,0x61,0x02,0xe4,0x03,0xe4,0x03,0xe4,0x03,0x82,0x02,0xc0,0x2c
.byte 0x80,0x30,0x60,0x18,0x20,0x04,0x00,0x00,0x00,0x00,0x00,0x00,0x00,0x00,0x00,0x00
.byte 0x00,0x00,0x00,0x00,0x40,0x10,0xc2,0x06,0xe3,0x03,0xe4,0x03,0xe4,0x03,0xe2,0x02
.byte 0x20,0x21,0x80,0x30,0x80,0x30,0x60,0x1c,0x60,0x14,0x21,0x06,0xa3,0x03,0xe4,0x03
.byte 0xe4,0x03,0xc2,0x02,0x60,0x2d,0xa0,0x2c,0x40,0x08,0x00,0x00,0x00,0x00,0x00,0x00
.byte 0x20,0x08,0x80,0x09,0x43,0x03,0xe4,0x03,0xe4,0x03,0x43,0x03,0xa1,0x15,0x80,0x30
.byte 0x80,0x24,0x20,0x0d,0xe2,0x02,0xe4,0x03,0xe4,0x03,0xa3,0x03,0x62,0x0e,0x80,0x30
.byte 0x80,0x28,0x40,0x10,0x00,0x00,0x00,0x00,0x00,0x00,0x00,0x00,0x00,0x04,0xe0,0x10
.byte 0x22,0x03,0xe4,0x03,0xe3,0x03,0x22,0x07,0xa0,0x34,0x00,0x45,0x60,0x14,0xa0,0x10
.byte 0xe2,0x02,0xe4,0x03,0xe4,0x03,0xe4,0x03,0x61,0x02,0x00,0x4d,0x60,0x14,0x00,0x00
.byte 0x00,0x00,0x00,0x00,0x00,0x00,0x60,0x14,0x22,0x03,0xe4,0x03,0xe4,0x03,0xe4,0x03
.byte 0x22,0x03,0xe0,0x28,0x80,0x30,0x60,0x18,0x20,0x04,0x00,0x00,0x40,0x10,0x81,0x06
.byte 0xc3,0x03,0xe4,0x03,0xe4,0x03,0x61,0x02,0xe0,0x24,0x80,0x30,0x80,0x30,0xe1,0x0d
.byte 0x83,0x03,0xe4,0x03,0xe4,0x03,0x62,0x03,0x60,0x1d,0x80,0x30,0x60,0x20,0x20,0x08
.byte 0x00,0x00,0x40,0x0c,0xe1,0x09,0x83,0x03,0xe4,0x03,0xc3,0x03,0x01,0x1a,0xc0,0x40
.byte 0xc0,0x30,0x60,0x14,0x60,0x14,0x60,0x14,0x20,0x0d,0x61,0x02,0x82,0x02,0x81,0x09
.byte 0x40,0x0c,0x00,0x00,0x00,0x00,0x00,0x00,0x00,0x00,0x00,0x00,0x00,0x00,0x00,0x00
.byte 0x00,0x00,0x00,0x00,0x00,0x00,0x00,0x00,0x00,0x00,0x00,0x00,0x00,0x00,0x00,0x00
.byte 0x00,0x00,0x00,0x00,0x00,0x00,0x00,0x00,0x00,0x00,0x00,0x00,0x00,0x00,0x00,0x00
.byte 0x00,0x00,0x00,0x00,0x00,0x00,0x00,0x00,0x00,0x00,0x00,0x00,0x00,0x00,0x00,0x00
.byte 0x00,0x00,0x60,0x14,0xa1,0x02,0xe4,0x03,0xe4,0x03,0xe4,0x03,0x01,0x02,0xa0,0x2c
.byte 0x80,0x30,0x60,0x18,0x20,0x04,0x00,0x00,0x60,0x10,0x60,0x14,0x00,0x00,0x00,0x00
.byte 0x00,0x00,0x40,0x10,0xe1,0x05,0x83,0x03,0xe4,0x03,0xe4,0x03,0x83,0x03,0x60,0x21
.byte 0x80,0x30,0x80,0x30,0x60,0x1c,0x60,0x14,0x60,0x05,0x22,0x03,0xe3,0x03,0xe4,0x03
.byte 0xe4,0x03,0xe2,0x02,0x80,0x2d,0xa0,0x2c,0x40,0x08,0x00,0x00,0x00,0x00,0x00,0x00
.byte 0x20,0x08,0xe1,0x09,0xa3,0x03,0xe4,0x03,0xe4,0x03,0x02,0x03,0x40,0x15,0x20,0x1d
.byte 0x41,0x02,0x02,0x03,0xad,0x2f,0xf5,0x53,0xe4,0x03,0xa3,0x03,0x41,0x0e,0x80,0x30
.byte 0x80,0x28,0x40,0x10,0x00,0x00,0x00,0x00,0x00,0x00,0x00,0x00,0x00,0x04,0xe0,0x10
.byte 0x42,0x03,0xe4,0x03,0xc3,0x03,0xa1,0x06,0x80,0x30,0x80,0x2c,0x60,0x14,0x80,0x10
.byte 0x01,0x02,0xe4,0x03,0xe4,0x03,0xe4,0x03,0xe1,0x02,0xa0,0x30,0x00,0x4d,0x60,0x14
.byte 0x00,0x00,0x00,0x00,0x00,0x00,0x60,0x14,0x62,0x03,0xe4,0x03,0xe4,0x03,0xe4,0x03
.byte 0x22,0x03,0xe0,0x28,0x80,0x30,0x60,0x18,0x20,0x04,0x00,0x00,0x40,0x10,0x81,0x06
.byte 0xc3,0x03,0xe4,0x03,0xe4,0x03,0x61,0x25,0x80,0x30,0x80,0x30,0x60,0x1c,0xc1,0x05
.byte 0x83,0x03,0xe4,0x03,0xe4,0x03,0xe2,0x02,0x40,0x1d,0x80,0x30,0x60,0x20,0x20,0x08
.byte 0x00,0x00,0x40,0x0c,0xe1,0x09,0x83,0x03,0xe4,0x03,0xc3,0x03,0x01,0x1a,0x80,0x30
.byte 0x80,0x19,0xc2,0x02,0x90,0x3b,0xff,0x7f,0xff,0x7f,0xf4,0x4b,0x83,0x03,0x41,0x22
.byte 0xc0,0x38,0x40,0x0c,0x00,0x00,0x00,0x00,0x00,0x00,0x00,0x00,0x00,0x00,0x00,0x00
.byte 0x00,0x00,0x00,0x00,0x00,0x00,0x00,0x00,0x00,0x00,0x00,0x00,0x00,0x00,0x00,0x00
.byte 0x00,0x00,0x00,0x00,0x00,0x00,0x00,0x00,0x00,0x00,0x00,0x00,0x00,0x00,0x00,0x00
.byte 0x00,0x00,0x00,0x00,0x00,0x00,0x00,0x00,0x00,0x00,0x00,0x00,0x00,0x00,0x00,0x00
.byte 0x00,0x00,0x60,0x14,0x01,0x03,0xe4,0x03,0xe4,0x03,0xe4,0x03,0xc0,0x2c,0x80,0x30
.byte 0x80,0x30,0x60,0x18,0x20,0x04,0x60,0x10,0x00,0x02,0xe1,0x02,0xe0,0x10,0x00,0x04
.byte 0x00,0x00,0x40,0x10,0x41,0x06,0xa3,0x03,0xe4,0x03,0xe4,0x03,0xe3,0x03,0x80,0x21
.byte 0x80,0x30,0x80,0x30,0x60,0x1c,0x60,0x14,0x21,0x06,0xa3,0x03,0xe4,0x03,0xe4,0x03
.byte 0x62,0x03,0xa0,0x1d,0xe0,0x40,0x00,0x4d,0xa0,0x2c,0x40,0x08,0x00,0x00,0x20,0x08
.byte 0x20,0x09,0xe2,0x02,0xe4,0x03,0xe4,0x03,0xe4,0x03,0xf0,0x37,0xff,0x7f,0xff,0x7f
.byte 0xff,0x7f,0xff,0x7f,0xf5,0x53,0xe4,0x03,0xe4,0x03,0xa3,0x03,0x41,0x0e,0x80,0x30
.byte 0x80,0x28,0x40,0x10,0x00,0x00,0x00,0x00,0x00,0x00,0x00,0x00,0x00,0x04,0x00,0x11
.byte 0x63,0x03,0xe4,0x03,0xe3,0x03,0xe2,0x06,0x80,0x30,0x80,0x2c,0x60,0x10,0x20,0x04
.byte 0xa0,0x10,0xc3,0x03,0xe4,0x03,0xe4,0x03,0xe1,0x02,0xa0,0x30,0x00,0x4d,0x60,0x14
.byte 0x00,0x00,0x00,0x00,0x00,0x00,0x60,0x14,0x62,0x03,0xe4,0x03,0xe4,0x03,0xe4,0x03
.byte 0x22,0x03,0xe0,0x28,0x80,0x30,0x60,0x18,0x20,0x04,0x00,0x00,0x40,0x10,0x81,0x06
.byte 0xc3,0x03,0xe4,0x03,0xe4,0x03,0x61,0x25,0x80,0x30,0x80,0x30,0x60,0x1c,0xc1,0x05
.byte 0x83,0x03,0xe4,0x03,0xe4,0x03,0xe2,0x02,0x40,0x1d,0x80,0x30,0x60,0x20,0x20,0x08
.byte 0x00,0x00,0x40,0x0c,0xe1,0x09,0x83,0x03,0xe4,0x03,0xc3,0x03,0x01,0x1a,0x80,0x30
.byte 0x80,0x19,0x23,0x03,0xe4,0x03,0xe4,0x03,0xe4,0x03,0xe4,0x03,0x83,0x03,0x41,0x22
.byte 0x00,0x4d,0xc0,0x38,0x40,0x0c,0x00,0x00,0x00,0x00,0x00,0x00,0x00,0x00,0x00,0x00
.byte 0x00,0x00,0x00,0x00,0x00,0x00,0x00,0x00,0x00,0x00,0x00,0x00,0x00,0x00,0x00,0x00
.byte 0x00,0x00,0x00,0x00,0x00,0x00,0x00,0x00,0x00,0x00,0x00,0x00,0x00,0x00,0x00,0x00
.byte 0x00,0x00,0x00,0x00,0x00,0x00,0x00,0x00,0x00,0x00,0x00,0x00,0x00,0x00,0x00,0x00
.byte 0x00,0x00,0x60,0x14,0x01,0x03,0xe4,0x03,0xe4,0x03,0xe4,0x03,0xc0,0x2c,0x80,0x30
.byte 0x80,0x30,0x60,0x18,0x60,0x14,0x81,0x02,0xc3,0x03,0xe2,0x02,0x60,0x41,0x80,0x20
.byte 0x00,0x04,0x00,0x00,0x40,0x10,0xa2,0x06,0xc3,0x03,0xe4,0x03,0xe4,0x03,0x42,0x03
.byte 0x40,0x21,0x60,0x1c,0x60,0x14,0xc1,0x05,0x63,0x03,0xf5,0x53,0xee,0x33,0xe3,0x03
.byte 0xa1,0x02,0x20,0x1d,0x80,0x30,0xe0,0x40,0xa0,0x2c,0x40,0x08,0x00,0x00,0x20,0x08
.byte 0x80,0x09,0x63,0x03,0xe4,0x03,0xe4,0x03,0xe4,0x03,0xe4,0x03,0xe4,0x03,0xe4,0x03
.byte 0xe4,0x03,0xe4,0x03,0xe4,0x03,0xe4,0x03,0xe4,0x03,0xa3,0x03,0x41,0x0e,0x80,0x30
.byte 0x80,0x28,0x40,0x10,0x00,0x00,0x00,0x00,0x00,0x00,0x00,0x00,0x00,0x04,0x00,0x11
.byte 0xa3,0x03,0xe4,0x03,0xe3,0x03,0x22,0x07,0x80,0x30,0x80,0x2c,0x60,0x14,0xa0,0x10
.byte 0xe2,0x02,0xe4,0x03,0xe4,0x03,0xe4,0x03,0xe1,0x02,0x80,0x30,0x80,0x30,0x60,0x14
.byte 0x00,0x00,0x00,0x00,0x00,0x00,0x60,0x14,0x62,0x03,0xe4,0x03,0xe4,0x03,0xe4,0x03
.byte 0x22,0x03,0xe0,0x28,0x80,0x30,0x60,0x18,0x20,0x04,0x00,0x00,0x40,0x10,0x81,0x06
.byte 0xc3,0x03,0xe4,0x03,0xe4,0x03,0x61,0x25,0x80,0x30,0x60,0x1c,0x60,0x14,0x21,0x06
.byte 0xa3,0x03,0xe4,0x03,0xe4,0x03,0xe2,0x02,0x40,0x1d,0x80,0x30,0x60,0x20,0x20,0x08
.byte 0x00,0x00,0x40,0x0c,0x21,0x0a,0xc3,0x03,0xe4,0x03,0xc3,0x03,0x01,0x1a,0x80,0x30
.byte 0x80,0x20,0x80,0x20,0x80,0x19,0x42,0x03,0xe4,0x03,0xe4,0x03,0x43,0x03,0xa1,0x11
.byte 0xc0,0x3c,0xc0,0x38,0x40,0x0c,0x00,0x00,0x00,0x00,0x00,0x00,0x00,0x00,0x00,0x00
.byte 0x00,0x00,0x00,0x00,0x00,0x00,0x00,0x00,0x00,0x00,0x00,0x00,0x00,0x00,0x00,0x00
.byte 0x00,0x00,0x00,0x00,0x00,0x00,0x00,0x00,0x00,0x00,0x00,0x00,0x00,0x00,0x00,0x00
.byte 0x00,0x00,0x00,0x00,0x00,0x00,0x00,0x00,0x00,0x00,0x00,0x00,0x00,0x00,0x00,0x00
.byte 0x00,0x00,0x60,0x14,0x01,0x03,0xe4,0x03,0xe4,0x03,0xe4,0x03,0x41,0x02,0xa0,0x2c
.byte 0xc0,0x05,0xc1,0x02,0xa2,0x03,0xfb,0x6f,0xe8,0x13,0x41,0x02,0x40,0x41,0x00,0x4d
.byte 0x80,0x20,0x00,0x04,0x40,0x10,0x80,0x05,0x63,0x03,0xe4,0x03,0xe4,0x03,0xe4,0x03
.byte 0x42,0x03,0x40,0x0d,0x80,0x05,0x63,0x03,0xf6,0x53,0xee,0x2f,0xe4,0x03,0x42,0x03
.byte 0x80,0x1d,0x80,0x30,0x80,0x30,0x80,0x20,0x40,0x08,0x00,0x00,0x00,0x00,0x40,0x0c
.byte 0xe1,0x09,0xa3,0x03,0xe4,0x03,0xe4,0x03,0xe4,0x03,0xe4,0x03,0xe3,0x03,0xa3,0x03
.byte 0xa3,0x03,0xc3,0x03,0xe4,0x03,0xe4,0x03,0xe4,0x03,0xa3,0x03,0x41,0x0e,0x80,0x30
.byte 0x80,0x28,0x40,0x10,0x00,0x00,0x00,0x00,0x00,0x00,0x00,0x00,0x00,0x04,0x20,0x11
.byte 0xe3,0x03,0xe4,0x03,0xe3,0x03,0x22,0x07,0x80,0x30,0xe0,0x28,0xe2,0x02,0xa6,0x0f
.byte 0xfd,0x73,0xe4,0x03,0xe4,0x03,0xe4,0x03,0xe1,0x02,0x80,0x30,0x80,0x30,0x60,0x14
.byte 0x00,0x00,0x00,0x00,0x00,0x00,0x60,0x14,0x62,0x03,0xe4,0x03,0xe4,0x03,0xe4,0x03
.byte 0x22,0x03,0xe0,0x28,0x80,0x30,0x60,0x18,0x20,0x04,0x00,0x00,0x40,0x10,0x81,0x06
.byte 0xc3,0x03,0xe4,0x03,0xe4,0x03,0x61,0x25,0x80,0x30,0x60,0x1c,0x60,0x14,0x41,0x06
.byte 0xa3,0x03,0xe4,0x03,0xe4,0x03,0xe2,0x02,0x40,0x1d,0x80,0x30,0x60,0x20,0x20,0x08
.byte 0x00,0x00,0x40,0x0c,0x21,0x0a,0xc3,0x03,0xe4,0x03,0xc3,0x03,0x01,0x1a,0x80,0x30
.byte 0x80,0x20,0x60,0x14,0x40,0x09,0x22,0x03,0xe4,0x03,0xe4,0x03,0x43,0x03,0xa1,0x11
.byte 0x80,0x30,0x80,0x24,0x40,0x0c,0x00,0x00,0x00,0x00,0x00,0x00,0x20,0x04,0x60,0x14
.byte 0x60,0x14,0x60,0x14,0x60,0x14,0x40,0x10,0x00,0x00,0x00,0x00,0x00,0x00,0x00,0x04
.byte 0x60,0x14,0x60,0x14,0x60,0x14,0x60,0x14,0x40,0x10,0x00,0x00,0x00,0x00,0x00,0x00
.byte 0x00,0x00,0x60,0x14,0x60,0x14,0x60,0x14,0x60,0x14,0x60,0x14,0x00,0x00,0x00,0x00
.byte 0x00,0x00,0x60,0x14,0x01,0x03,0xe4,0x03,0xe4,0x03,0xe4,0x03,0xe4,0x03,0xfd,0x77
.byte 0xff,0x7f,0xff,0x7f,0xff,0x7f,0xe7,0x13,0xc3,0x03,0x00,0x29,0x80,0x30,0x00,0x49
.byte 0x80,0x20,0x20,0x04,0x00,0x00,0x40,0x10,0x21,0x06,0xa3,0x03,0xe4,0x03,0xe4,0x03
.byte 0xf7,0x5b,0xff,0x7f,0xff,0x7f,0xff,0x7f,0xed,0x2f,0xe4,0x03,0xc3,0x03,0xc1,0x1d
.byte 0x80,0x30,0x80,0x30,0x80,0x30,0x80,0x20,0x40,0x08,0x00,0x00,0x40,0x0c,0x20,0x09
.byte 0xe2,0x02,0xe4,0x03,0xe4,0x03,0xe4,0x03,0xa3,0x03,0x21,0x16,0x80,0x30,0x80,0x30
.byte 0x80,0x30,0xe1,0x1d,0xe4,0x03,0xe4,0x03,0xe4,0x03,0xa3,0x03,0x41,0x0e,0x80,0x30
.byte 0x80,0x28,0x40,0x10,0x00,0x00,0x00,0x00,0x00,0x00,0x00,0x00,0x00,0x04,0x20,0x11
.byte 0xe4,0x03,0xe4,0x03,0xe4,0x03,0xe8,0x17,0xff,0x7f,0xff,0x7f,0xff,0x7f,0xfc,0x73
.byte 0xe4,0x03,0xe4,0x03,0xe4,0x03,0xe4,0x03,0x81,0x02,0x80,0x30,0x80,0x30,0x60,0x14
.byte 0x00,0x00,0x00,0x00,0x00,0x00,0x60,0x14,0xa2,0x03,0xe4,0x03,0xe4,0x03,0xe4,0x03
.byte 0x22,0x03,0xe0,0x28,0x80,0x30,0x60,0x18,0x20,0x04,0x00,0x00,0x40,0x10,0x81,0x06
.byte 0xc3,0x03,0xe4,0x03,0xe4,0x03,0x61,0x25,0x80,0x30,0x60,0x1c,0x60,0x14,0x62,0x06
.byte 0xc3,0x03,0xe4,0x03,0xe4,0x03,0xe2,0x02,0x40,0x1d,0x80,0x30,0x60,0x20,0x20,0x08
.byte 0x00,0x00,0x40,0x0c,0x21,0x0a,0xc3,0x03,0xe4,0x03,0xe4,0x03,0xe2,0x02,0x40,0x19
.byte 0x80,0x20,0x80,0x09,0x42,0x03,0xf0,0x3b,0xf3,0x47,0xe4,0x03,0x43,0x03,0xa1,0x11
.byte 0x80,0x30,0x80,0x24,0x40,0x0c,0x00,0x00,0x00,0x00,0x20,0x04,0xe0,0x0c,0x21,0x02
.byte 0x02,0x03,0x83,0x03,0x83,0x03,0xa0,0x05,0x40,0x10,0x00,0x00,0x00,0x04,0xa0,0x10
.byte 0x01,0x02,0x02,0x03,0x83,0x03,0xa3,0x03,0xe0,0x01,0x40,0x10,0x00,0x00,0x00,0x00
.byte 0x80,0x10,0xe1,0x01,0xe2,0x02,0x63,0x03,0xe4,0x03,0x20,0x02,0x60,0x14,0x00,0x00
.byte 0x00,0x00,0x60,0x14,0x42,0x03,0xe4,0x03,0xe4,0x03,0xe4,0x03,0xe4,0x03,0xe4,0x03
.byte 0xe4,0x03,0xe4,0x03,0xe4,0x03,0xe4,0x03,0x22,0x03,0x00,0x29,0x80,0x30,0x80,0x30
.byte 0x60,0x18,0x20,0x04,0x00,0x00,0x00,0x00,0x40,0x10,0x62,0x06,0xc3,0x03,0xe4,0x03
.byte 0xe4,0x03,0xe4,0x03,0xe4,0x03,0xe4,0x03,0xe4,0x03,0xe4,0x03,0x02,0x03,0x40,0x1d
.byte 0x80,0x30,0x80,0x30,0x80,0x20,0x20,0x08,0x00,0x00,0x00,0x00,0x40,0x0c,0xa1,0x09
.byte 0x63,0x03,0xe4,0x03,0xe4,0x03,0xe4,0x03,0x63,0x03,0xc1,0x15,0x80,0x30,0x80,0x30
.byte 0x20,0x1d,0xa2,0x02,0xe4,0x03,0xe4,0x03,0xe4,0x03,0x63,0x03,0xc1,0x0d,0x80,0x30
.byte 0x80,0x28,0x40,0x10,0x00,0x00,0x00,0x00,0x00,0x00,0x00,0x04,0xc0,0x10,0xa1,0x02
.byte 0xe4,0x03,0xe4,0x03,0xe4,0x03,0xe4,0x03,0xe4,0x03,0xe4,0x03,0xe4,0x03,0xe4,0x03
.byte 0xe4,0x03,0xe4,0x03,0xe4,0x03,0x82,0x03,0x20,0x02,0x00,0x4d,0x80,0x30,0x60,0x14
.byte 0x00,0x00,0x00,0x00,0x00,0x00,0x60,0x14,0xc3,0x03,0xe4,0x03,0xe4,0x03,0xe4,0x03
.byte 0x22,0x03,0xe0,0x28,0x80,0x30,0x60,0x18,0x20,0x04,0x00,0x00,0x40,0x10,0x81,0x06
.byte 0xc3,0x03,0xe4,0x03,0xe4,0x03,0x61,0x25,0x80,0x30,0x60,0x1c,0x60,0x14,0xa2,0x06
.byte 0xc3,0x03,0xe4,0x03,0xe4,0x03,0xe2,0x02,0x40,0x1d,0x80,0x30,0x60,0x20,0x20,0x08
.byte 0x00,0x00,0x40,0x0c,0x21,0x0a,0xc3,0x03,0xe4,0x03,0xe4,0x03,0xa3,0x03,0x43,0x03
.byte 0x83,0x03,0xf1,0x3f,0xff,0x7f,0xf3,0x47,0xe4,0x03,0xe4,0x03,0x43,0x03,0xa1,0x11
.byte 0x80,0x30,0x80,0x24,0x40,0x0c,0x00,0x00,0x00,0x00,0x20,0x04,0x40,0x0d,0x4b,0x27
.byte 0xff,0x7f,0xf8,0x5f,0x03,0x0f,0xa0,0x38,0xe0,0x40,0x40,0x10,0x00,0x04,0xe0,0x10
.byte 0x47,0x1b,0xff,0x7f,0xfb,0x6b,0x63,0x07,0xa0,0x34,0x00,0x49,0x60,0x10,0x00,0x00
.byte 0xa0,0x10,0x24,0x0b,0xff,0x7f,0xfe,0x7b,0xc3,0x03,0x80,0x30,0x00,0x4d,0x60,0x14
.byte 0x00,0x00,0x60,0x14,0x82,0x03,0xe4,0x03,0xe4,0x03,0xe4,0x03,0xc3,0x03,0xa3,0x03
.byte 0x83,0x03,0x83,0x03,0x83,0x03,0x83,0x03,0x82,0x02,0x40,0x41,0xa0,0x34,0x60,0x18
.byte 0x20,0x04,0x00,0x00,0x00,0x00,0x00,0x00,0x40,0x10,0x80,0x05,0x42,0x03,0xe3,0x03
.byte 0xe4,0x03,0xe4,0x03,0xe4,0x03,0xe4,0x03,0xc3,0x03,0x42,0x03,0xc0,0x31,0x00,0x4d
.byte 0xc0,0x3c,0x60,0x20,0x20,0x08,0x00,0x00,0x00,0x00,0x00,0x00,0x40,0x0c,0xe1,0x09
.byte 0xa3,0x03,0xe4,0x03,0xe3,0x03,0xa3,0x03,0xc2,0x02,0x80,0x21,0xe0,0x40,0x80,0x24
.byte 0x60,0x0d,0x42,0x03,0xa3,0x03,0x62,0x03,0x02,0x03,0xa1,0x02,0xa0,0x19,0xe0,0x44
.byte 0x80,0x28,0x40,0x10,0x00,0x00,0x00,0x00,0x00,0x00,0x00,0x04,0xc0,0x10,0xc2,0x02
.byte 0xe4,0x03,0xe4,0x03,0xe4,0x03,0xe4,0x03,0xe3,0x03,0xa3,0x03,0x82,0x03,0x02,0x03
.byte 0xc1,0x02,0x20,0x02,0x80,0x30,0xa0,0x30,0x00,0x4d,0x00,0x4d,0x00,0x4d,0x60,0x14
.byte 0x00,0x00,0x00,0x00,0x60,0x14,0x00,0x02,0xe3,0x03,0xe4,0x03,0xe4,0x03,0xe4,0x03
.byte 0xc2,0x02,0xc0,0x28,0x80,0x30,0x60,0x18,0x20,0x04,0x00,0x00,0x40,0x10,0xe2,0x06
.byte 0xe3,0x03,0xe4,0x03,0xe4,0x03,0x61,0x25,0x80,0x30,0x60,0x1c,0x60,0x14,0xc2,0x06
.byte 0xe3,0x03,0xe4,0x03,0xe4,0x03,0xe2,0x02,0x40,0x1d,0x80,0x30,0x60,0x20,0x20,0x08
.byte 0x00,0x00,0x40,0x0c,0x62,0x0a,0xe4,0x03,0xe4,0x03,0xe4,0x03,0xf2,0x43,0xff,0x7f
.byte 0xff,0x7f,0xf2,0x43,0xe4,0x03,0xe4,0x03,0xe4,0x03,0xe4,0x03,0x43,0x03,0xa1,0x11
.byte 0x80,0x30,0x80,0x24,0x40,0x0c,0x00,0x00,0x00,0x00,0x20,0x04,0x40,0x0d,0x42,0x03
.byte 0xe4,0x03,0xe4,0x03,0x03,0x0f,0x80,0x30,0xa0,0x38,0xe0,0x3c,0x20,0x04,0xe0,0x10
.byte 0x42,0x03,0xe4,0x03,0xe4,0x03,0x63,0x07,0x80,0x30,0xa0,0x34,0xe0,0x44,0x20,0x04
.byte 0xa0,0x10,0x22,0x03,0xe4,0x03,0xe4,0x03,0xc3,0x03,0x80,0x30,0x80,0x30,0x00,0x4d
.byte 0x00,0x00,0x60,0x14,0x61,0x02,0x62,0x02,0xa0,0x2c,0x80,0x30,0x80,0x30,0x80,0x30
.byte 0x80,0x30,0x80,0x30,0x80,0x30,0x80,0x30,0x00,0x49,0x00,0x4d,0x00,0x4d,0x80,0x20
.byte 0x20,0x04,0x00,0x00,0x00,0x00,0x00,0x00,0x00,0x00,0x40,0x0c,0xc0,0x05,0xc1,0x02
.byte 0xc2,0x02,0x82,0x02,0x01,0x02,0x00,0x21,0x80,0x30,0x80,0x30,0xe0,0x44,0x00,0x4d
.byte 0x00,0x4d,0xa0,0x2c,0x20,0x08,0x00,0x00,0x00,0x00,0x00,0x00,0x20,0x08,0x40,0x09
.byte 0x01,0x02,0x40,0x15,0x80,0x30,0x80,0x30,0xc0,0x3c,0x00,0x4d,0x00,0x4d,0xc0,0x34
.byte 0x60,0x14,0x60,0x20,0x80,0x30,0x80,0x30,0x80,0x30,0xc0,0x38,0x00,0x4d,0x00,0x4d
.byte 0xe0,0x3c,0x40,0x10,0x00,0x00,0x00,0x00,0x00,0x00,0x00,0x04,0xc0,0x10,0x61,0x02
.byte 0x02,0x03,0xa2,0x02,0x41,0x02,0xa0,0x05,0x80,0x30,0x80,0x30,0x80,0x30,0x80,0x30
.byte 0x80,0x30,0x80,0x30,0x80,0x30,0x80,0x30,0xa0,0x30,0x00,0x4d,0x00,0x4d,0x60,0x14
.byte 0x00,0x00,0x00,0x00,0x60,0x14,0x41,0x02,0x82,0x03,0x83,0x03,0xe2,0x02,0x01,0x02
.byte 0x20,0x45,0x00,0x4d,0xa0,0x34,0x60,0x18,0x20,0x04,0x00,0x00,0x40,0x10,0x22,0x07
.byte 0xe3,0x03,0xc3,0x03,0x43,0x03,0x80,0x3d,0xa0,0x38,0x60,0x1c,0x60,0x14,0xe2,0x06
.byte 0xe4,0x03,0xc3,0x03,0x42,0x03,0xc0,0x35,0x00,0x4d,0xc0,0x3c,0x60,0x20,0x20,0x08
.byte 0x00,0x00,0x40,0x0c,0x62,0x0a,0xe4,0x03,0xe4,0x03,0xe4,0x03,0xe4,0x03,0xe4,0x03
.byte 0xe4,0x03,0xe4,0x03,0xe4,0x03,0xc3,0x03,0x83,0x03,0x83,0x03,0x02,0x03,0xc0,0x21
.byte 0xe0,0x40,0x80,0x24,0x40,0x0c,0x00,0x00,0x00,0x00,0x20,0x04,0x40,0x0d,0x42,0x03
.byte 0xe3,0x03,0x62,0x03,0x61,0x16,0xe0,0x44,0x80,0x28,0x40,0x10,0x20,0x04,0xe0,0x10
.byte 0x42,0x03,0xe3,0x03,0x82,0x03,0x81,0x0a,0x00,0x49,0x80,0x2c,0x60,0x10,0x20,0x04
.byte 0xa0,0x10,0x22,0x03,0xe4,0x03,0xa2,0x03,0xc1,0x02,0x00,0x4d,0x80,0x30,0x60,0x14
.byte 0x00,0x00,0x00,0x00,0x60,0x14,0x80,0x30,0x80,0x30,0x80,0x30,0x80,0x30,0x80,0x30
.byte 0x80,0x30,0x80,0x30,0x80,0x30,0x80,0x30,0x80,0x30,0x00,0x49,0x00,0x4d,0x80,0x20
.byte 0x20,0x04,0x00,0x00,0x00,0x00,0x00,0x00,0x00,0x00,0x00,0x00,0x40,0x0c,0x80,0x28
.byte 0x80,0x30,0x80,0x30,0x80,0x30,0x80,0x30,0x80,0x30,0x80,0x30,0x80,0x30,0xe0,0x40
.byte 0xa0,0x2c,0x20,0x08,0x00,0x00,0x00,0x00,0x00,0x00,0x00,0x00,0x00,0x00,0x20,0x08
.byte 0x80,0x20,0x80,0x30,0x80,0x30,0x80,0x30,0x80,0x30,0xc0,0x3c,0x00,0x4d,0xc0,0x34
.byte 0x40,0x0c,0x20,0x08,0x60,0x1c,0x80,0x30,0x80,0x30,0x80,0x30,0xc0,0x38,0x00,0x4d
.byte 0xe0,0x3c,0x40,0x10,0x00,0x00,0x00,0x00,0x00,0x00,0x00,0x00,0x00,0x04,0x60,0x18
.byte 0x80,0x30,0x80,0x30,0x80,0x30,0x80,0x30,0x80,0x30,0x80,0x30,0x80,0x30,0x80,0x30
.byte 0x80,0x30,0x80,0x30,0x80,0x30,0x80,0x2c,0x60,0x14,0x60,0x14,0x60,0x14,0x00,0x00
.byte 0x00,0x00,0x00,0x00,0x00,0x00,0x60,0x14,0x80,0x2c,0x80,0x30,0x80,0x30,0x80,0x30
.byte 0x00,0x4d,0x00,0x4d,0x00,0x4d,0x80,0x1c,0x20,0x04,0x00,0x00,0x40,0x10,0x41,0x06
.byte 0x41,0x02,0xe0,0x24,0xe0,0x48,0x00,0x4d,0x00,0x4d,0x80,0x24,0x60,0x14,0xa0,0x05
.byte 0x00,0x21,0x80,0x30,0x80,0x30,0xe0,0x44,0x00,0x4d,0x00,0x4d,0xa0,0x28,0x20,0x08
.byte 0x00,0x00,0x40,0x0c,0x60,0x09,0x61,0x02,0x62,0x02,0x62,0x02,0x41,0x02,0x60,0x19
.byte 0x80,0x30,0x80,0x30,0x80,0x30,0x80,0x30,0x80,0x30,0x80,0x30,0xc0,0x3c,0x00,0x4d
.byte 0x00,0x4d,0xc0,0x38,0x40,0x0c,0x00,0x00,0x00,0x00,0x00,0x00,0x20,0x04,0x60,0x1c
.byte 0x80,0x30,0xa0,0x38,0x00,0x4d,0x00,0x4d,0xe0,0x40,0x40,0x10,0x00,0x00,0x20,0x04
.byte 0x60,0x18,0x80,0x30,0xa0,0x34,0x00,0x4d,0x00,0x4d,0x00,0x49,0x60,0x10,0x00,0x00
.byte 0x20,0x04,0x60,0x14,0x80,0x30,0xa0,0x30,0x00,0x4d,0x00,0x4d,0x00,0x4d,0x60,0x14
.byte 0x00,0x00,0x00,0x00,0x00,0x00,0x60,0x14,0x80,0x30,0x80,0x30,0x60,0x14,0x60,0x14
.byte 0x60,0x14,0x60,0x14,0x60,0x14,0x60,0x14,0x60,0x14,0x60,0x14,0x60,0x14,0x20,0x04
.byte 0x00,0x00,0x00,0x00,0x00,0x00,0x00,0x00,0x00,0x00,0x00,0x00,0x00,0x00,0x40,0x0c
.byte 0x80,0x28,0x80,0x30,0x80,0x30,0x80,0x30,0x80,0x30,0x60,0x1c,0x60,0x14,0x60,0x14
.byte 0x20,0x08,0x00,0x00,0x00,0x00,0x00,0x00,0x00,0x00,0x00,0x00,0x00,0x00,0x00,0x00
.byte 0x20,0x08,0x80,0x20,0x80,0x30,0x80,0x24,0x60,0x14,0x60,0x14,0x60,0x14,0x40,0x0c
.byte 0x00,0x00,0x00,0x00,0x20,0x08,0x60,0x14,0x60,0x14,0x60,0x14,0x60,0x14,0x60,0x14
.byte 0x40,0x10,0x00,0x00,0x00,0x00,0x00,0x00,0x00,0x00,0x00,0x00,0x00,0x00,0x00,0x04
.byte 0x60,0x18,0x80,0x30,0x80,0x30,0x80,0x30,0x80,0x30,0x80,0x2c,0x60,0x14,0x60,0x14
.byte 0x60,0x14,0x60,0x14,0x60,0x14,0x60,0x14,0x00,0x00,0x00,0x00,0x00,0x00,0x00,0x00
.byte 0x00,0x00,0x00,0x00,0x00,0x00,0x00,0x00,0x60,0x14,0x80,0x2c,0x80,0x30,0x80,0x30
.byte 0x80,0x30,0x00,0x49,0x80,0x1c,0x20,0x04,0x00,0x00,0x00,0x00,0x00,0x00,0x40,0x10
.byte 0x80,0x28,0x80,0x30,0x80,0x30,0xe0,0x48,0x00,0x4d,0x80,0x24,0x20,0x08,0x40,0x10
.byte 0x80,0x28,0x80,0x30,0x80,0x30,0x80,0x30,0xe0,0x44,0xa0,0x28,0x20,0x08,0x00,0x00
.byte 0x00,0x00,0x00,0x00,0x20,0x0c,0x80,0x24,0x80,0x30,0x80,0x30,0x80,0x30,0x80,0x30
.byte 0x80,0x30,0x80,0x30,0x80,0x30,0x80,0x30,0x80,0x30,0x80,0x30,0x80,0x30,0xc0,0x3c
.byte 0x00,0x4d,0xc0,0x38,0x40,0x0c,0x00,0x00,0x00,0x00,0x00,0x00,0x00,0x00,0x20,0x04
.byte 0x60,0x1c,0x80,0x30,0xa0,0x38,0x00,0x4d,0xe0,0x40,0x40,0x10,0x00,0x00,0x00,0x00
.byte 0x00,0x04,0x60,0x18,0x80,0x30,0xa0,0x34,0x00,0x4d,0x00,0x49,0x60,0x10,0x00,0x00
.byte 0x00,0x00,0x00,0x00,0x60,0x14,0x80,0x30,0xa0,0x30,0x00,0x4d,0x00,0x4d,0x60,0x14
.byte 0x00,0x00,0x00,0x00,0x00,0x00,0x00,0x00,0x60,0x14,0x60,0x14,0x20,0x04,0x00,0x00
.byte 0x00,0x00,0x00,0x00,0x00,0x00,0x00,0x00,0x00,0x00,0x00,0x00,0x00,0x00,0x00,0x00
.byte 0x00,0x00,0x00,0x00,0x00,0x00,0x00,0x00,0x00,0x00,0x00,0x00,0x00,0x00,0x00,0x00
.byte 0x40,0x0c,0x60,0x14,0x60,0x14,0x60,0x14,0x60,0x14,0x20,0x08,0x00,0x00,0x00,0x00
.byte 0x00,0x00,0x00,0x00,0x00,0x00,0x00,0x00,0x00,0x00,0x00,0x00,0x00,0x00,0x00,0x00
.byte 0x00,0x00,0x00,0x00,0x00,0x00,0x00,0x00,0x00,0x00,0x00,0x00,0x00,0x00,0x00,0x00
.byte 0x00,0x00,0x00,0x00,0x00,0x00,0x00,0x00,0x00,0x00,0x00,0x00,0x00,0x00,0x00,0x00
.byte 0x00,0x00,0x00,0x00,0x00,0x00,0x00,0x00,0x00,0x00,0x00,0x00,0x00,0x00,0x00,0x00
.byte 0x00,0x04,0x60,0x14,0x60,0x14,0x60,0x14,0x60,0x14,0x60,0x10,0x00,0x00,0x00,0x00
.byte 0x00,0x00,0x00,0x00,0x00,0x00,0x00,0x00,0x00,0x00,0x00,0x00,0x00,0x00,0x00,0x00
.byte 0x00,0x00,0x00,0x00,0x00,0x00,0x00,0x00,0x00,0x00,0x60,0x14,0x60,0x14,0x60,0x14
.byte 0x60,0x14,0x60,0x14,0x20,0x04,0x00,0x00,0x00,0x00,0x00,0x00,0x00,0x00,0x00,0x00
.byte 0x40,0x10,0x80,0x28,0x80,0x30,0x60,0x1c,0x60,0x14,0x20,0x08,0x00,0x00,0x00,0x00
.byte 0x40,0x0c,0x80,0x28,0x60,0x1c,0x60,0x14,0x60,0x14,0x20,0x08,0x00,0x00,0x00,0x00
.byte 0x00,0x00,0x00,0x00,0x00,0x00,0x20,0x08,0x80,0x24,0x80,0x30,0x80,0x30,0x80,0x30
.byte 0x80,0x30,0x80,0x24,0x60,0x14,0x60,0x14,0x60,0x14,0x60,0x14,0x60,0x14,0x60,0x14
.byte 0x60,0x14,0x40,0x0c,0x00,0x00,0x00,0x00,0x00,0x00,0x00,0x00,0x00,0x00,0x00,0x00
.byte 0x00,0x04,0x60,0x14,0x60,0x14,0x60,0x14,0x40,0x10,0x00,0x00,0x00,0x00,0x00,0x00
.byte 0x00,0x00,0x00,0x00,0x60,0x14,0x60,0x14,0x60,0x14,0x60,0x10,0x00,0x00,0x00,0x00
.byte 0x00,0x00,0x00,0x00,0x00,0x00,0x60,0x14,0x60,0x14,0x60,0x14,0x60,0x14,0x00,0x00
.byte 0x00,0x00,0x00,0x00,0x00,0x00,0x00,0x00,0x00,0x00,0x00,0x00,0x00,0x00,0x00,0x00
.byte 0x00,0x00,0x00,0x00,0x00,0x00,0x00,0x00,0x00,0x00,0x00,0x00,0x00,0x00,0x00,0x00
.byte 0x00,0x00,0x00,0x00,0x00,0x00,0x00,0x00,0x00,0x00,0x00,0x00,0x00,0x00,0x00,0x00
.byte 0x00,0x00,0x00,0x00,0x00,0x00,0x00,0x00,0x00,0x00,0x00,0x00,0x00,0x00,0x00,0x00
.byte 0x00,0x00,0x00,0x00,0x00,0x00,0x00,0x00,0x00,0x00,0x00,0x00,0x00,0x00,0x00,0x00
.byte 0x00,0x00,0x00,0x00,0x00,0x00,0x00,0x00,0x00,0x00,0x00,0x00,0x00,0x00,0x00,0x00
.byte 0x00,0x00,0x00,0x00,0x00,0x00,0x00,0x00,0x00,0x00,0x00,0x00,0x00,0x00,0x00,0x00
.byte 0x00,0x00,0x00,0x00,0x00,0x00,0x00,0x00,0x00,0x00,0x00,0x00,0x00,0x00,0x00,0x00
.byte 0x00,0x00,0x00,0x00,0x00,0x00,0x00,0x00,0x00,0x00,0x00,0x00,0x00,0x00,0x00,0x00
.byte 0x00,0x00,0x00,0x00,0x00,0x00,0x00,0x00,0x00,0x00,0x00,0x00,0x00,0x00,0x00,0x00
.byte 0x00,0x00,0x00,0x00,0x00,0x00,0x00,0x00,0x00,0x00,0x00,0x00,0x00,0x00,0x00,0x00
.byte 0x00,0x00,0x00,0x00,0x00,0x00,0x00,0x00,0x00,0x00,0x00,0x00,0x00,0x00,0x00,0x00
.byte 0x00,0x00,0x40,0x10,0x60,0x14,0x20,0x04,0x00,0x00,0x00,0x00,0x00,0x00,0x00,0x00
.byte 0x00,0x00,0x40,0x0c,0x20,0x08,0x00,0x00,0x00,0x00,0x00,0x00,0x00,0x00,0x00,0x00
.byte 0x00,0x00,0x00,0x00,0x00,0x00,0x00,0x00,0x20,0x08,0x60,0x14,0x60,0x14,0x60,0x14
.byte 0x60,0x14,0x40,0x0c,0x00,0x00,0x00,0x00,0x00,0x00,0x00,0x00,0x00,0x00,0x00,0x00
.byte 0x00,0x00,0x00,0x00,0x00,0x00,0x00,0x00,0x00,0x00,0x00,0x00,0x00,0x00,0x00,0x00
.byte 0x00,0x00,0x00,0x00,0x00,0x00,0x00,0x00,0x00,0x00,0x00,0x00,0x00,0x00,0x00,0x00
.byte 0x00,0x00,0x00,0x00,0x00,0x00,0x00,0x00,0x00,0x00,0x00,0x00,0x00,0x00,0x00,0x00
.byte 0x00,0x00,0x00,0x00,0x00,0x00,0x00,0x00,0x00,0x00,0x00,0x00,0x00,0x00,0x00,0x00
.globl _GEX_DATA_00454f50
_GEX_DATA_00454f50:
.byte 0x25,0x33,0x64,0x00
.globl _GEX_DATA_00454f54
_GEX_DATA_00454f54:
.byte 0x45,0x6e,0x64,0x65,0x64,0x20,0x47,0x61,0x6d,0x65,0x54,0x68,0x72,0x65,0x61,0x64
.byte 0x20,0x62,0x79,0x20,0x74,0x65,0x72,0x6d,0x69,0x6e,0x61,0x74,0x69,0x6f,0x6e,0x0a
.byte 0x00,0x00,0x00,0x00
.globl _GEX_DATA_00454f78
_GEX_DATA_00454f78:
.byte 0x45,0x6e,0x64,0x65,0x64,0x20,0x4d,0x75,0x73,0x69,0x63,0x54,0x68,0x72,0x65,0x61
.byte 0x64,0x20,0x62,0x79,0x20,0x74,0x65,0x72,0x6d,0x69,0x6e,0x61,0x74,0x69,0x6f,0x6e
.byte 0x0a,0x00,0x00,0x00
.globl _GEX_DATA_00454f9c
_GEX_DATA_00454f9c:
.byte 0x44,0x65,0x62,0x75,0x67,0x20,0x56,0x72,0x61,0x6d,0x00,0x00
.globl _GEX_DATA_00454fa8
_GEX_DATA_00454fa8:
.byte 0x30,0x00,0x00,0x00,0x00,0x00,0x00,0x00,0x00,0x00,0x00,0x00
.globl _GEX_DATA_00454fb4
_GEX_DATA_00454fb4:
.byte 0x01,0x00,0x00,0x00,0x00,0x00,0x00,0x00,0x00,0x00,0x00,0x00
.globl _GEX_DATA_00454fc0
_GEX_DATA_00454fc0:
.byte 0x01,0x00,0x00,0x00
.globl _GEX_DATA_00454fc4
_GEX_DATA_00454fc4:
.zero 4
.globl _GEX_DATA_00454fc8
_GEX_DATA_00454fc8:
.byte 0x00,0x00,0x00,0x00,0x00,0x00,0x00,0x00,0x58,0x41,0x63,0x68,0x57,0x69,0x65,0x47
.byte 0x75,0x74,0x44,0x61,0x73,0x4b,0x65,0x69,0x6e,0x65,0x72,0x57,0x65,0x69,0x73,0x00
.globl _GEX_DATA_00454fe8
_GEX_DATA_00454fe8:
.zero 4
.globl _GEX_DATA_00454fec
_GEX_DATA_00454fec:
.byte 0x30,0x00,0x00,0x00
.globl _GEX_DATA_00454ff0
_GEX_DATA_00454ff0:
.byte 0x30,0x00,0x00,0x00,0x30,0x00,0x00,0x00,0x00,0x00,0x00,0x00,0x02,0x00,0x00,0x00
.globl _GEX_DATA_00455000
_GEX_DATA_00455000:
.byte 0x01,0x00,0x00,0x00
.globl _GEX_DATA_00455004
_GEX_DATA_00455004:
.byte 0x01,0x00,0x00,0x00
.globl _GEX_DATA_00455008
_GEX_DATA_00455008:
.byte 0x01,0x00,0x00,0x00
.globl _GEX_DATA_0045500c
_GEX_DATA_0045500c:
.byte 0x64,0x00,0x00,0x00
.globl _GEX_DATA_00455010
_GEX_DATA_00455010:
.byte 0x64,0x00,0x00,0x00
.globl _GEX_DATA_00455014
_GEX_DATA_00455014:
.byte 0x50,0x00,0x00,0x00
.globl _GEX_DATA_00455018
_GEX_DATA_00455018:
.byte 0xff,0xff,0xff,0xff
.globl _GEX_DATA_0045501c
_GEX_DATA_0045501c:
.byte 0x01,0x00,0x00,0x00
.globl _GEX_DATA_00455020
_GEX_DATA_00455020:
.byte 0x53,0x63,0x72,0x65,0x65,0x6e,0x53,0x61,0x76,0x65,0x50,0x6f,0x77,0x65,0x72,0x4f
.byte 0x66,0x66,0x41,0x63,0x74,0x69,0x76,0x65,0x00,0x00,0x00,0x00
.globl _GEX_DATA_0045503c
_GEX_DATA_0045503c:
.byte 0x53,0x63,0x72,0x65,0x65,0x6e,0x53,0x61,0x76,0x65,0x4c,0x6f,0x77,0x50,0x6f,0x77
.byte 0x65,0x72,0x41,0x63,0x74,0x69,0x76,0x65,0x00,0x00,0x00,0x00
.globl _GEX_DATA_00455058
_GEX_DATA_00455058:
.byte 0x43,0x6f,0x6e,0x74,0x72,0x6f,0x6c,0x20,0x50,0x61,0x6e,0x65,0x6c,0x5c,0x64,0x65
.byte 0x73,0x6b,0x74,0x6f,0x70,0x00,0x00,0x00,0x00,0x03,0x00,0x01,0x00,0x00,0x00,0x00
.byte 0x00,0x00,0x00,0x00,0x00,0x00,0x00,0x00,0x00,0x00,0x00,0x00,0x00,0x00,0x00,0x00
.byte 0x00,0x00,0x00,0x00,0x00,0x00,0x00,0x00,0x00,0x00,0x00,0x00,0x00,0x00,0x00,0x00
.byte 0x00,0x00,0x00,0x00,0x00,0x00,0x00,0x00,0x00,0x00,0x00,0x00,0x00,0x00,0x00,0x00
.byte 0x00,0x00,0x00,0x00,0x00,0x00,0x00,0x00,0x00,0x00,0x00,0x00,0x00,0x00,0x00,0x00
.byte 0x00,0x00,0x00,0x00,0x00,0x00,0x00,0x00,0x00,0x00,0x00,0x00,0x00,0x00,0x00,0x00
.byte 0x00,0x00,0x00,0x00,0x00,0x00,0x00,0x00,0x00,0x00,0x00,0x00,0x00,0x00,0x00,0x00
.byte 0x00,0x00,0x00,0x00,0x00,0x00,0x00,0x00,0x00,0x00,0x00,0x00,0x00,0x00,0x00,0x00
.byte 0x00,0x00,0x00,0x00,0x00,0x00,0x00,0x00,0x00,0x00,0x00,0x00,0x00,0x00,0x00,0x00
.byte 0x00,0x00,0x00,0x00,0x00,0x00,0x00,0x00,0x00,0x00,0x00,0x00,0x00,0x00,0x00,0x00
.byte 0x00,0x00,0x00,0x00,0x00,0x00,0x00,0x00,0x00,0x00,0x00,0x00,0x00,0x00,0x00,0x00
.byte 0x00,0x00,0x00,0x00,0x00,0x00,0x00,0x00,0x00,0x00,0x00,0x00,0x00,0x00,0x00,0x00
.byte 0x00,0x00,0x00,0x00,0x00,0x00,0x00,0x00,0x00,0x00,0x00,0x00,0x00,0x00,0x00,0x00
.byte 0x00,0x00,0x00,0x00,0x00,0x00,0x00,0x00,0x00,0x00,0x00,0x00,0x00,0x00,0x00,0x00
.byte 0x00,0x00,0x00,0x00,0x00,0x00,0x00,0x00,0x00,0x00,0x00,0x00,0x00,0x00,0x00,0x00
.byte 0x00,0x00,0x00,0x00,0x00,0x00,0x00,0x00,0x00,0x00,0x00,0x00,0x00,0x00,0x00,0x00
.byte 0x00,0x00,0x00,0x00,0x00,0x00,0x00,0x00,0x00,0x00,0x00,0x00,0x00,0x00,0x00,0x00
.byte 0x00,0x00,0x00,0x00,0x00,0x00,0x00,0x00,0x00,0x00,0x00,0x00,0x00,0x00,0x00,0x00
.byte 0x00,0x00,0x00,0x00,0x00,0x00,0x00,0x00,0x00,0x00,0x00,0x00,0x00,0x00,0x00,0x00
.byte 0x00,0x00,0x00,0x00,0x00,0x00,0x00,0x00,0x00,0x00,0x00,0x00,0x00,0x00,0x00,0x00
.byte 0x00,0x00,0x00,0x00,0x00,0x00,0x00,0x00,0x00,0x00,0x00,0x00,0x00,0x00,0x00,0x00
.byte 0x00,0x00,0x00,0x00,0x00,0x00,0x00,0x00,0x00,0x00,0x00,0x00,0x00,0x00,0x00,0x00
.byte 0x00,0x00,0x00,0x00,0x00,0x00,0x00,0x00,0x00,0x00,0x00,0x00,0x00,0x00,0x00,0x00
.byte 0x00,0x00,0x00,0x00,0x00,0x00,0x00,0x00,0x00,0x00,0x00,0x00,0x00,0x00,0x00,0x00
.byte 0x00,0x00,0x00,0x00,0x00,0x00,0x00,0x00,0x00,0x00,0x00,0x00,0x00,0x00,0x00,0x00
.byte 0x00,0x00,0x00,0x00,0x00,0x00,0x00,0x00,0x00,0x00,0x00,0x00,0x00,0x00,0x00,0x00
.byte 0x00,0x00,0x00,0x00,0x00,0x00,0x00,0x00,0x00,0x00,0x00,0x00,0x00,0x00,0x00,0x00
.byte 0x00,0x00,0x00,0x00,0x00,0x00,0x00,0x00,0x00,0x00,0x00,0x00,0x00,0x00,0x00,0x00
.byte 0x00,0x00,0x00,0x00,0x00,0x00,0x00,0x00,0x00,0x00,0x00,0x00,0x00,0x00,0x00,0x00
.byte 0x00,0x00,0x00,0x00,0x00,0x00,0x00,0x00,0x00,0x00,0x00,0x00,0x00,0x00,0x00,0x00
.byte 0x00,0x00,0x00,0x00,0x00,0x00,0x00,0x00,0x00,0x00,0x00,0x00,0x00,0x00,0x00,0x00
.byte 0x00,0x00,0x00,0x00,0x00,0x00,0x00,0x00,0x00,0x00,0x00,0x00,0x00,0x00,0x00,0x00
.byte 0x00,0x00,0x00,0x00,0x00,0x00,0x00,0x00,0x00,0x00,0x00,0x00,0x00,0x00,0x00,0x00
.byte 0x00,0x00,0x00,0x00,0x00,0x00,0x00,0x00,0x00,0x00,0x00,0x00,0x00,0x00,0x00,0x00
.byte 0x00,0x00,0x00,0x00,0x00,0x00,0x00,0x00,0x00,0x00,0x00,0x00,0x00,0x00,0x00,0x00
.byte 0x00,0x00,0x00,0x00,0x00,0x00,0x00,0x00,0x00,0x00,0x00,0x00,0x00,0x00,0x00,0x00
.byte 0x00,0x00,0x00,0x00,0x00,0x00,0x00,0x00,0x00,0x00,0x00,0x00,0x00,0x00,0x00,0x00
.byte 0x00,0x00,0x00,0x00,0x00,0x00,0x00,0x00,0x00,0x00,0x00,0x00,0x00,0x00,0x00,0x00
.byte 0x00,0x00,0x00,0x00,0x00,0x00,0x00,0x00,0x00,0x00,0x00,0x00,0x00,0x00,0x00,0x00
.byte 0x00,0x00,0x00,0x00,0x00,0x00,0x00,0x00,0x00,0x00,0x00,0x00,0x00,0x00,0x00,0x00
.byte 0x00,0x00,0x00,0x00,0x00,0x00,0x00,0x00,0x00,0x00,0x00,0x00,0x00,0x00,0x00,0x00
.byte 0x00,0x00,0x00,0x00,0x00,0x00,0x00,0x00,0x00,0x00,0x00,0x00,0x00,0x00,0x00,0x00
.byte 0x00,0x00,0x00,0x00,0x00,0x00,0x00,0x00,0x00,0x00,0x00,0x00,0x00,0x00,0x00,0x00
.byte 0x00,0x00,0x00,0x00,0x00,0x00,0x00,0x00,0x00,0x00,0x00,0x00,0x00,0x00,0x00,0x00
.byte 0x00,0x00,0x00,0x00,0x00,0x00,0x00,0x00,0x00,0x00,0x00,0x00,0x00,0x00,0x00,0x00
.byte 0x00,0x00,0x00,0x00,0x00,0x00,0x00,0x00,0x00,0x00,0x00,0x00,0x00,0x00,0x00,0x00
.byte 0x00,0x00,0x00,0x00,0x00,0x00,0x00,0x00,0x00,0x00,0x00,0x00,0x00,0x00,0x00,0x00
.byte 0x00,0x00,0x00,0x00,0x00,0x00,0x00,0x00,0x00,0x00,0x00,0x00,0x00,0x00,0x00,0x00
.byte 0x00,0x00,0x00,0x00,0x00,0x00,0x00,0x00,0x00,0x00,0x00,0x00,0x00,0x00,0x00,0x00
.byte 0x00,0x00,0x00,0x00,0x00,0x00,0x00,0x00,0x00,0x00,0x00,0x00,0x00,0x00,0x00,0x00
.byte 0x00,0x00,0x00,0x00,0x00,0x00,0x00,0x00,0x00,0x00,0x00,0x00,0x00,0x00,0x00,0x00
.byte 0x00,0x00,0x00,0x00,0x00,0x00,0x00,0x00,0x00,0x00,0x00,0x00,0x00,0x00,0x00,0x00
.byte 0x00,0x00,0x00,0x00,0x00,0x00,0x00,0x00,0x00,0x00,0x00,0x00,0x00,0x00,0x00,0x00
.byte 0x00,0x00,0x00,0x00,0x00,0x00,0x00,0x00,0x00,0x00,0x00,0x00,0x00,0x00,0x00,0x00
.byte 0x00,0x00,0x00,0x00,0x00,0x00,0x00,0x00,0x00,0x00,0x00,0x00,0x00,0x00,0x00,0x00
.byte 0x00,0x00,0x00,0x00,0x00,0x00,0x00,0x00,0x00,0x00,0x00,0x00,0x00,0x00,0x00,0x00
.byte 0x00,0x00,0x00,0x00,0x00,0x00,0x00,0x00,0x00,0x00,0x00,0x00,0x00,0x00,0x00,0x00
.byte 0x00,0x00,0x00,0x00,0x00,0x00,0x00,0x00,0x00,0x00,0x00,0x00,0x00,0x00,0x00,0x00
.byte 0x00,0x00,0x00,0x00,0x00,0x00,0x00,0x00,0x00,0x00,0x00,0x00,0x00,0x00,0x00,0x00
.byte 0x00,0x00,0x00,0x00,0x00,0x00,0x00,0x00,0x00,0x00,0x00,0x00,0x00,0x00,0x00,0x00
.byte 0x00,0x00,0x00,0x00,0x00,0x00,0x00,0x00,0x00,0x00,0x00,0x00,0x00,0x00,0x00,0x00
.byte 0x00,0x00,0x00,0x00,0x00,0x00,0x00,0x00,0x00,0x00,0x00,0x00,0x00,0x00,0x00,0x00
.byte 0x00,0x00,0x00,0x00,0x00,0x00,0x00,0x00,0x00,0x00,0x00,0x00,0x00,0x00,0x00,0x00
.byte 0x00,0x00,0x00,0x00,0x00,0x00,0x00,0x00,0x00,0x00,0x00,0x00,0x00,0x00,0x00,0x00
.byte 0x00,0x00,0x00,0x00,0x00,0x00,0x00,0x00,0x00,0x00,0x00,0x00
.globl _GEX_DATA_00455474
_GEX_DATA_00455474:
.zero 8
.globl _GEX_DATA_0045547c
_GEX_DATA_0045547c:
.zero 4
.globl _GEX_DATA_00455480
_GEX_DATA_00455480:
.byte 0x55,0x70,0x00,0x00,0x00,0x00,0x00,0x00,0x00,0x00,0x00,0x00,0x00,0x00,0x00,0x00
.globl _GEX_DATA_00455490
_GEX_DATA_00455490:
.byte 0x55,0x70,0x00,0x00,0x00,0x00,0x00,0x00,0x00,0x00,0x00,0x00,0x00,0x00,0x00,0x00
.globl _GEX_DATA_004554a0
_GEX_DATA_004554a0:
.byte 0x26,0x00,0x00,0x00,0x26,0x00,0x48,0x09,0x0d,0x04,0x00,0x00,0x4b,0x65,0x79,0x5f
.byte 0x55,0x70,0x00,0x00,0x00,0x00,0x00,0x00,0x00,0x00,0x00,0x00,0x44,0x6f,0x77,0x6e
.byte 0x00,0x00,0x00,0x00,0x00,0x00,0x00,0x00,0x00,0x00,0x00,0x00,0x44,0x6f,0x77,0x6e
.byte 0x00,0x00,0x00,0x00,0x00,0x00,0x00,0x00,0x00,0x00,0x00,0x00,0x28,0x00,0x00,0x00
.byte 0x28,0x00,0x50,0x09,0x10,0x04,0x00,0x00,0x4b,0x65,0x79,0x5f,0x44,0x6f,0x77,0x6e
.byte 0x00,0x00,0x00,0x00,0x00,0x00,0x00,0x00,0x4c,0x65,0x66,0x74,0x00,0x00,0x00,0x00
.byte 0x00,0x00,0x00,0x00,0x00,0x00,0x00,0x00,0x4c,0x65,0x66,0x74,0x00,0x00,0x00,0x00
.byte 0x00,0x00,0x00,0x00,0x00,0x00,0x00,0x00,0x25,0x00,0x00,0x00,0x25,0x00,0x4b,0x09
.byte 0x0e,0x04,0x00,0x00,0x4b,0x65,0x79,0x5f,0x4c,0x65,0x66,0x74,0x00,0x00,0x00,0x00
.byte 0x00,0x00,0x00,0x00,0x52,0x69,0x67,0x68,0x74,0x00,0x00,0x00,0x00,0x00,0x00,0x00
.byte 0x00,0x00,0x00,0x00,0x52,0x69,0x67,0x68,0x74,0x00,0x00,0x00,0x00,0x00,0x00,0x00
.byte 0x00,0x00,0x00,0x00,0x27,0x00,0x00,0x00,0x27,0x00,0x4d,0x09,0x0f,0x04,0x00,0x00
.byte 0x4b,0x65,0x79,0x5f,0x52,0x69,0x67,0x68,0x74,0x00,0x00,0x00,0x00,0x00,0x00,0x00
.byte 0x58,0x00,0x00,0x00,0x00,0x00,0x00,0x00,0x00,0x00,0x00,0x00,0x00,0x00,0x00,0x00
.byte 0x58,0x00,0x00,0x00,0x00,0x00,0x00,0x00,0x00,0x00,0x00,0x00,0x00,0x00,0x00,0x00
.byte 0x58,0x00,0x00,0x00,0x58,0x00,0x2d,0x08,0x09,0x04,0x00,0x00,0x4b,0x65,0x79,0x5f
.byte 0x4a,0x75,0x6d,0x70,0x00,0x00,0x00,0x00,0x00,0x00,0x00,0x00,0x5a,0x00,0x00,0x00
.byte 0x00,0x00,0x00,0x00,0x00,0x00,0x00,0x00,0x00,0x00,0x00,0x00,0x5a,0x00,0x00,0x00
.byte 0x00,0x00,0x00,0x00,0x00,0x00,0x00,0x00,0x00,0x00,0x00,0x00,0x5a,0x00,0x00,0x00
.byte 0x5a,0x00,0x2c,0x08,0x0a,0x04,0x00,0x00,0x4b,0x65,0x79,0x5f,0x57,0x68,0x69,0x70
.byte 0x00,0x00,0x00,0x00,0x00,0x00,0x00,0x00,0x43,0x00,0x00,0x00,0x00,0x00,0x00,0x00
.byte 0x00,0x00,0x00,0x00,0x00,0x00,0x00,0x00,0x43,0x00,0x00,0x00,0x00,0x00,0x00,0x00
.byte 0x00,0x00,0x00,0x00,0x00,0x00,0x00,0x00,0x43,0x00,0x00,0x00,0x43,0x00,0x2e,0x08
.byte 0x0b,0x04,0x00,0x00,0x4b,0x65,0x79,0x5f,0x4c,0x61,0x73,0x68,0x00,0x00,0x00,0x00
.byte 0x00,0x00,0x00,0x00,0x56,0x00,0x00,0x00,0x00,0x00,0x00,0x00,0x00,0x00,0x00,0x00
.byte 0x00,0x00,0x00,0x00,0x56,0x00,0x00,0x00,0x00,0x00,0x00,0x00,0x00,0x00,0x00,0x00
.byte 0x00,0x00,0x00,0x00,0x56,0x00,0x00,0x00,0x56,0x00,0x2f,0x08,0x0c,0x04,0x00,0x00
.byte 0x4b,0x65,0x79,0x5f,0x52,0x75,0x6e,0x00,0x00,0x00,0x00,0x00,0x00,0x00,0x00,0x00
.byte 0x42,0x75,0x74,0x74,0x6f,0x6e,0x20,0x31,0x00,0x00,0x00,0x00,0x00,0x00,0x00,0x00
.byte 0x42,0x75,0x74,0x74,0x6f,0x6e,0x20,0x31,0x00,0x00,0x00,0x00,0x00,0x00,0x00,0x00
.byte 0x02,0x00,0x00,0x00,0x02,0x00,0x00,0x00,0x0a,0x04,0x00,0x00,0x4a,0x6f,0x79,0x5f
.byte 0x4a,0x75,0x6d,0x70,0x00,0x00,0x00,0x00,0x00,0x00,0x00,0x00,0x42,0x75,0x74,0x74
.globl _GEX_DATA_004556a0
_GEX_DATA_004556a0:
.byte 0x6f,0x6e,0x20,0x32,0x00,0x00,0x00,0x00,0x00,0x00,0x00,0x00,0x42,0x75,0x74,0x74
.byte 0x6f,0x6e,0x20,0x32,0x00,0x00,0x00,0x00,0x00,0x00,0x00,0x00,0x04,0x00,0x00,0x00
.byte 0x04,0x00,0x00,0x00,0x0b,0x04,0x00,0x00,0x4a,0x6f,0x79,0x5f,0x57,0x68,0x69,0x70
.byte 0x00,0x00,0x00,0x00,0x00,0x00,0x00,0x00,0x42,0x75,0x74,0x74,0x6f,0x6e,0x20,0x33
.byte 0x00,0x00,0x00,0x00,0x00,0x00,0x00,0x00,0x42,0x75,0x74,0x74,0x6f,0x6e,0x20,0x33
.byte 0x00,0x00,0x00,0x00,0x00,0x00,0x00,0x00,0x01,0x00,0x00,0x00,0x01,0x00,0x00,0x00
.byte 0x0c,0x04,0x00,0x00,0x4a,0x6f,0x79,0x5f,0x4c,0x61,0x73,0x68,0x00,0x00,0x00,0x00
.byte 0x00,0x00,0x00,0x00,0x42,0x75,0x74,0x74,0x6f,0x6e,0x20,0x34,0x00,0x00,0x00,0x00
.byte 0x00,0x00,0x00,0x00,0x42,0x75,0x74,0x74,0x6f,0x6e,0x20,0x34,0x00,0x00,0x00,0x00
.byte 0x00,0x00,0x00,0x00,0x08,0x00,0x00,0x00,0x08,0x00,0x00,0x00,0x0d,0x04,0x00,0x00
.byte 0x4a,0x6f,0x79,0x5f,0x52,0x75,0x6e,0x00,0x00,0x00,0x00,0x00,0x00,0x00,0x00,0x00
.globl _GEX_DATA_00455750
_GEX_DATA_00455750:
.byte 0xc0,0x00,0x00,0x00,0x31,0x00,0x00,0x00,0x32,0x00,0x00,0x00,0x33,0x00,0x00,0x00
.byte 0x34,0x00,0x00,0x00,0x35,0x00,0x00,0x00,0x36,0x00,0x00,0x00,0x37,0x00,0x00,0x00
.byte 0x38,0x00,0x00,0x00,0x39,0x00,0x00,0x00,0x30,0x00,0x00,0x00,0xbd,0x00,0x00,0x00
.byte 0xbb,0x00,0x00,0x00,0x08,0x00,0x00,0x00,0x51,0x00,0x00,0x00,0x57,0x00,0x00,0x00
.byte 0x45,0x00,0x00,0x00,0x52,0x00,0x00,0x00,0x54,0x00,0x00,0x00,0x59,0x00,0x00,0x00
.byte 0x55,0x00,0x00,0x00,0x49,0x00,0x00,0x00,0x4f,0x00,0x00,0x00,0x50,0x00,0x00,0x00
.byte 0xdb,0x00,0x00,0x00,0xdd,0x00,0x00,0x00,0xdc,0x00,0x00,0x00,0x41,0x00,0x00,0x00
.byte 0x53,0x00,0x00,0x00,0x44,0x00,0x00,0x00,0x46,0x00,0x00,0x00,0x47,0x00,0x00,0x00
.byte 0x48,0x00,0x00,0x00,0x4a,0x00,0x00,0x00,0x4b,0x00,0x00,0x00,0x4c,0x00,0x00,0x00
.byte 0xba,0x00,0x00,0x00,0xde,0x00,0x00,0x00,0x5a,0x00,0x00,0x00,0x58,0x00,0x00,0x00
.byte 0x43,0x00,0x00,0x00,0x56,0x00,0x00,0x00,0x42,0x00,0x00,0x00,0x4e,0x00,0x00,0x00
.byte 0x4d,0x00,0x00,0x00,0xbc,0x00,0x00,0x00,0xbe,0x00,0x00,0x00,0xbf,0x00,0x00,0x00
.byte 0x20,0x00,0x00,0x00,0x2d,0x00,0x00,0x00,0x24,0x00,0x00,0x00,0x21,0x00,0x00,0x00
.byte 0x2e,0x00,0x00,0x00,0x23,0x00,0x00,0x00,0x22,0x00,0x00,0x00,0x25,0x00,0x00,0x00
.byte 0x26,0x00,0x00,0x00,0x27,0x00,0x00,0x00,0x28,0x00,0x00,0x00,0x60,0x00,0x00,0x00
.byte 0x61,0x00,0x00,0x00,0x62,0x00,0x00,0x00,0x63,0x00,0x00,0x00,0x64,0x00,0x00,0x00
.byte 0x65,0x00,0x00,0x00,0x66,0x00,0x00,0x00,0x67,0x00,0x00,0x00,0x68,0x00,0x00,0x00
.byte 0x69,0x00,0x00,0x00,0x6a,0x00,0x00,0x00,0x6b,0x00,0x00,0x00,0x6c,0x00,0x00,0x00
.byte 0x6d,0x00,0x00,0x00,0x6e,0x00,0x00,0x00,0x6f,0x00,0x00,0x00,0x00,0x00,0x00,0x00
.globl _GEX_DATA_00455880
_GEX_DATA_00455880:
.byte 0x25,0x73,0x20,0x28,0x25,0x64,0x20,0x78,0x20,0x25,0x64,0x29,0x00,0x00,0x00,0x00
.globl _GEX_DATA_00455890
_GEX_DATA_00455890:
.byte 0x25,0x73,0x20,0x28,0x25,0x73,0x29,0x00
.globl _GEX_DATA_00455898
_GEX_DATA_00455898:
.byte 0x63,0x6f,0x6e,0x74,0x72,0x6f,0x6c,0x20,0x6a,0x6f,0x79,0x2e,0x63,0x70,0x6c,0x00
.globl _GEX_DATA_004558a8
_GEX_DATA_004558a8:
.byte 0x4f,0x70,0x74,0x69,0x6f,0x6e,0x5f,0x46,0x75,0x6c,0x6c,0x53,0x63,0x72,0x65,0x65
.byte 0x6e,0x00,0x00,0x00
.globl _GEX_DATA_004558bc
_GEX_DATA_004558bc:
.byte 0x4f,0x70,0x74,0x69,0x6f,0x6e,0x5f,0x4d,0x75,0x73,0x69,0x63,0x00,0x00,0x00,0x00
.globl _GEX_DATA_004558cc
_GEX_DATA_004558cc:
.byte 0x4f,0x70,0x74,0x69,0x6f,0x6e,0x5f,0x56,0x6f,0x69,0x63,0x65,0x00,0x00,0x00,0x00
.globl _GEX_DATA_004558dc
_GEX_DATA_004558dc:
.byte 0x4f,0x70,0x74,0x69,0x6f,0x6e,0x5f,0x45,0x66,0x66,0x65,0x63,0x74,0x73,0x00,0x00
.globl _GEX_DATA_004558ec
_GEX_DATA_004558ec:
.byte 0x56,0x6f,0x6c,0x75,0x6d,0x65,0x5f,0x4d,0x75,0x73,0x69,0x63,0x00,0x00,0x00,0x00
.globl _GEX_DATA_004558fc
_GEX_DATA_004558fc:
.byte 0x56,0x6f,0x6c,0x75,0x6d,0x65,0x5f,0x56,0x6f,0x69,0x63,0x65,0x00,0x00,0x00,0x00
.globl _GEX_DATA_0045590c
_GEX_DATA_0045590c:
.byte 0x56,0x6f,0x6c,0x75,0x6d,0x65,0x5f,0x45,0x66,0x66,0x65,0x63,0x74,0x73,0x00,0x00
.globl _GEX_DATA_0045591c
_GEX_DATA_0045591c:
.byte 0x57,0x69,0x6e,0x64,0x6f,0x77,0x5f,0x54,0x6f,0x70,0x59,0x00
.globl _GEX_DATA_00455928
_GEX_DATA_00455928:
.byte 0x57,0x69,0x6e,0x64,0x6f,0x77,0x5f,0x54,0x6f,0x70,0x58,0x00
.globl _GEX_DATA_00455934
_GEX_DATA_00455934:
.byte 0x57,0x69,0x6e,0x64,0x6f,0x77,0x5f,0x53,0x69,0x7a,0x65,0x59,0x00,0x00,0x00,0x00
.globl _GEX_DATA_00455944
_GEX_DATA_00455944:
.byte 0x57,0x69,0x6e,0x64,0x6f,0x77,0x5f,0x53,0x69,0x7a,0x65,0x58,0x00,0x00,0x00,0x00
.globl _GEX_DATA_00455954
_GEX_DATA_00455954:
.byte 0x4a,0x6f,0x79,0x5f,0x49,0x44,0x00,0x00,0x50,0x72,0x6f,0x64,0x75,0x63,0x74,0x49
.byte 0x44,0x00,0x00,0x00
.globl _GEX_DATA_00455968
_GEX_DATA_00455968:
.byte 0x56,0x65,0x72,0x73,0x69,0x6f,0x6e,0x00
.globl _GEX_DATA_00455970
_GEX_DATA_00455970:
.byte 0x53,0x6f,0x66,0x74,0x77,0x61,0x72,0x65,0x5c,0x4d,0x69,0x63,0x72,0x6f,0x73,0x6f
.byte 0x66,0x74,0x5c,0x47,0x61,0x6d,0x65,0x73,0x5c,0x47,0x45,0x58,0x00,0x00,0x00,0x00
.globl _GEX_DATA_00455990
_GEX_DATA_00455990:
.byte 0x25,0x64,0x2e,0x25,0x64,0x00,0x00,0x00
.globl _GEX_DATA_00455998
_GEX_DATA_00455998:
.long _GEX_DATA_0047f030
.byte 0x43,0x44,0x49,0x4f,0x3a,0x20,0x4f,0x75,0x74,0x20,0x6f,0x66,0x20,0x46,0x69,0x6c
.byte 0x65,0x48,0x61,0x6e,0x64,0x6c,0x65,0x73,0x0a,0x00,0x00,0x00
.globl _GEX_DATA_004559b8
_GEX_DATA_004559b8:
.byte 0x43,0x44,0x49,0x4f,0x3a,0x20,0x55,0x6e,0x6b,0x6e,0x6f,0x77,0x6e,0x20,0x46,0x69
.byte 0x6c,0x65,0x48,0x61,0x6e,0x64,0x6c,0x65,0x20,0x75,0x73,0x65,0x64,0x20,0x69,0x6e
.byte 0x20,0x46,0x69,0x6c,0x65,0x43,0x6c,0x6f,0x73,0x65,0x0a,0x00
.globl _GEX_DATA_004559e4
_GEX_DATA_004559e4:
.byte 0x4c,0x45,0x56,0x5c,0x47,0x45,0x58,0x25,0x2e,0x33,0x64,0x2e,0x4c,0x45,0x56,0x00
.globl _GEX_DATA_004559f4
_GEX_DATA_004559f4:
.byte 0x49,0x44,0x4c,0x5c,0x47,0x45,0x58,0x30,0x30,0x30,0x2e,0x49,0x44,0x4c,0x00,0x00
.globl _GEX_DATA_00455a04
_GEX_DATA_00455a04:
.byte 0x43,0x44,0x49,0x4f,0x3a,0x20,0x68,0x61,0x76,0x65,0x20,0x25,0x64,0x20,0x6f,0x70
.byte 0x65,0x6e,0x20,0x46,0x69,0x6c,0x65,0x73,0x20,0x6f,0x6e,0x20,0x43,0x6c,0x6f,0x73
.byte 0x65,0x46,0x69,0x6c,0x65,0x53,0x79,0x73,0x74,0x65,0x6d,0x0a,0x00,0x00,0x00,0x00
.globl _GEX_DATA_00455a34
_GEX_DATA_00455a34:
.byte 0x4d,0x45,0x4d,0x3a,0x20,0x4e,0x65,0x65,0x64,0x20,0x6d,0x6f,0x72,0x65,0x20,0x74
.byte 0x68,0x61,0x6e,0x20,0x31,0x36,0x20,0x41,0x6c,0x6c,0x6f,0x63,0x73,0x0a,0x00,0x00
.globl _GEX_DATA_00455a54
_GEX_DATA_00455a54:
.byte 0x4d,0x45,0x4d,0x3a,0x20,0x63,0x61,0x6e,0x27,0x74,0x20,0x66,0x72,0x65,0x65,0x20
.byte 0x6d,0x65,0x6d,0x20,0x28,0x75,0x6e,0x6b,0x6e,0x6f,0x77,0x6e,0x20,0x70,0x74,0x72
.byte 0x20,0x75,0x73,0x65,0x64,0x29,0x0a,0x00
.globl _GEX_DATA_00455a7c
_GEX_DATA_00455a7c:
.byte 0x6c,0x6c,0x65,0x77,0x73,0x6f,0x72,0x74,0x61,0x79,0x74,0x72,0x61,0x70,0x00,0x00
.globl _GEX_DATA_00455a8c
_GEX_DATA_00455a8c:
.byte 0x79,0x62,0x61,0x62,0x72,0x65,0x73,0x6f,0x6c,0x61,0x6d,0x69,0x00,0x00,0x00,0x00
.globl _GEX_DATA_00455a9c
_GEX_DATA_00455a9c:
.byte 0x72,0x65,0x74,0x73,0x61,0x6d,0x6e,0x65,0x6b,0x6e,0x75,0x72,0x64,0x00,0x00,0x00
.globl _GEX_DATA_00455aac
_GEX_DATA_00455aac:
.byte 0x73,0x61,0x67,0x73,0x61,0x67,0x73,0x61,0x67,0x61,0x73,0x74,0x69,0x00,0x00,0x00
.globl _GEX_DATA_00455abc
_GEX_DATA_00455abc:
.byte 0x72,0x65,0x74,0x6c,0x61,0x77,0x6e,0x6f,0x6e,0x65,0x64,0x6e,0x61,0x72,0x67,0x00
.globl _GEX_DATA_00455acc
_GEX_DATA_00455acc:
.byte 0x74,0x68,0x67,0x69,0x6c,0x73,0x61,0x77,0x65,0x72,0x65,0x68,0x74,0x6e,0x65,0x68
.byte 0x74,0x00,0x00,0x00
.globl _GEX_DATA_00455ae0
_GEX_DATA_00455ae0:
.byte 0x65,0x67,0x61,0x6b,0x6e,0x69,0x72,0x68,0x73,0x65,0x76,0x61,0x68,0x69,0x00,0x00
.globl _GEX_DATA_00455af0
_GEX_DATA_00455af0:
.byte 0x65,0x6b,0x6f,0x6d,0x73,0x64,0x6e,0x61,0x68,0x64,0x6e,0x6f,0x63,0x65,0x73,0x00
.globl _GEX_DATA_00455b00
_GEX_DATA_00455b00:
.byte 0x6f,0x69,0x6c,0x6f,0x68,0x67,0x6e,0x75,0x62,0x65,0x69,0x64,0x72,0x65,0x76,0x65
.byte 0x6e,0x6c,0x6c,0x69,0x77,0x69,0x00,0x00
.globl _GEX_DATA_00455b18
_GEX_DATA_00455b18:
.byte 0x79,0x64,0x64,0x75,0x62,0x72,0x65,0x69,0x73,0x6f,0x6f,0x68,0x00,0x00,0x00,0x00
.globl _GEX_DATA_00455b28
_GEX_DATA_00455b28:
.byte 0x6d,0x6f,0x64,0x67,0x6e,0x69,0x6b,0x61,0x66,0x6f,0x73,0x00,0x00,0x00,0x00,0x00
.globl _GEX_DATA_00455b38
_GEX_DATA_00455b38:
.byte 0x0b,0x00,0x00,0x00,0x00,0x00,0x00,0x00
.globl _GEX_DATA_00455b40
_GEX_DATA_00455b40:
.long _GEX_DATA_00455b28
.long _GEX_DATA_00455b18
.long _GEX_DATA_00455b00
.long _GEX_DATA_00455af0
.long _GEX_DATA_00455ae0
.long _GEX_DATA_00455acc
.long _GEX_DATA_00455abc
.long _GEX_DATA_00455aac
.long _GEX_DATA_00455a9c
.long _GEX_DATA_00455a8c
.long _GEX_DATA_00455a7c
.zero 4
.globl _GEX_DATA_00455b70
_GEX_DATA_00455b70:
.byte 0x00,0x00,0xa0,0x00
.globl _GEX_DATA_00455b74
_GEX_DATA_00455b74:
.byte 0x00,0x00,0xc0,0x00
.globl _GEX_DATA_00455b78
_GEX_DATA_00455b78:
.long _GEX_DATA_004a29f0
.globl _GEX_DATA_00455b7c
_GEX_DATA_00455b7c:
.long _GEX_DATA_004a2ab0
.globl _GEX_DATA_00455b80
_GEX_DATA_00455b80:
.long _GEX_DATA_004a29c0
.globl _GEX_DATA_00455b84
_GEX_DATA_00455b84:
.long _GEX_DATA_004a2a50
.globl _GEX_DATA_00455b88
_GEX_DATA_00455b88:
.zero 4
.globl _GEX_DATA_00455b8c
_GEX_DATA_00455b8c:
.zero 4
.globl _GEX_DATA_00455b90
_GEX_DATA_00455b90:
.zero 4
.globl _GEX_DATA_00455b94
_GEX_DATA_00455b94:
.byte 0x00,0x00,0x10,0x00
.globl _GEX_DATA_00455b98
_GEX_DATA_00455b98:
.byte 0x00,0x00,0x10,0x00
.globl _GEX_DATA_00455b9c
_GEX_DATA_00455b9c:
.byte 0x00,0x00,0xb8,0x00
.globl _GEX_DATA_00455ba0
_GEX_DATA_00455ba0:
.byte 0x00,0x00,0xe8,0x00
.globl _GEX_DATA_00455ba4
_GEX_DATA_00455ba4:
.byte 0x00,0x00,0x58,0x00
.globl _GEX_DATA_00455ba8
_GEX_DATA_00455ba8:
.byte 0x00,0x00,0x88,0x00
.globl _GEX_DATA_00455bac
_GEX_DATA_00455bac:
.byte 0x00,0x00,0x64,0x00
.globl _GEX_DATA_00455bb0
_GEX_DATA_00455bb0:
.byte 0x00,0x00,0xb4,0x00
.globl _GEX_DATA_00455bb4
_GEX_DATA_00455bb4:
.byte 0x00,0x00,0x88,0x00
.globl _GEX_DATA_00455bb8
_GEX_DATA_00455bb8:
.byte 0x00,0x00,0xb8,0x00
.globl _GEX_DATA_00455bbc
_GEX_DATA_00455bbc:
.byte 0x00,0x00,0x64,0x00
.globl _GEX_DATA_00455bc0
_GEX_DATA_00455bc0:
.byte 0x00,0x00,0xb4,0x00
.globl _GEX_DATA_00455bc4
_GEX_DATA_00455bc4:
.byte 0x00,0x00,0xb8,0x00
.globl _GEX_DATA_00455bc8
_GEX_DATA_00455bc8:
.byte 0x00,0x00,0xe8,0x00
.globl _GEX_DATA_00455bcc
_GEX_DATA_00455bcc:
.byte 0x00,0x00,0x58,0x00
.globl _GEX_DATA_00455bd0
_GEX_DATA_00455bd0:
.byte 0x00,0x00,0x88,0x00
.globl _GEX_DATA_00455bd4
_GEX_DATA_00455bd4:
.byte 0x00,0x00,0x64,0x00
.globl _GEX_DATA_00455bd8
_GEX_DATA_00455bd8:
.byte 0x00,0x00,0xb4,0x00
.globl _GEX_DATA_00455bdc
_GEX_DATA_00455bdc:
.byte 0x00,0x00,0x64,0x00
.globl _GEX_DATA_00455be0
_GEX_DATA_00455be0:
.byte 0x00,0x00,0xb4,0x00
.globl _GEX_DATA_00455be4
_GEX_DATA_00455be4:
.zero 4
.globl _GEX_DATA_00455be8
_GEX_DATA_00455be8:
.byte 0x00,0x00,0x01,0x00
.globl _GEX_DATA_00455bec
_GEX_DATA_00455bec:
.byte 0x00,0x00,0x01,0x00
.globl _GEX_DATA_00455bf0
_GEX_DATA_00455bf0:
.zero 4
.globl _GEX_DATA_00455bf4
_GEX_DATA_00455bf4:
.byte 0x00,0x00,0xa0,0x00
.globl _GEX_DATA_00455bf8
_GEX_DATA_00455bf8:
.byte 0x00,0x00,0x78,0x00
.globl _GEX_DATA_00455bfc
_GEX_DATA_00455bfc:
.zero 4
.globl _GEX_DATA_00455c00
_GEX_DATA_00455c00:
.zero 4
.globl _GEX_DATA_00455c04
_GEX_DATA_00455c04:
.zero 4
.globl _GEX_DATA_00455c08
_GEX_DATA_00455c08:
.byte 0x01,0x00,0x00,0x00
.globl _GEX_DATA_00455c0c
_GEX_DATA_00455c0c:
.byte 0x01,0x00,0x00,0x00
.globl _GEX_DATA_00455c10
_GEX_DATA_00455c10:
.byte 0x01,0x00,0x00,0x00,0x00,0x00,0x00,0x00,0x01,0x00,0x00,0x00
.globl _GEX_DATA_00455c1c
_GEX_DATA_00455c1c:
.zero 8
.globl _GEX_DATA_00455c24
_GEX_DATA_00455c24:
.zero 4
.globl _GEX_DATA_00455c28
_GEX_DATA_00455c28:
.byte 0x00,0x00,0x00,0x00,0x00,0x00,0x01,0x00,0x00,0x00,0x00,0x00
.globl _GEX_DATA_00455c34
_GEX_DATA_00455c34:
.byte 0x03,0x00,0x00,0x00,0xa0,0x00,0x00,0x00
.globl _GEX_DATA_00455c3c
_GEX_DATA_00455c3c:
.zero 4
.globl _GEX_DATA_00455c40
_GEX_DATA_00455c40:
.byte 0xff,0xff,0xff,0xff
.globl _GEX_DATA_00455c44
_GEX_DATA_00455c44:
.byte 0x01,0x00,0x00,0x00
.globl _GEX_DATA_00455c48
_GEX_DATA_00455c48:
.byte 0x01,0x00,0x00,0x00
.globl _GEX_DATA_00455c4c
_GEX_DATA_00455c4c:
.byte 0x00,0x00,0x00,0x00,0x02,0x00,0x00,0x00
.globl _GEX_DATA_00455c54
_GEX_DATA_00455c54:
.zero 4
.globl _GEX_DATA_00455c58
_GEX_DATA_00455c58:
.zero 4
.globl _GEX_DATA_00455c5c
_GEX_DATA_00455c5c:
.byte 0x00,0x00,0x00,0x00,0xa0,0x00,0x00,0x00,0x78,0x00,0x00,0x00,0x8b,0x7f,0x62,0x63
.byte 0x64,0x65,0x66,0x7e,0x5f,0x60,0x61,0x80,0x67,0x68,0x69,0x6a,0x81,0x76,0x77,0x78
.byte 0x79,0x7a,0x7b,0x7c,0x7d,0x82,0x6b,0x6c,0x83,0x6d,0x6e,0x6f,0x70,0x71,0x72,0x73
.byte 0x74,0x84,0x46,0x47,0x48,0x49,0x4a,0x4b,0x4c,0x4d,0x4e,0x4f,0x50,0x51,0x52,0x53
.byte 0x54,0x55,0x56,0x85,0x57,0x58,0x59,0x5a,0x5b,0x5c,0x5d,0x5e,0x75,0x87,0x86,0x00
.byte 0x45,0x00,0x00,0x00
.globl _GEX_DATA_00455cb0
_GEX_DATA_00455cb0:
.byte 0x4c,0x6f,0x61,0x64,0x69,0x6e,0x67,0x20,0x47,0x58,0x20,0x44,0x61,0x74,0x61,0x0a
.byte 0x00,0x00,0x00,0x00
.globl _GEX_DATA_00455cc4
_GEX_DATA_00455cc4:
.byte 0x66,0x72,0x65,0x65,0x62,0x6c,0x6f,0x63,0x6b,0x73,0x20,0x3d,0x20,0x25,0x6c,0x64
.byte 0x0a,0x00,0x00,0x00
.globl _GEX_DATA_00455cd8
_GEX_DATA_00455cd8:
.byte 0x47,0x4f,0x42,0x5f,0x52,0x65,0x73,0x6f,0x6c,0x76,0x65,0x4c,0x6f,0x61,0x64,0x4f
.byte 0x62,0x6a,0x65,0x63,0x74,0x28,0x29,0x0a,0x00,0x00,0x00,0x00
.globl _GEX_DATA_00455cf4
_GEX_DATA_00455cf4:
.byte 0x72,0x65,0x73,0x65,0x74,0x20,0x70,0x6c,0x61,0x79,0x65,0x72,0x20,0x68,0x69,0x74
.byte 0x70,0x6f,0x69,0x6e,0x74,0x73,0x0a,0x00
.globl _GEX_DATA_00455d0c
_GEX_DATA_00455d0c:
.byte 0x45,0x72,0x72,0x6f,0x72,0x3a,0x20,0x43,0x6f,0x75,0x6c,0x64,0x6e,0x27,0x74,0x20
.byte 0x66,0x69,0x6e,0x64,0x20,0x64,0x6f,0x6f,0x72,0x20,0x69,0x64,0x20,0x23,0x25,0x6c
.byte 0x64,0x0a,0x00,0x00
.globl _GEX_DATA_00455d30
_GEX_DATA_00455d30:
.byte 0x57,0x61,0x72,0x6e,0x69,0x6e,0x67,0x3a,0x20,0x4e,0x6f,0x20,0x50,0x6c,0x61,0x79
.byte 0x65,0x72,0x20,0x69,0x6e,0x20,0x74,0x68,0x69,0x73,0x20,0x6c,0x65,0x76,0x65,0x6c
.byte 0x0a,0x00,0x00,0x00
.globl _GEX_DATA_00455d54
_GEX_DATA_00455d54:
.byte 0x3e,0x3e,0x3e,0x3e,0x3e,0x3e,0x3e,0x3e,0x3e,0x3e,0x3e,0x3e,0x3e,0x3e,0x3e,0x3e
.byte 0x3e,0x3e,0x3e,0x3e,0x3e,0x3e,0x3e,0x69,0x6e,0x20,0x6c,0x65,0x76,0x65,0x6c,0x3c
.byte 0x3c,0x3c,0x3c,0x3c,0x3c,0x3c,0x3c,0x3c,0x3c,0x3c,0x3c,0x3c,0x3c,0x3c,0x3c,0x3c
.byte 0x3c,0x3c,0x3c,0x3c,0x3c,0x0a,0x00,0x00
.globl _GEX_DATA_00455d8c
_GEX_DATA_00455d8c:
.byte 0x44,0x72,0x61,0x77,0x20,0x4f,0x62,0x6a,0x65,0x63,0x74,0x73,0x20,0x48,0x69,0x0a
.byte 0x00,0x00,0x00,0x00
.globl _GEX_DATA_00455da0
_GEX_DATA_00455da0:
.byte 0x44,0x72,0x61,0x77,0x20,0x4f,0x62,0x6a,0x65,0x63,0x74,0x73,0x20,0x4d,0x69,0x64
.byte 0x0a,0x00,0x00,0x00
.globl _GEX_DATA_00455db4
_GEX_DATA_00455db4:
.byte 0x44,0x72,0x61,0x77,0x20,0x54,0x69,0x6c,0x65,0x73,0x0a,0x00
.globl _GEX_DATA_00455dc0
_GEX_DATA_00455dc0:
.byte 0x53,0x65,0x74,0x20,0x53,0x63,0x72,0x6f,0x6c,0x6c,0x20,0x50,0x6f,0x73,0x69,0x74
.byte 0x69,0x6f,0x6e,0x0a,0x00,0x00,0x00,0x00
.globl _GEX_DATA_00455dd8
_GEX_DATA_00455dd8:
.byte 0x50,0x72,0x6f,0x63,0x65,0x73,0x73,0x20,0x43,0x6f,0x6c,0x6c,0x69,0x73,0x69,0x6f
.byte 0x6e,0x73,0x0a,0x00
.globl _GEX_DATA_00455dec
_GEX_DATA_00455dec:
.byte 0x50,0x72,0x6f,0x63,0x65,0x73,0x73,0x20,0x4f,0x62,0x6a,0x65,0x63,0x74,0x73,0x0a
.byte 0x00,0x00,0x00,0x00
.globl _GEX_DATA_00455e00
_GEX_DATA_00455e00:
.byte 0x50,0x72,0x6f,0x63,0x65,0x73,0x73,0x54,0x69,0x6c,0x65,0x41,0x6e,0x69,0x6d,0x73
.byte 0x0a,0x00,0x00,0x00
.globl _GEX_DATA_00455e14
_GEX_DATA_00455e14:
.byte 0x50,0x72,0x6f,0x63,0x65,0x73,0x73,0x42,0x6c,0x6f,0x63,0x6b,0x41,0x6e,0x69,0x6d
.byte 0x73,0x0a,0x00,0x00
.globl _GEX_DATA_00455e28
_GEX_DATA_00455e28:
.byte 0x49,0x6e,0x74,0x72,0x6f,0x20,0x4f,0x62,0x6a,0x65,0x63,0x74,0x73,0x0a,0x00,0x00
.globl _GEX_DATA_00455e38
_GEX_DATA_00455e38:
.byte 0x4d,0x61,0x78,0x20,0x43,0x65,0x6c,0x73,0x20,0x3d,0x20,0x25,0x6c,0x64,0x20,0x28
.byte 0x25,0x6c,0x64,0x29,0x0a,0x00,0x00,0x00
.globl _GEX_DATA_00455e50
_GEX_DATA_00455e50:
.byte 0x45,0x78,0x69,0x74,0x20,0x4c,0x65,0x76,0x65,0x6c,0x0a,0x00
.globl _GEX_DATA_00455e5c
_GEX_DATA_00455e5c:
.byte 0x4c,0x6f,0x61,0x64,0x20,0x4c,0x65,0x76,0x65,0x6c,0x20,0x23,0x25,0x6c,0x64,0x0a
.byte 0x00,0x00,0x00,0x00
.globl _GEX_DATA_00455e70
_GEX_DATA_00455e70:
.byte 0x2d,0x2d,0x2d,0x2d,0x45,0x6e,0x64,0x20,0x6f,0x66,0x20,0x4c,0x65,0x76,0x65,0x6c
.byte 0x2d,0x2d,0x2d,0x2d,0x2d,0x2d,0x2d,0x2d,0x2d,0x2d,0x2d,0x2d,0x2d,0x2d,0x0a,0x00
.globl _GEX_DATA_00455e90
_GEX_DATA_00455e90:
.byte 0x46,0x72,0x65,0x65,0x20,0x4c,0x65,0x76,0x65,0x6c,0x0a,0x00
.globl _GEX_DATA_00455e9c
_GEX_DATA_00455e9c:
.byte 0x46,0x72,0x65,0x65,0x20,0x50,0x61,0x72,0x61,0x6c,0x6c,0x61,0x78,0x0a,0x00,0x00
.globl _GEX_DATA_00455eac
_GEX_DATA_00455eac:
.byte 0x4c,0x6f,0x61,0x64,0x69,0x6e,0x67,0x20,0x4c,0x65,0x76,0x65,0x6c,0x20,0x23,0x25
.byte 0x6c,0x64,0x0a,0x00
.globl _GEX_DATA_00455ec0
_GEX_DATA_00455ec0:
.byte 0x41,0x56,0x49,0x5c,0x47,0x45,0x58,0x30,0x30,0x32,0x2e,0x41,0x56,0x49,0x00,0x00
.globl _GEX_DATA_00455ed0
_GEX_DATA_00455ed0:
.byte 0x41,0x56,0x49,0x5c,0x47,0x45,0x58,0x30,0x30,0x31,0x2e,0x41,0x56,0x49,0x00,0x00
.globl _GEX_DATA_00455ee0
_GEX_DATA_00455ee0:
.byte 0x41,0x56,0x49,0x5c,0x47,0x45,0x58,0x30,0x30,0x30,0x2e,0x41,0x56,0x49,0x00,0x00
.globl _GEX_DATA_00455ef0
_GEX_DATA_00455ef0:
.byte 0x00,0x40,0x11,0x00
.globl _GEX_DATA_00455ef4
_GEX_DATA_00455ef4:
.byte 0x00,0x60,0x08,0x00
.globl _GEX_DATA_00455ef8
_GEX_DATA_00455ef8:
.byte 0x28,0x25,0x30,0x38,0x6c,0x78,0x29,0x20,0x42,0x6c,0x6f,0x63,0x6b,0x4c,0x6f,0x61
.byte 0x64,0x20,0x23,0x25,0x6c,0x64,0x0a,0x00
.globl _GEX_DATA_00455f10
_GEX_DATA_00455f10:
.byte 0x6c,0x6f,0x61,0x64,0x20,0x62,0x6c,0x6f,0x63,0x6b,0x20,0x25,0x64,0x20,0x74,0x6f
.byte 0x20,0x24,0x25,0x30,0x38,0x6c,0x78,0x0a,0x00,0x00,0x00,0x00
.globl _GEX_DATA_00455f2c
_GEX_DATA_00455f2c:
.byte 0x45,0x72,0x72,0x6f,0x72,0x3a,0x20,0x4f,0x75,0x74,0x20,0x4f,0x66,0x20,0x4d,0x65
.byte 0x6d,0x6f,0x72,0x79,0x21,0x21,0x21,0x3a,0x20,0x42,0x6c,0x6f,0x63,0x6b,0x73,0x20
.byte 0x46,0x72,0x65,0x65,0x20,0x25,0x6c,0x64,0x2c,0x20,0x4e,0x65,0x65,0x64,0x65,0x64
.byte 0x20,0x25,0x6c,0x64,0x0a,0x00,0x00,0x00
.globl _GEX_DATA_00455f64
_GEX_DATA_00455f64:
.byte 0x4f,0x6e,0x00,0x00
.globl _GEX_DATA_00455f68
_GEX_DATA_00455f68:
.byte 0x4f,0x66,0x66,0x00
.globl _GEX_DATA_00455f6c
_GEX_DATA_00455f6c:
.byte 0x53,0x46,0x4d,0x61,0x70,0x00,0x00,0x00
.globl _GEX_DATA_00455f74
_GEX_DATA_00455f74:
.byte 0x53,0x63,0x69,0x46,0x69,0x00,0x00,0x00
.globl _GEX_DATA_00455f7c
_GEX_DATA_00455f7c:
.byte 0x43,0x72,0x65,0x64,0x69,0x74,0x73,0x00
.globl _GEX_DATA_00455f84
_GEX_DATA_00455f84:
.byte 0x52,0x65,0x7a,0x42,0x6f,0x73,0x73,0x00
.globl _GEX_DATA_00455f8c
_GEX_DATA_00455f8c:
.byte 0x4b,0x75,0x6e,0x67,0x42,0x6f,0x73,0x73,0x00,0x00,0x00,0x00
.globl _GEX_DATA_00455f98
_GEX_DATA_00455f98:
.byte 0x4a,0x75,0x6e,0x67,0x42,0x6f,0x73,0x73,0x00,0x00,0x00,0x00
.globl _GEX_DATA_00455fa4
_GEX_DATA_00455fa4:
.byte 0x43,0x61,0x72,0x74,0x42,0x6f,0x73,0x73,0x00,0x00,0x00,0x00
.globl _GEX_DATA_00455fb0
_GEX_DATA_00455fb0:
.byte 0x47,0x72,0x61,0x76,0x42,0x6f,0x73,0x73,0x00,0x00,0x00,0x00
.globl _GEX_DATA_00455fbc
_GEX_DATA_00455fbc:
.byte 0x52,0x65,0x7a,0x4d,0x61,0x70,0x00,0x00
.globl _GEX_DATA_00455fc4
_GEX_DATA_00455fc4:
.byte 0x4b,0x75,0x6e,0x67,0x4d,0x61,0x70,0x00
.globl _GEX_DATA_00455fcc
_GEX_DATA_00455fcc:
.byte 0x4a,0x75,0x6e,0x67,0x4d,0x61,0x70,0x00
.globl _GEX_DATA_00455fd4
_GEX_DATA_00455fd4:
.byte 0x43,0x61,0x72,0x74,0x4d,0x61,0x70,0x00
.globl _GEX_DATA_00455fdc
_GEX_DATA_00455fdc:
.byte 0x47,0x72,0x61,0x76,0x4d,0x61,0x70,0x00
.globl _GEX_DATA_00455fe4
_GEX_DATA_00455fe4:
.byte 0x44,0x6f,0x6d,0x65,0x00,0x00,0x00,0x00
.globl _GEX_DATA_00455fec
_GEX_DATA_00455fec:
.byte 0x52,0x65,0x7a,0x00
.globl _GEX_DATA_00455ff0
_GEX_DATA_00455ff0:
.byte 0x4b,0x75,0x6e,0x67,0x46,0x75,0x00,0x00
.globl _GEX_DATA_00455ff8
_GEX_DATA_00455ff8:
.byte 0x4a,0x75,0x6e,0x67,0x6c,0x65,0x00,0x00
.globl _GEX_DATA_00456000
_GEX_DATA_00456000:
.byte 0x43,0x61,0x72,0x74,0x6f,0x6f,0x6e,0x00
.globl _GEX_DATA_00456008
_GEX_DATA_00456008:
.byte 0x47,0x72,0x61,0x76,0x65,0x00,0x00,0x00
.globl _GEX_DATA_00456010
_GEX_DATA_00456010:
.byte 0x54,0x69,0x74,0x6c,0x65,0x00,0x00,0x00
.globl _GEX_DATA_00456018
_GEX_DATA_00456018:
.zero 4
.globl _GEX_DATA_0045601c
_GEX_DATA_0045601c:
.zero 4
.globl _GEX_DATA_00456020
_GEX_DATA_00456020:
.byte 0x01,0x00,0x00,0x00,0x00,0x00,0x00,0x00,0xff,0xff,0xff,0xff,0xff,0xff,0xff,0xff
.byte 0xff,0xff,0xff,0xff
.globl _GEX_DATA_00456034
_GEX_DATA_00456034:
.byte 0xff,0xff,0xff,0xff
.globl _GEX_DATA_00456038
_GEX_DATA_00456038:
.long _GEX_DATA_00456010
.byte 0x3f,0x00,0x00,0x00
.long _GEX_DATA_00456008
.zero 4
.long _GEX_DATA_00456000
.byte 0x07,0x00,0x00,0x00
.long _GEX_DATA_00455ff8
.byte 0x0e,0x00,0x00,0x00
.long _GEX_DATA_00455ff0
.byte 0x23,0x00,0x00,0x00
.long _GEX_DATA_00455fec
.byte 0x15,0x00,0x00,0x00
.long _GEX_DATA_00455fe4
.byte 0x37,0x00,0x00,0x00
.long _GEX_DATA_00455fdc
.byte 0x31,0x00,0x00,0x00
.long _GEX_DATA_00455fd4
.byte 0x32,0x00,0x00,0x00
.long _GEX_DATA_00455fcc
.byte 0x33,0x00,0x00,0x00
.long _GEX_DATA_00455fc4
.byte 0x36,0x00,0x00,0x00
.long _GEX_DATA_00455fbc
.byte 0x34,0x00,0x00,0x00
.long _GEX_DATA_00455fb0
.byte 0x06,0x00,0x00,0x00
.long _GEX_DATA_00455fa4
.byte 0x0d,0x00,0x00,0x00
.long _GEX_DATA_00455f98
.byte 0x14,0x00,0x00,0x00
.long _GEX_DATA_00455f8c
.byte 0x29,0x00,0x00,0x00
.long _GEX_DATA_00455f84
.byte 0x1b,0x00,0x00,0x00
.long _GEX_DATA_00455f7c
.byte 0x45,0x00,0x00,0x00
.long _GEX_DATA_00455f74
.byte 0x1c,0x00,0x00,0x00
.long _GEX_DATA_00455f6c
.byte 0x35,0x00,0x00,0x00,0x00,0x00,0x00,0x00,0x00,0x00,0x00,0x00
.globl _GEX_DATA_004560e0
_GEX_DATA_004560e0:
.long _GEX_DATA_00455f68
.long _GEX_DATA_00455f64
.zero 8
.globl _GEX_DATA_004560f0
_GEX_DATA_004560f0:
.byte 0x24,0x00,0x00,0x00,0x0c,0x00,0x00,0x00,0x04,0x00,0x00,0x00,0x25,0x00,0x00,0x00
.byte 0x10,0x00,0x00,0x00,0x05,0x00,0x00,0x00,0x5e,0x00,0x00,0x00,0x0e,0x00,0x00,0x00
.byte 0x06,0x00,0x00,0x00,0x4c,0x31,0x00,0x00,0x12,0x00,0x00,0x00,0x08,0x00,0x00,0x00
.byte 0x52,0x31,0x00,0x00,0xff,0xff,0xff,0xff,0x09,0x00,0x00,0x00,0x23,0x00,0x00,0x00
.byte 0xff,0xff,0xff,0xff,0x0c,0x00,0x00,0x00,0x4c,0x32,0x00,0x00,0xff,0xff,0xff,0xff
.byte 0x0d,0x00,0x00,0x00,0x52,0x32,0x00,0x00,0xff,0xff,0xff,0xff,0x0e,0x00,0x00,0x00
.byte 0x00,0x00,0x00,0x00,0x00,0x00,0x00,0x00,0x00,0x00,0x00,0x00,0x00,0x00,0x00,0x00
.byte 0x2e,0x00,0x00,0x00,0x09,0x00,0x00,0x00
.globl _GEX_DATA_00456168
_GEX_DATA_00456168:
.byte 0x00,0x00,0x00,0x00,0x00,0x60,0x00,0x00,0x27,0x00,0x00,0x00,0x06,0x00,0x00,0x00
.byte 0x00,0x00,0x00,0x00,0x00,0x40,0x00,0x00,0x2b,0x00,0x00,0x00,0x0a,0x00,0x00,0x00
.byte 0x00,0x00,0x00,0x00,0x00,0x80,0x00,0x00,0x2d,0x00,0x00,0x00,0x0e,0x00,0x00,0x00
.byte 0x00,0x00,0x00,0x00,0x00,0x80,0x00,0x00,0x2d,0x00,0x00,0x00,0x0e,0x00,0x00,0x00
.byte 0x00,0x00,0x00,0x00,0x00,0x80,0x00,0x00,0x26,0x00,0x00,0x00,0x09,0x00,0x00,0x00
.byte 0x00,0x00,0x00,0x00,0x00,0x80,0x00,0x00
.globl _GEX_DATA_004561c0
_GEX_DATA_004561c0:
.zero 1
.globl _GEX_DATA_004561c1
_GEX_DATA_004561c1:
.zero 1
.globl _GEX_DATA_004561c2
_GEX_DATA_004561c2:
.zero 1
.globl _GEX_DATA_004561c3
_GEX_DATA_004561c3:
.zero 1
.globl _GEX_DATA_004561c4
_GEX_DATA_004561c4:
.zero 1
.globl _GEX_DATA_004561c5
_GEX_DATA_004561c5:
.zero 1
.globl _GEX_DATA_004561c6
_GEX_DATA_004561c6:
.zero 1
.globl _GEX_DATA_004561c7
_GEX_DATA_004561c7:
.byte 0x00,0x81,0x1f,0x80,0x1f,0xc1,0x9b,0xc0,0x9b,0xc1,0x97,0xc0,0x97,0xc1,0x93,0xc0
.byte 0x93,0xc1,0x98,0xc0,0x98,0xc1,0x90,0xc0,0x90,0xc1,0x88,0xc0,0x88,0xc1,0x84,0xc0
.byte 0x84,0xc1,0x80,0xc0,0x80,0x00,0x1f,0x00,0x1f,0x00,0x00,0x00,0x00
.globl _GEX_DATA_004561f4
_GEX_DATA_004561f4:
.byte 0x99,0x19,0x00,0x00
.globl _GEX_DATA_004561f8
_GEX_DATA_004561f8:
.byte 0x00,0x00,0x0c,0x00
.globl _GEX_DATA_004561fc
_GEX_DATA_004561fc:
.byte 0x00,0x00,0xdc,0x00
.globl _GEX_DATA_00456200
_GEX_DATA_00456200:
.byte 0x00,0x00,0x84,0x00
.globl _GEX_DATA_00456204
_GEX_DATA_00456204:
.byte 0x00,0x00,0x14,0x00
.globl _GEX_DATA_00456208
_GEX_DATA_00456208:
.byte 0x00,0x00,0xc8,0x00,0x00,0x00,0xf0,0x00,0x00,0x80,0x00,0x00,0x00,0x40,0x00,0x00
.byte 0x00,0x00,0x28,0x00,0x00,0x00,0x1e,0x00,0x02,0x00,0x00,0x00,0x81,0x1f,0x00,0x00
.globl _GEX_DATA_00456228
_GEX_DATA_00456228:
.byte 0x06,0x00,0x00,0x00,0x4c,0x32,0x00,0x00,0x52,0x32,0x00,0x00,0x23,0x00,0x00,0x00
.byte 0x4c,0x31,0x00,0x00,0x52,0x31,0x00,0x00,0x5e,0x00,0x00,0x00,0x25,0x00,0x00,0x00
.byte 0x24,0x00,0x00,0x00
.globl _GEX_DATA_0045624c
_GEX_DATA_0045624c:
.byte 0x46,0x6f,0x75,0x6e,0x64,0x20,0x62,0x75,0x74,0x74,0x6f,0x6e,0x20,0x25,0x73,0x0a
.byte 0x00,0x00,0x00,0x00
.globl _GEX_DATA_00456260
_GEX_DATA_00456260:
.byte 0x41,0x63,0x74,0x69,0x76,0x65,0x20,0x67,0x6f,0x62,0x20,0x3d,0x20,0x25,0x78,0x0a
.byte 0x00,0x00,0x00,0x00
.globl _GEX_DATA_00456274
_GEX_DATA_00456274:
.byte 0x54,0x72,0x79,0x69,0x6e,0x67,0x20,0x74,0x6f,0x20,0x6d,0x61,0x6b,0x65,0x20,0x69
.byte 0x6e,0x64,0x65,0x78,0x20,0x25,0x64,0x20,0x28,0x62,0x75,0x74,0x74,0x6f,0x6e,0x20
.byte 0x25,0x73,0x29,0x20,0x62,0x65,0x20,0x62,0x75,0x74,0x74,0x6f,0x6e,0x20,0x25,0x73
.byte 0x0a,0x00,0x00,0x00
.globl _GEX_DATA_004562a8
_GEX_DATA_004562a8:
.byte 0x25,0x64,0x00,0x00,0x00,0x00,0x00,0x00,0x01,0x9f,0x00,0x9f,0x81,0x00,0x80,0x00
.byte 0x81,0x04,0x80,0x04,0x81,0x08,0x80,0x08,0x81,0x10,0x80,0x10,0x81,0x18,0x80,0x18
.byte 0x81,0x13,0x80,0x13,0x81,0x17,0x80,0x17,0x81,0x1b,0x80,0x1b,0x81,0x1f,0x80,0x1f
.byte 0xc1,0x9b,0xc0,0x9b,0xc1,0x97,0xc0,0x97,0xc1,0x93,0xc0,0x93,0xc1,0x98,0xc0,0x98
.byte 0xc1,0x90,0xc0,0x90,0xc1,0x88,0xc0,0x88,0xc1,0x84,0xc0,0x84,0xc1,0x80,0xc0,0x80
.byte 0x01,0x1f,0x00,0x1f,0x00,0x00,0x00,0x00,0x01,0x9f,0x00,0x9f,0x81,0x00,0x80,0x00
.byte 0x81,0x04,0x80,0x04,0x81,0x08,0x80,0x08,0x81,0x10,0x80,0x10,0x81,0x18,0x80,0x18
.byte 0x81,0x13,0x80,0x13,0x81,0x17,0x80,0x17,0x81,0x1b,0x80,0x1b,0x81,0x1f,0x80,0x1f
.byte 0xc1,0x9b,0xc0,0x9b,0xc1,0x97,0xc0,0x97,0x00,0x00,0x00,0x00
.globl _GEX_DATA_00456334
_GEX_DATA_00456334:
.zero 4
.globl _GEX_DATA_00456338
_GEX_DATA_00456338:
.zero 4
.globl _GEX_DATA_0045633c
_GEX_DATA_0045633c:
.zero 4
.globl _GEX_DATA_00456340
_GEX_DATA_00456340:
.byte 0x00,0x00,0x00,0x00,0x09,0x00,0x00,0x00,0x24,0x00,0x00,0x00
.globl _GEX_DATA_0045634c
_GEX_DATA_0045634c:
.byte 0x67,0x78,0x6c,0x6f,0x62,0x5f,0x61,0x6e,0x69,0x6d,0x73,0x5b,0x25,0x64,0x5d,0x20
.byte 0x3d,0x20,0x25,0x78,0x0a,0x00,0x00,0x00
.globl _GEX_DATA_00456364
_GEX_DATA_00456364:
.byte 0x73,0x63,0x72,0x69,0x70,0x74,0x73,0x5b,0x25,0x64,0x5d,0x20,0x3d,0x20,0x25,0x78
.byte 0x0a,0x00,0x00,0x00
.globl _GEX_DATA_00456378
_GEX_DATA_00456378:
.byte 0x6e,0x75,0x6d,0x46,0x72,0x61,0x6d,0x65,0x73,0x20,0x3d,0x20,0x25,0x78,0x0a,0x00
.globl _GEX_DATA_00456388
_GEX_DATA_00456388:
.byte 0x61,0x6e,0x69,0x6d,0x73,0x20,0x26,0x20,0x73,0x63,0x72,0x69,0x70,0x74,0x73,0x20
.byte 0x3d,0x20,0x25,0x78,0x2c,0x20,0x25,0x78,0x0a,0x00,0x00,0x00
.globl _GEX_DATA_004563a4
_GEX_DATA_004563a4:
.byte 0x47,0x6c,0x6f,0x62,0x20,0x3d,0x20,0x25,0x78,0x0a,0x00,0x00
.globl _GEX_DATA_004563b0
_GEX_DATA_004563b0:
.byte 0x42,0x6f,0x75,0x6e,0x63,0x65,0x55,0x6e,0x46,0x61,0x6c,0x6c,0x00,0x00,0x00,0x00
.globl _GEX_DATA_004563c0
_GEX_DATA_004563c0:
.byte 0x43,0x6f,0x6d,0x65,0x4f,0x75,0x74,0x54,0x75,0x62,0x65,0x00
.globl _GEX_DATA_004563cc
_GEX_DATA_004563cc:
.byte 0x47,0x6f,0x54,0x68,0x72,0x75,0x54,0x75,0x62,0x65,0x00,0x00
.globl _GEX_DATA_004563d8
_GEX_DATA_004563d8:
.byte 0x53,0x68,0x72,0x69,0x6e,0x6b,0x54,0x6f,0x54,0x75,0x62,0x65,0x00,0x00,0x00,0x00
.globl _GEX_DATA_004563e8
_GEX_DATA_004563e8:
.byte 0x53,0x74,0x61,0x72,0x74,0x46,0x72,0x6f,0x6d,0x43,0x61,0x6d,0x65,0x72,0x61,0x00
.globl _GEX_DATA_004563f8
_GEX_DATA_004563f8:
.byte 0x4c,0x61,0x75,0x6e,0x63,0x68,0x54,0x61,0x69,0x6c,0x42,0x6f,0x75,0x6e,0x63,0x65
.byte 0x00,0x00,0x00,0x00
.globl _GEX_DATA_0045640c
_GEX_DATA_0045640c:
.byte 0x4c,0x61,0x75,0x6e,0x63,0x68,0x00,0x00
.globl _GEX_DATA_00456414
_GEX_DATA_00456414:
.byte 0x50,0x6c,0x61,0x74,0x53,0x69,0x64,0x65,0x4f,0x75,0x74,0x73,0x69,0x64,0x65,0x39
.byte 0x30,0x54,0x72,0x61,0x6e,0x73,0x42,0x61,0x63,0x6b,0x77,0x61,0x72,0x64,0x00,0x00
.globl _GEX_DATA_00456434
_GEX_DATA_00456434:
.byte 0x50,0x6c,0x61,0x74,0x53,0x69,0x64,0x65,0x4f,0x75,0x74,0x73,0x69,0x64,0x65,0x39
.byte 0x30,0x54,0x72,0x61,0x6e,0x73,0x00,0x00
.globl _GEX_DATA_0045644c
_GEX_DATA_0045644c:
.byte 0x50,0x6c,0x61,0x74,0x53,0x69,0x64,0x65,0x43,0x72,0x61,0x77,0x6c,0x00,0x00,0x00
.globl _GEX_DATA_0045645c
_GEX_DATA_0045645c:
.byte 0x50,0x6c,0x61,0x74,0x53,0x69,0x64,0x65,0x47,0x65,0x74,0x75,0x70,0x00,0x00,0x00
.globl _GEX_DATA_0045646c
_GEX_DATA_0045646c:
.byte 0x50,0x6c,0x61,0x74,0x41,0x69,0x72,0x54,0x6f,0x53,0x69,0x64,0x65,0x43,0x72,0x61
.byte 0x77,0x6c,0x00,0x00
.globl _GEX_DATA_00456480
_GEX_DATA_00456480:
.byte 0x53,0x69,0x64,0x65,0x4a,0x75,0x6d,0x70,0x00,0x00,0x00,0x00
.globl _GEX_DATA_0045648c
_GEX_DATA_0045648c:
.byte 0x53,0x69,0x64,0x65,0x54,0x61,0x69,0x6c,0x57,0x68,0x61,0x70,0x00,0x00,0x00,0x00
.globl _GEX_DATA_0045649c
_GEX_DATA_0045649c:
.byte 0x53,0x69,0x64,0x65,0x53,0x6c,0x61,0x70,0x00,0x00,0x00,0x00
.globl _GEX_DATA_004564a8
_GEX_DATA_004564a8:
.byte 0x53,0x69,0x64,0x65,0x55,0x6e,0x73,0x70,0x69,0x6e,0x00,0x00
.globl _GEX_DATA_004564b4
_GEX_DATA_004564b4:
.byte 0x53,0x69,0x64,0x65,0x53,0x70,0x69,0x6e,0x41,0x72,0x6f,0x75,0x6e,0x64,0x00,0x00
.globl _GEX_DATA_004564c4
_GEX_DATA_004564c4:
.byte 0x53,0x69,0x64,0x65,0x53,0x70,0x69,0x6e,0x00,0x00,0x00,0x00
.globl _GEX_DATA_004564d0
_GEX_DATA_004564d0:
.byte 0x53,0x69,0x64,0x65,0x55,0x54,0x75,0x72,0x6e,0x00,0x00,0x00
.globl _GEX_DATA_004564dc
_GEX_DATA_004564dc:
.byte 0x53,0x69,0x64,0x65,0x47,0x65,0x74,0x75,0x70,0x00,0x00,0x00
.globl _GEX_DATA_004564e8
_GEX_DATA_004564e8:
.byte 0x53,0x69,0x64,0x65,0x4f,0x75,0x74,0x73,0x69,0x64,0x65,0x39,0x30,0x54,0x72,0x61
.byte 0x6e,0x73,0x42,0x61,0x63,0x6b,0x77,0x61,0x72,0x64,0x00,0x00
.globl _GEX_DATA_00456504
_GEX_DATA_00456504:
.byte 0x53,0x69,0x64,0x65,0x4f,0x75,0x74,0x73,0x69,0x64,0x65,0x39,0x30,0x54,0x72,0x61
.byte 0x6e,0x73,0x00,0x00
.globl _GEX_DATA_00456518
_GEX_DATA_00456518:
.byte 0x53,0x69,0x64,0x65,0x49,0x6e,0x73,0x69,0x64,0x65,0x39,0x30,0x54,0x72,0x61,0x6e
.byte 0x73,0x42,0x61,0x63,0x6b,0x77,0x61,0x72,0x64,0x00,0x00,0x00
.globl _GEX_DATA_00456534
_GEX_DATA_00456534:
.byte 0x53,0x69,0x64,0x65,0x49,0x6e,0x73,0x69,0x64,0x65,0x39,0x30,0x54,0x72,0x61,0x6e
.byte 0x73,0x00,0x00,0x00
.globl _GEX_DATA_00456548
_GEX_DATA_00456548:
.byte 0x53,0x69,0x64,0x65,0x4f,0x75,0x74,0x73,0x69,0x64,0x65,0x34,0x35,0x54,0x72,0x61
.byte 0x6e,0x73,0x42,0x61,0x63,0x6b,0x77,0x61,0x72,0x64,0x00,0x00
.globl _GEX_DATA_00456564
_GEX_DATA_00456564:
.byte 0x53,0x69,0x64,0x65,0x4f,0x75,0x74,0x73,0x69,0x64,0x65,0x34,0x35,0x54,0x72,0x61
.byte 0x6e,0x73,0x00,0x00
.globl _GEX_DATA_00456578
_GEX_DATA_00456578:
.byte 0x53,0x69,0x64,0x65,0x49,0x6e,0x73,0x69,0x64,0x65,0x34,0x35,0x54,0x72,0x61,0x6e
.byte 0x73,0x42,0x61,0x63,0x6b,0x77,0x61,0x72,0x64,0x00,0x00,0x00
.globl _GEX_DATA_00456594
_GEX_DATA_00456594:
.byte 0x53,0x69,0x64,0x65,0x49,0x6e,0x73,0x69,0x64,0x65,0x34,0x35,0x54,0x72,0x61,0x6e
.byte 0x73,0x00,0x00,0x00
.globl _GEX_DATA_004565a8
_GEX_DATA_004565a8:
.byte 0x53,0x69,0x64,0x65,0x43,0x72,0x61,0x77,0x6c,0x00,0x00,0x00
.globl _GEX_DATA_004565b4
_GEX_DATA_004565b4:
.byte 0x53,0x69,0x64,0x65,0x53,0x77,0x61,0x6c,0x6c,0x6f,0x77,0x00
.globl _GEX_DATA_004565c0
_GEX_DATA_004565c0:
.byte 0x53,0x69,0x64,0x65,0x54,0x6f,0x6e,0x67,0x75,0x65,0x4c,0x61,0x73,0x68,0x39,0x30
.byte 0x00,0x00,0x00,0x00
.globl _GEX_DATA_004565d4
_GEX_DATA_004565d4:
.byte 0x53,0x69,0x64,0x65,0x54,0x6f,0x6e,0x67,0x75,0x65,0x4c,0x61,0x73,0x68,0x00,0x00
.globl _GEX_DATA_004565e4
_GEX_DATA_004565e4:
.byte 0x46,0x61,0x63,0x65,0x43,0x72,0x61,0x77,0x6c,0x54,0x6f,0x41,0x69,0x72,0x00,0x00
.globl _GEX_DATA_004565f4
_GEX_DATA_004565f4:
.byte 0x41,0x69,0x72,0x54,0x6f,0x46,0x61,0x63,0x65,0x43,0x72,0x61,0x77,0x6c,0x00,0x00
.globl _GEX_DATA_00456604
_GEX_DATA_00456604:
.byte 0x41,0x69,0x72,0x54,0x6f,0x53,0x69,0x64,0x65,0x43,0x72,0x61,0x77,0x6c,0x00,0x00
.globl _GEX_DATA_00456614
_GEX_DATA_00456614:
.byte 0x46,0x61,0x63,0x65,0x57,0x69,0x67,0x67,0x6c,0x65,0x00,0x00
.globl _GEX_DATA_00456620
_GEX_DATA_00456620:
.byte 0x46,0x61,0x63,0x65,0x55,0x6e,0x73,0x70,0x69,0x6e,0x00,0x00
.globl _GEX_DATA_0045662c
_GEX_DATA_0045662c:
.byte 0x46,0x61,0x63,0x65,0x53,0x70,0x69,0x6e,0x41,0x72,0x6f,0x75,0x6e,0x64,0x00,0x00
.globl _GEX_DATA_0045663c
_GEX_DATA_0045663c:
.byte 0x46,0x61,0x63,0x65,0x53,0x70,0x69,0x6e,0x00,0x00,0x00,0x00
.globl _GEX_DATA_00456648
_GEX_DATA_00456648:
.byte 0x46,0x61,0x63,0x65,0x54,0x75,0x72,0x6e,0x00,0x00,0x00,0x00
.globl _GEX_DATA_00456654
_GEX_DATA_00456654:
.byte 0x46,0x61,0x63,0x65,0x53,0x6b,0x65,0x77,0x00,0x00,0x00,0x00
.globl _GEX_DATA_00456660
_GEX_DATA_00456660:
.byte 0x46,0x61,0x63,0x65,0x53,0x77,0x61,0x6c,0x6c,0x6f,0x77,0x00
.globl _GEX_DATA_0045666c
_GEX_DATA_0045666c:
.byte 0x46,0x61,0x63,0x65,0x54,0x6f,0x6e,0x67,0x75,0x65,0x4c,0x61,0x73,0x68,0x00,0x00
.globl _GEX_DATA_0045667c
_GEX_DATA_0045667c:
.byte 0x46,0x61,0x63,0x65,0x53,0x74,0x69,0x63,0x6b,0x00,0x00,0x00
.globl _GEX_DATA_00456688
_GEX_DATA_00456688:
.byte 0x53,0x74,0x6f,0x70,0x46,0x61,0x6c,0x6c,0x69,0x6e,0x67,0x00
.globl _GEX_DATA_00456694
_GEX_DATA_00456694:
.byte 0x52,0x75,0x6e,0x53,0x74,0x6f,0x70,0x46,0x61,0x6c,0x6c,0x00
.globl _GEX_DATA_004566a0
_GEX_DATA_004566a0:
.byte 0x52,0x75,0x6e,0x4a,0x75,0x6d,0x70,0x53,0x74,0x61,0x72,0x74,0x00,0x00,0x00,0x00
.globl _GEX_DATA_004566b0
_GEX_DATA_004566b0:
.byte 0x53,0x74,0x6f,0x70,0x46,0x61,0x6c,0x6c,0x00,0x00,0x00,0x00
.globl _GEX_DATA_004566bc
_GEX_DATA_004566bc:
.byte 0x53,0x74,0x61,0x6e,0x64,0x4a,0x75,0x6d,0x70,0x53,0x74,0x61,0x72,0x74,0x00,0x00
.globl _GEX_DATA_004566cc
_GEX_DATA_004566cc:
.byte 0x53,0x6c,0x69,0x64,0x65,0x34,0x35,0x4a,0x75,0x6d,0x70,0x00
.globl _GEX_DATA_004566d8
_GEX_DATA_004566d8:
.byte 0x54,0x6f,0x6e,0x67,0x75,0x65,0x55,0x70,0x00,0x00,0x00,0x00
.globl _GEX_DATA_004566e4
_GEX_DATA_004566e4:
.byte 0x53,0x77,0x61,0x6c,0x6c,0x6f,0x77,0x00
.globl _GEX_DATA_004566ec
_GEX_DATA_004566ec:
.byte 0x54,0x6f,0x6e,0x67,0x75,0x65,0x4c,0x61,0x73,0x68,0x00,0x00
.globl _GEX_DATA_004566f8
_GEX_DATA_004566f8:
.byte 0x55,0x6e,0x44,0x75,0x63,0x6b,0x69,0x6e,0x67,0x00,0x00,0x00
.globl _GEX_DATA_00456704
_GEX_DATA_00456704:
.byte 0x44,0x75,0x63,0x6b,0x55,0x6e,0x73,0x70,0x69,0x6e,0x00,0x00
.globl _GEX_DATA_00456710
_GEX_DATA_00456710:
.byte 0x44,0x75,0x63,0x6b,0x53,0x70,0x69,0x6e,0x41,0x72,0x6f,0x75,0x6e,0x64,0x00,0x00
.globl _GEX_DATA_00456720
_GEX_DATA_00456720:
.byte 0x44,0x75,0x63,0x6b,0x53,0x70,0x69,0x6e,0x00,0x00,0x00,0x00
.globl _GEX_DATA_0045672c
_GEX_DATA_0045672c:
.byte 0x44,0x75,0x63,0x6b,0x53,0x77,0x61,0x6c,0x6c,0x6f,0x77,0x00
.globl _GEX_DATA_00456738
_GEX_DATA_00456738:
.byte 0x44,0x75,0x63,0x6b,0x54,0x6f,0x6e,0x67,0x75,0x65,0x4c,0x61,0x73,0x68,0x00,0x00
.globl _GEX_DATA_00456748
_GEX_DATA_00456748:
.byte 0x44,0x75,0x63,0x6b,0x00,0x00,0x00,0x00
.globl _GEX_DATA_00456750
_GEX_DATA_00456750:
.byte 0x44,0x75,0x63,0x6b,0x69,0x6e,0x67,0x00
.globl _GEX_DATA_00456758
_GEX_DATA_00456758:
.byte 0x54,0x61,0x69,0x6c,0x53,0x6c,0x61,0x73,0x68,0x00,0x00,0x00
.globl _GEX_DATA_00456764
_GEX_DATA_00456764:
.byte 0x54,0x75,0x72,0x6e,0x00,0x00,0x00,0x00
.globl _GEX_DATA_0045676c
_GEX_DATA_0045676c:
.byte 0x52,0x75,0x6e,0x53,0x6b,0x69,0x64,0x53,0x74,0x6f,0x70,0x00
.globl _GEX_DATA_00456778
_GEX_DATA_00456778:
.byte 0x52,0x75,0x6e,0x53,0x6b,0x69,0x64,0x64,0x69,0x6e,0x67,0x00
.globl _GEX_DATA_00456784
_GEX_DATA_00456784:
.byte 0x52,0x75,0x6e,0x53,0x6b,0x69,0x64,0x00
.globl _GEX_DATA_0045678c
_GEX_DATA_0045678c:
.byte 0x53,0x6b,0x69,0x64,0x00,0x00,0x00,0x00
.globl _GEX_DATA_00456794
_GEX_DATA_00456794:
.byte 0x52,0x75,0x6e,0x00
.globl _GEX_DATA_00456798
_GEX_DATA_00456798:
.byte 0x57,0x61,0x6c,0x6b,0x00,0x00,0x00,0x00
.globl _GEX_DATA_004567a0
_GEX_DATA_004567a0:
.byte 0x4a,0x75,0x6d,0x70,0x54,0x6f,0x6e,0x67,0x75,0x65,0x4c,0x61,0x73,0x68,0x55,0x70
.byte 0x00,0x00,0x00,0x00
.globl _GEX_DATA_004567b4
_GEX_DATA_004567b4:
.byte 0x4a,0x75,0x6d,0x70,0x53,0x77,0x61,0x6c,0x6c,0x6f,0x77,0x00
.globl _GEX_DATA_004567c0
_GEX_DATA_004567c0:
.byte 0x4a,0x75,0x6d,0x70,0x54,0x6f,0x6e,0x67,0x75,0x65,0x4c,0x61,0x73,0x68,0x00,0x00
.globl _GEX_DATA_004567d0
_GEX_DATA_004567d0:
.byte 0x4a,0x75,0x6d,0x70,0x54,0x61,0x69,0x6c,0x57,0x68,0x61,0x63,0x6b,0x00,0x00,0x00
.globl _GEX_DATA_004567e0
_GEX_DATA_004567e0:
.byte 0x46,0x61,0x6c,0x6c,0x69,0x6e,0x67,0x00
.globl _GEX_DATA_004567e8
_GEX_DATA_004567e8:
.byte 0x52,0x75,0x6e,0x46,0x61,0x6c,0x6c,0x00
.globl _GEX_DATA_004567f0
_GEX_DATA_004567f0:
.byte 0x52,0x75,0x6e,0x4a,0x75,0x6d,0x70,0x00
.globl _GEX_DATA_004567f8
_GEX_DATA_004567f8:
.byte 0x46,0x61,0x6c,0x6c,0x00,0x00,0x00,0x00
.globl _GEX_DATA_00456800
_GEX_DATA_00456800:
.byte 0x53,0x74,0x61,0x6e,0x64,0x4a,0x75,0x6d,0x70,0x00,0x00,0x00
.globl _GEX_DATA_0045680c
_GEX_DATA_0045680c:
.byte 0x4f,0x6c,0x64,0x4d,0x61,0x6e,0x00,0x00
.globl _GEX_DATA_00456814
_GEX_DATA_00456814:
.byte 0x50,0x75,0x73,0x68,0x00,0x00,0x00,0x00
.globl _GEX_DATA_0045681c
_GEX_DATA_0045681c:
.byte 0x53,0x6c,0x69,0x64,0x65,0x34,0x35,0x00
.globl _GEX_DATA_00456824
_GEX_DATA_00456824:
.byte 0x52,0x75,0x6e,0x54,0x75,0x72,0x6e,0x53,0x74,0x6f,0x70,0x00
.globl _GEX_DATA_00456830
_GEX_DATA_00456830:
.byte 0x52,0x75,0x6e,0x54,0x75,0x72,0x6e,0x00
.globl _GEX_DATA_00456838
_GEX_DATA_00456838:
.byte 0x4c,0x6f,0x6f,0x6b,0x75,0x70,0x00,0x00
.globl _GEX_DATA_00456840
_GEX_DATA_00456840:
.byte 0x42,0x6f,0x75,0x6e,0x63,0x65,0x52,0x69,0x73,0x65,0x00,0x00
.globl _GEX_DATA_0045684c
_GEX_DATA_0045684c:
.byte 0x42,0x6f,0x75,0x6e,0x63,0x65,0x46,0x61,0x6c,0x6c,0x00,0x00
.globl _GEX_DATA_00456858
_GEX_DATA_00456858:
.byte 0x54,0x61,0x69,0x6c,0x42,0x6f,0x75,0x6e,0x63,0x65,0x00,0x00
.globl _GEX_DATA_00456864
_GEX_DATA_00456864:
.byte 0x52,0x65,0x7a,0x50,0x6f,0x72,0x74,0x61,0x6c,0x00,0x00,0x00
.globl _GEX_DATA_00456870
_GEX_DATA_00456870:
.byte 0x52,0x65,0x7a,0x49,0x6e,0x46,0x72,0x6f,0x6d,0x50,0x6f,0x72,0x74,0x61,0x6c,0x00
.globl _GEX_DATA_00456880
_GEX_DATA_00456880:
.byte 0x53,0x74,0x61,0x6e,0x64,0x00,0x00,0x00,0x80,0x1c,0x80,0x1c,0x80,0x1c,0x80,0x1c
.byte 0x80,0x1c,0x80,0x1c,0x80,0x1c,0x80,0x1c,0x80,0x1c,0x80,0x1c,0x80,0x1c,0x80,0x1c
.byte 0x80,0x1c,0x80,0x1c,0x80,0x1c,0x80,0x1c,0x80,0x1c,0x80,0x1c,0x80,0x1c,0x80,0x1c
.byte 0x80,0x1c,0x80,0x1c,0x80,0x1c,0x80,0x1c,0x80,0x1c,0x80,0x1c,0x80,0x1c,0x80,0x1c
.byte 0x80,0x1c,0x80,0x1c,0x80,0x1c,0x80,0x1c,0x80,0x1c,0x80,0x1c,0x80,0x1c,0x80,0x1c
.byte 0x80,0x1c,0x80,0x1c,0x80,0x1c,0x80,0x1c,0x80,0x1c,0x80,0x1c,0x80,0x1c,0x80,0x1c
.byte 0x80,0x1c,0x80,0x1c,0x80,0x1c,0x80,0x1c,0x80,0x1c,0x80,0x1c,0x80,0x1c,0x80,0x1c
.byte 0x80,0x1c,0x80,0x1c,0x80,0x1c,0x80,0x1c,0x80,0x1c,0x80,0x1c,0x80,0x1c,0x80,0x1c
.byte 0x80,0x1c,0x80,0x1c,0x80,0x1c,0x80,0x1c,0x80,0x1c,0x80,0x1c,0x80,0x1c,0x80,0x1c
.byte 0x80,0x1c,0x80,0x1c,0x80,0x1c,0x80,0x1c,0x80,0x1c,0x80,0x1c,0x80,0x1c,0x80,0x1c
.byte 0x80,0x1c,0x80,0x1c,0x80,0x1c,0x80,0x1c,0x80,0x1c,0x80,0x1c,0x80,0x1c,0x80,0x1c
.byte 0x80,0x1c,0x80,0x1c,0x80,0x1c,0x80,0x1c,0x80,0x1c,0x80,0x1c,0x80,0x1c,0x80,0x1c
.byte 0x80,0x1c,0x80,0x1c,0x80,0x1c,0x80,0x1c,0x80,0x1c,0x80,0x1c,0x80,0x1c,0x80,0x1c
.byte 0x80,0x1c,0x80,0x1c,0x80,0x1c,0x80,0x1c,0x80,0x1c,0x80,0x1c,0x80,0x1c,0x80,0x1c
.byte 0x80,0x1c,0x80,0x1c,0x80,0x18,0x80,0x18,0x80,0x18,0x80,0x18,0x80,0x10,0x80,0x10
.byte 0x80,0x10,0x80,0x10,0x80,0x08,0x80,0x08,0x80,0x08,0x80,0x08,0x80,0x04,0x80,0x04
.byte 0x80,0x04,0x80,0x04,0x80,0x04,0x80,0x04,0x80,0x04,0x80,0x04,0x80,0x04,0x80,0x04
.byte 0x00,0x00,0x00,0x00,0x00,0x00,0x00,0x00,0x80,0x08,0x80,0x08,0x80,0x10,0x80,0x10
.byte 0x80,0x18,0x80,0x18,0x80,0x1c,0x80,0x1c,0x80,0x13,0x80,0x13,0x80,0x17,0x80,0x17
.byte 0x80,0x1b,0x80,0x1b,0x80,0x1f,0x80,0x1f
.globl _GEX_DATA_004569b8
_GEX_DATA_004569b8:
.byte 0x01,0x00,0xff,0xff,0x00,0x00,0xff,0x80,0xdd,0x80,0xdb,0x80,0xb9,0x80,0xb7,0x80
.byte 0x95,0x80,0x93,0x80,0x71,0x80,0x6f,0x80,0x4d,0x80,0x4b,0x80,0x29,0x80,0x27,0x80
.byte 0x05,0x80,0x03,0x80,0x05,0x80,0x27,0x80,0x29,0x80,0x4b,0x80,0x4d,0x80,0x6f,0x80
.byte 0x71,0x80,0x93,0x80,0x95,0x80,0xb7,0x80,0xb9,0x80,0xdb,0x80,0xdd,0x80,0xff,0x80
.byte 0xff,0xff,0x00,0x00,0x00,0x00,0x00,0x00
.globl _GEX_DATA_00456a00
_GEX_DATA_00456a00:
.byte 0x01,0x00,0xff,0xff,0x00,0x00,0xff,0x83,0x39,0x83,0x94,0x82,0xef,0x81,0x4a,0x81
.byte 0xa5,0x80,0x00,0x00,0x00,0x00,0x00,0x00,0x00,0x00,0x00,0x00,0x00,0x00,0x00,0x00
.byte 0x00,0x00,0x00,0x00,0x00,0x00,0xef,0x81,0xff,0x83,0x39,0x83,0x94,0x82,0xef,0x81
.byte 0x4a,0x81,0xa5,0x80,0x00,0x00,0x00,0x00,0x00,0x00,0x00,0x00,0x00,0x00,0x00,0x00
.byte 0xef,0x81,0xff,0x83,0x39,0x83,0x94,0x82,0xef,0x81,0x4a,0x81,0xa5,0x80,0x00,0x00
.byte 0x00,0x00,0x00,0x00,0x00,0x00,0x00,0x00,0x00,0x00,0x00,0x00,0x00,0x00,0x00,0x00
.byte 0x00,0x00,0x00,0x00,0x00,0x00,0x00,0x00,0x00,0x00,0x00,0x00,0xff,0xff,0x00,0x00
.globl _GEX_DATA_00456a70
_GEX_DATA_00456a70:
.byte 0x01,0x00,0xff,0xff,0x00,0x00,0x00,0xf4,0x00,0xec,0x00,0xe4,0x00,0xdc,0x00,0xd4
.byte 0x00,0xcc,0x00,0xc4,0x00,0xbc,0x00,0xb4,0x00,0xac,0x00,0xa4,0x00,0x9c,0x00,0x94
.byte 0x00,0x8c,0x00,0x84,0x00,0x8c,0x00,0x94,0x00,0x9c,0x00,0xa4,0x00,0xac,0x00,0xb4
.byte 0x00,0xbc,0x00,0xc4,0x00,0xcc,0x00,0xd4,0x00,0xdc,0x00,0xe4,0x00,0xec,0x00,0xf4
.byte 0xff,0xff,0x00,0x00,0x00,0x00,0x00,0x00
.globl _GEX_DATA_00456ab8
_GEX_DATA_00456ab8:
.byte 0x01,0x00,0xff,0xff,0xff,0x83,0x1f,0x80,0x00,0xfc,0xff,0xff,0x00,0x00,0x00,0x00
.long _GEX_DATA_004569b8
.long _GEX_DATA_00456a00
.long _GEX_DATA_00456a70
.long _GEX_DATA_00456ab8
.globl _GEX_DATA_00456ad8
_GEX_DATA_00456ad8:
.byte 0xff,0xff,0xff,0xff
.globl _GEX_DATA_00456adc
_GEX_DATA_00456adc:
.zero 4
.globl _GEX_DATA_00456ae0
_GEX_DATA_00456ae0:
.byte 0xff,0xff,0xff,0xff
.globl _GEX_DATA_00456ae4
_GEX_DATA_00456ae4:
.byte 0xff,0xff,0xff,0xff
.globl _GEX_DATA_00456ae8
_GEX_DATA_00456ae8:
.byte 0xff,0xff,0xff,0xff
.globl _GEX_DATA_00456aec
_GEX_DATA_00456aec:
.byte 0xff,0xff,0xff,0xff
.globl _GEX_DATA_00456af0
_GEX_DATA_00456af0:
.byte 0xff,0xff,0xff,0xff
.globl _GEX_DATA_00456af4
_GEX_DATA_00456af4:
.zero 4
.globl _GEX_DATA_00456af8
_GEX_DATA_00456af8:
.byte 0xff,0xff,0xff,0xff
.globl _GEX_DATA_00456afc
_GEX_DATA_00456afc:
.byte 0x03,0x00,0x00,0x00
.globl _GEX_DATA_00456b00
_GEX_DATA_00456b00:
.byte 0x03,0x00,0x00,0x00
.globl _GEX_DATA_00456b04
_GEX_DATA_00456b04:
.byte 0x01,0x00,0x00,0x00
.globl _GEX_DATA_00456b08
_GEX_DATA_00456b08:
.byte 0x00,0x00,0x04,0x00,0x00,0x00,0x05,0x00,0x00,0x00,0x05,0x00,0x00,0x00,0x10,0x00
.byte 0x00,0x00,0x10,0x00,0x00,0x00,0x10,0x00,0x00,0x00,0x04,0x00,0x00,0x00,0x08,0x00
.byte 0x00,0x00,0x08,0x00,0x00,0x00,0x10,0x00,0x00,0x00,0x04,0x00,0x00,0x00,0x04,0x00
.byte 0x00,0x00,0x04,0x00,0x00,0x00,0x04,0x00,0x00,0x00,0x04,0x00,0x00,0x00,0x04,0x00
.byte 0x00,0x00,0x04,0x00,0x00,0x00,0x04,0x00,0x00,0x00,0x04,0x00,0x00,0x00,0x04,0x00
.byte 0x00,0x00,0x04,0x00,0x00,0x00,0x08,0x00,0x00,0x00,0x10,0x00,0x00,0x00,0x10,0x00
.byte 0x00,0x00,0x10,0x00,0x00,0x00,0x10,0x00,0x00,0x00,0x10,0x00,0x00,0x00,0x04,0x00
.byte 0x00,0x00,0x04,0x00,0x00,0x00,0x04,0x00,0x00,0x00,0x04,0x00,0x00,0x00,0x04,0x00
.byte 0x00,0x00,0x04,0x00,0x00,0x00,0x04,0x00,0x00,0x00,0x04,0x00,0x00,0x00,0x04,0x00
.byte 0x00,0x00,0x04,0x00,0x00,0x00,0x04,0x00,0x00,0x00,0x04,0x00,0x00,0x00,0x04,0x00
.byte 0x00,0x00,0x10,0x00,0x00,0x00,0x04,0x00,0x00,0x00,0x10,0x00,0x00,0x00,0x10,0x00
.byte 0x00,0x00,0x10,0x00,0x00,0x00,0x10,0x00,0x00,0x00,0x06,0x00,0x00,0x00,0x06,0x00
.byte 0x00,0x00,0x06,0x00,0x00,0x00,0x06,0x00,0x00,0x00,0x06,0x00,0x00,0x00,0x00,0x00
.byte 0x00,0x00,0x00,0x00,0x00,0x00,0x00,0x00,0x00,0x00,0x00,0x00,0x00,0x00,0x06,0x00
.byte 0x00,0x00,0x06,0x00,0x00,0x00,0x06,0x00,0x00,0x00,0x06,0x00,0x00,0x00,0x06,0x00
.byte 0x00,0x00,0x06,0x00,0x00,0x00,0x06,0x00,0x00,0x00,0x06,0x00,0x00,0x00,0x06,0x00
.byte 0x00,0x00,0x06,0x00,0x00,0x00,0x06,0x00,0x00,0x00,0x06,0x00,0x00,0x00,0x06,0x00
.byte 0x00,0x00,0x06,0x00,0x00,0x00,0x06,0x00,0x00,0x00,0x06,0x00,0x00,0x00,0x06,0x00
.byte 0x00,0x00,0x06,0x00,0x00,0x00,0x06,0x00,0x00,0x00,0x06,0x00,0x00,0x00,0x06,0x00
.byte 0x00,0x00,0x06,0x00,0x00,0x00,0x06,0x00,0x00,0x00,0x06,0x00,0x00,0x00,0x06,0x00
.byte 0x00,0x00,0x06,0x00,0x00,0x00,0x06,0x00,0x00,0x00,0x06,0x00,0x00,0x00,0x10,0x00
.byte 0x00,0x00,0x10,0x00,0x00,0x00,0x10,0x00,0x00,0x00,0x10,0x00,0x00,0x00,0x24,0x00
.byte 0x00,0x00,0x10,0x00,0x00,0x00,0x10,0x00
.globl _GEX_DATA_00456c70
_GEX_DATA_00456c70:
.byte 0x00,0x00,0x04,0x00,0x00,0x00,0x05,0x00,0x00,0x00,0x05,0x00,0x00,0x00,0x10,0x00
.byte 0x00,0x00,0x00,0x00,0x00,0x00,0x00,0x00,0x00,0x00,0x04,0x00,0x00,0x00,0x04,0x00
.byte 0x00,0x00,0x04,0x00,0x00,0x00,0x04,0x00,0x00,0x00,0x04,0x00,0x00,0x00,0x04,0x00
.byte 0x00,0x00,0x00,0x00,0x00,0x00,0x00,0x00,0x00,0x00,0x00,0x00,0x00,0x00,0x00,0x00
.byte 0x00,0x00,0x00,0x00,0x00,0x00,0x00,0x00,0x00,0x00,0x00,0x00,0x00,0x00,0x00,0x00
.byte 0x00,0x00,0x00,0x00,0x00,0x00,0x04,0x00,0x00,0x00,0x04,0x00,0x00,0x00,0x04,0x00
.byte 0x00,0x00,0x04,0x00,0x00,0x00,0x04,0x00,0x00,0x00,0x04,0x00,0x00,0x00,0x04,0x00
.byte 0x00,0x00,0x04,0x00,0x00,0x00,0x04,0x00,0x00,0x00,0x04,0x00,0x00,0x00,0x04,0x00
.byte 0x00,0x00,0x04,0x00,0x00,0x00,0x04,0x00,0x00,0x00,0x04,0x00,0x00,0x00,0x04,0x00
.byte 0x00,0x00,0x04,0x00,0x00,0x00,0x04,0x00,0x00,0x00,0x04,0x00,0x00,0x00,0x04,0x00
.byte 0x00,0x00,0x00,0x00,0x00,0x00,0x04,0x00,0x00,0x00,0x04,0x00,0x00,0x00,0x04,0x00
.byte 0x00,0x00,0x04,0x00,0x00,0x00,0x04,0x00,0x00,0x00,0x06,0x00,0x00,0x00,0x06,0x00
.byte 0x00,0x00,0x06,0x00,0x00,0x00,0x06,0x00,0x00,0x00,0x06,0x00,0x00,0x00,0x00,0x00
.byte 0x00,0x00,0x00,0x00,0x00,0x00,0x00,0x00,0x00,0x00,0x00,0x00,0x00,0x00,0x06,0x00
.byte 0x00,0x00,0x06,0x00,0x00,0x00,0x06,0x00,0x00,0x00,0x06,0x00,0x00,0x00,0x06,0x00
.byte 0x00,0x00,0x06,0x00,0x00,0x00,0x06,0x00,0x00,0x00,0x06,0x00,0x00,0x00,0x06,0x00
.byte 0x00,0x00,0x06,0x00,0x00,0x00,0x06,0x00,0x00,0x00,0x06,0x00,0x00,0x00,0x06,0x00
.byte 0x00,0x00,0x06,0x00,0x00,0x00,0x06,0x00,0x00,0x00,0x06,0x00,0x00,0x00,0x06,0x00
.byte 0x00,0x00,0x06,0x00,0x00,0x00,0x06,0x00,0x00,0x00,0x06,0x00,0x00,0x00,0x06,0x00
.byte 0x00,0x00,0x06,0x00,0x00,0x00,0x06,0x00,0x00,0x00,0x06,0x00,0x00,0x00,0x06,0x00
.byte 0x00,0x00,0x06,0x00,0x00,0x00,0x06,0x00,0x00,0x00,0x06,0x00,0x00,0x00,0x04,0x00
.byte 0x00,0x00,0x04,0x00,0x00,0x00,0x10,0x00,0x00,0x00,0x10,0x00,0x00,0x00,0x24,0x00
.byte 0x00,0x00,0x10,0x00,0x00,0x00,0x00,0x00
.globl _GEX_DATA_00456dd8
_GEX_DATA_00456dd8:
.zero 360
.globl _GEX_DATA_00456f40
_GEX_DATA_00456f40:
.byte 0x00,0x00,0x00,0x00,0x00,0x00,0x00,0x00,0x00,0x00,0x00,0x00,0x00,0x00,0x00,0x00
.byte 0x00,0x00,0x00,0x00,0x00,0x00,0x00,0x00,0x00,0x00,0x00,0x00,0x00,0x00,0x00,0x00
.byte 0x00,0x00,0x00,0x00,0x00,0x00,0x00,0x00,0x00,0x00,0x00,0x00,0x00,0x00,0x00,0x00
.byte 0x00,0x00,0x00,0x00,0x00,0x00,0x00,0x00,0x00,0x00,0x00,0x00,0x00,0x00,0x00,0x00
.byte 0x00,0x00,0x00,0x00,0x00,0x00,0x00,0x00,0x00,0x00,0x00,0x00,0x00,0x00,0x00,0x00
.byte 0x00,0x00,0x00,0x00,0x00,0x00,0x00,0x00,0x00,0x00,0x00,0x00,0x00,0x00,0x00,0x00
.byte 0x00,0x00,0x00,0x00,0x00,0x00,0x00,0x00,0x00,0x00,0x00,0x00,0x00,0x00,0x00,0x00
.byte 0x00,0x00,0x00,0x00,0x00,0x00,0x00,0x00,0x00,0x00,0x00,0x00,0x00,0x00,0x00,0x00
.byte 0x00,0x00,0x00,0x00,0x00,0x00,0x00,0x00,0x00,0x00,0x00,0x00,0x00,0x00,0x00,0x00
.byte 0x00,0x00,0x00,0x00,0x00,0x00,0x00,0x00,0x00,0x00,0x00,0x00,0x00,0x00,0x00,0x00
.byte 0x00,0x00,0x00,0x00,0x00,0x00,0x00,0x00,0x00,0x00,0x00,0x00,0x00,0x00,0x00,0x00
.byte 0x00,0x00,0x00,0x00,0x00,0x00,0x00,0x00,0x00,0x00,0x20,0x00,0x00,0x00,0x20,0x00
.byte 0x00,0x00,0x20,0x00,0x00,0x00,0x20,0x00,0x00,0x00,0x20,0x00,0x00,0x00,0x20,0x00
.byte 0x00,0x00,0x20,0x00,0x00,0x00,0x20,0x00,0x00,0x00,0x20,0x00,0x00,0x00,0x20,0x00
.byte 0x00,0x00,0x20,0x00,0x00,0x00,0x20,0x00,0x00,0x00,0x20,0x00,0x00,0x00,0x20,0x00
.byte 0x00,0x00,0x20,0x00,0x00,0x00,0x20,0x00,0x00,0x00,0x20,0x00,0x00,0x00,0x20,0x00
.byte 0x00,0x00,0x20,0x00,0x00,0x00,0x20,0x00,0x00,0x00,0x20,0x00,0x00,0x00,0x20,0x00
.byte 0x00,0x00,0x20,0x00,0x00,0x00,0x20,0x00,0x00,0x00,0x20,0x00,0x00,0x00,0x20,0x00
.byte 0x00,0x00,0x20,0x00,0x00,0x00,0x20,0x00,0x00,0x00,0x20,0x00,0x00,0x00,0x20,0x00
.byte 0x00,0x00,0x20,0x00,0x00,0x00,0x20,0x00,0x00,0x00,0x20,0x00,0x00,0x00,0x20,0x00
.byte 0x00,0x00,0x20,0x00,0x00,0x00,0x20,0x00,0x00,0x00,0x20,0x00,0x00,0x00,0x00,0x00
.byte 0x00,0x00,0x00,0x00,0x00,0x00,0x00,0x00,0x00,0x00,0x00,0x00,0x00,0x00,0x00,0x00
.byte 0x00,0x00,0x00,0x00,0x00,0x00,0x00,0x00,0x3c,0x00,0x00,0x00,0x3c,0x00,0x00,0x00
.byte 0x3c,0x00,0x00,0x00,0x3d,0x00,0x00,0x00,0x3d,0x00,0x00,0x00,0x3d,0x00,0x00,0x00
.byte 0x3c,0x00,0x00,0x00,0x3c,0x00,0x00,0x00,0x3c,0x00,0x00,0x00,0x3c,0x00,0x00,0x00
.byte 0x3c,0x00,0x00,0x00,0x3c,0x00,0x00,0x00,0x3d,0x00,0x00,0x00,0x3d,0x00,0x00,0x00
.byte 0x3d,0x00,0x00,0x00,0x3d,0x00,0x00,0x00,0x3d,0x00,0x00,0x00,0x3d,0x00,0x00,0x00
.byte 0x3d,0x00,0x00,0x00,0x3d,0x00,0x00,0x00,0x3d,0x00,0x00,0x00,0x3c,0x00,0x00,0x00
.byte 0x3c,0x00,0x00,0x00,0x3c,0x00,0x00,0x00,0x3c,0x00,0x00,0x00,0x3c,0x00,0x00,0x00
.byte 0x3c,0x00,0x00,0x00,0x3c,0x00,0x00,0x00,0x3c,0x00,0x00,0x00,0x3f,0x00,0x00,0x00
.byte 0x3f,0x00,0x00,0x00,0x3f,0x00,0x00,0x00,0x3f,0x00,0x00,0x00,0x3f,0x00,0x00,0x00
.byte 0x3f,0x00,0x00,0x00,0x3f,0x00,0x00,0x00,0x3f,0x00,0x00,0x00,0x3c,0x00,0x00,0x00
.byte 0x3c,0x00,0x00,0x00,0x3c,0x00,0x00,0x00,0x3c,0x00,0x00,0x00,0x3c,0x00,0x00,0x00
.byte 0x3c,0x00,0x00,0x00,0x3c,0x00,0x00,0x00,0x3c,0x00,0x00,0x00,0x3c,0x00,0x00,0x00
.byte 0x46,0x00,0x00,0x00,0x46,0x00,0x00,0x00,0x46,0x00,0x00,0x00,0x46,0x00,0x00,0x00
.byte 0x46,0x00,0x00,0x00,0x46,0x00,0x00,0x00,0x46,0x00,0x00,0x00,0x46,0x00,0x00,0x00
.byte 0x46,0x00,0x00,0x00,0x3d,0x00,0x00,0x00,0x3d,0x00,0x00,0x00,0x3d,0x00,0x00,0x00
.byte 0x54,0x00,0x00,0x00,0x54,0x00,0x00,0x00,0x54,0x00,0x00,0x00,0x54,0x00,0x00,0x00
.byte 0x54,0x00,0x00,0x00,0x54,0x00,0x00,0x00,0x54,0x00,0x00,0x00,0x54,0x00,0x00,0x00
.byte 0x54,0x00,0x00,0x00,0x54,0x00,0x00,0x00,0x54,0x00,0x00,0x00,0x54,0x00,0x00,0x00
.byte 0x54,0x00,0x00,0x00,0x54,0x00,0x00,0x00,0x54,0x00,0x00,0x00,0x54,0x00,0x00,0x00
.byte 0x54,0x00,0x00,0x00,0x54,0x00,0x00,0x00,0x54,0x00,0x00,0x00,0x54,0x00,0x00,0x00
.byte 0x54,0x00,0x00,0x00,0x54,0x00,0x00,0x00,0x54,0x00,0x00,0x00,0x54,0x00,0x00,0x00
.byte 0x54,0x00,0x00,0x00,0x3c,0x00,0x00,0x00,0x3c,0x00,0x00,0x00,0x3c,0x00,0x00,0x00
.byte 0x3c,0x00,0x00,0x00,0x3c,0x00,0x00,0x00,0x3c,0x00,0x00,0x00,0x3d,0x00,0x00,0x00
.globl _GEX_DATA_00457210
_GEX_DATA_00457210:
.byte 0x61,0x02,0x00,0x00,0x0c,0x00,0x00,0x00,0x0c,0x00,0x00,0x00,0x22,0x00,0x00,0x40
.byte 0x22,0x00,0x00,0x40,0x22,0x00,0x00,0x40,0x61,0x00,0x00,0x00,0x21,0x00,0x00,0x00
.byte 0x21,0x00,0x00,0x00,0x21,0x00,0x00,0x00,0x00,0x00,0x00,0x10,0x60,0x02,0x00,0x00
.byte 0x22,0x00,0x00,0x40,0x22,0x00,0x00,0x40,0x22,0x00,0x00,0x40,0x22,0x00,0x00,0x40
.byte 0x22,0x00,0x00,0x40,0x20,0x01,0x00,0x40,0xa0,0x01,0x00,0x40,0x20,0x00,0x00,0x40
.byte 0xa0,0x05,0x00,0x40,0x21,0x00,0x00,0x00,0x21,0x00,0x00,0x00,0x21,0x00,0x00,0x00
.byte 0x21,0x00,0x00,0x00,0x21,0x00,0x00,0x00,0x21,0x00,0x00,0x00,0x61,0x00,0x00,0x00
.byte 0x60,0x01,0x00,0x00,0x61,0x00,0x00,0x10,0x61,0x02,0x00,0x10,0xe0,0x01,0x00,0x10
.byte 0x60,0x00,0x00,0x10,0x61,0x01,0x00,0x10,0x61,0x01,0x00,0x10,0x61,0x00,0x00,0x10
.byte 0x61,0x00,0x00,0x10,0xe0,0x01,0x00,0x00,0x60,0x00,0x00,0x00,0xe0,0x05,0x00,0x00
.byte 0x21,0x00,0x00,0x00,0x21,0x00,0x00,0x00,0x21,0x00,0x00,0x00,0x21,0x00,0x00,0x00
.byte 0x21,0x00,0x00,0x00,0x21,0x00,0x00,0x00,0x41,0x00,0x00,0x30,0xc0,0x00,0x00,0x30
.byte 0x40,0x00,0x00,0x30,0x41,0x00,0x00,0x30,0x41,0x00,0x00,0x30,0x41,0x00,0x00,0x30
.byte 0x40,0x00,0x00,0x30,0x41,0x00,0x00,0x30,0x40,0x00,0x00,0x30,0x21,0x00,0x00,0x40
.byte 0x21,0x00,0x00,0x40,0x21,0x00,0x00,0x40,0xc0,0x00,0x00,0x20,0xc0,0x00,0x00,0x20
.byte 0x40,0x00,0x00,0x20,0x41,0x00,0x00,0x20,0x41,0x00,0x00,0x20,0x41,0x00,0x00,0x20
.byte 0x41,0x00,0x00,0x20,0x41,0x00,0x00,0x20,0x41,0x00,0x00,0x20,0x41,0x00,0x00,0x20
.byte 0x41,0x00,0x00,0x20,0x41,0x00,0x00,0x20,0x41,0x00,0x00,0x20,0x41,0x00,0x00,0x20
.byte 0x41,0x00,0x00,0x20,0x40,0x00,0x00,0x20,0x41,0x00,0x00,0x20,0x40,0x00,0x00,0x20
.byte 0x40,0x00,0x00,0x20,0x41,0x00,0x00,0x20,0x41,0x00,0x00,0x00,0x41,0x00,0x00,0x20
.byte 0x43,0x00,0x00,0x20,0x41,0x00,0x00,0x20,0x41,0x00,0x00,0x20,0x22,0x00,0x00,0x00
.byte 0x22,0x00,0x00,0x00,0x04,0x00,0x00,0x00,0x10,0x00,0x00,0x00,0x10,0x00,0x00,0x50
.byte 0x10,0x00,0x00,0x00,0x22,0x00,0x00,0x40
.globl _GEX_DATA_00457378
_GEX_DATA_00457378:
.long _GEX_FN_00424090
.long _GEX_FN_00415480
.long _GEX_FN_004152f0
.long _GEX_FN_00413c80
.long _GEX_FN_00413e60
.long _GEX_FN_00414030
.long _GEX_FN_004146d0
.long _GEX_FN_00427340
.long _GEX_FN_004271a0
.long _GEX_FN_00424290
.long _GEX_FN_004244a0
.long _GEX_FN_00423d20
.long _GEX_FN_00424e50
.long _GEX_FN_004250b0
.long _GEX_FN_004260c0
.long _GEX_FN_004262c0
.long _GEX_FN_004252b0
.long _GEX_FN_00425af0
.long _GEX_FN_00425690
.long _GEX_FN_00425460
.long _GEX_FN_00425930
.long _GEX_FN_00424940
.long _GEX_FN_00424aa0
.long _GEX_FN_00426d00
.long _GEX_FN_004270b0
.long _GEX_FN_00426f60
.long _GEX_FN_00426da0
.long _GEX_FN_00427550
.long _GEX_FN_00427760
.long _GEX_FN_00427a10
.long _GEX_FN_00427850
.long _GEX_FN_00414a30
.long _GEX_FN_00414b60
.long _GEX_FN_00414c90
.long _GEX_FN_00414e20
.long _GEX_FN_00414f60
.long _GEX_FN_00427940
.long _GEX_FN_00427b80
.long _GEX_FN_00427ce0
.long _GEX_FN_00414890
.long _GEX_FN_00424320
.long _GEX_FN_00424b80
.long _GEX_FN_00425c10
.long _GEX_FN_00425ef0
.long _GEX_FN_004263b0
.long _GEX_FN_00425da0
.long _GEX_FN_00426ca0
.long _GEX_FN_00413ba0
.long _GEX_FN_00415040
.long _GEX_FN_004264b0
.long _GEX_FN_00426620
.long _GEX_FN_00412af0
.long _GEX_FN_00412d00
.long _GEX_FN_00412ee0
.long _GEX_FN_00412b40
.long _GEX_FN_00414130
.long _GEX_FN_00414370
.long _GEX_FN_004144e0
.long _GEX_FN_00412960
.long _GEX_FN_00413050
.long _GEX_FN_00415120
.long _GEX_FN_00411160
.long _GEX_FN_00411b90
.long _GEX_FN_00411c50
.long _GEX_FN_00411d70
.long _GEX_FN_00411e30
.long _GEX_FN_00411fd0
.long _GEX_FN_00412280
.long _GEX_FN_004123c0
.long _GEX_FN_004124b0
.long _GEX_FN_004125b0
.long _GEX_FN_00412750
.long _GEX_FN_00413170
.long _GEX_FN_00413350
.long _GEX_FN_00413470
.long _GEX_FN_004135a0
.long _GEX_FN_004136d0
.long _GEX_FN_004138b0
.long _GEX_FN_00414290
.long _GEX_FN_00412810
.long _GEX_FN_00411a40
.long _GEX_FN_00412840
.long _GEX_FN_00412870
.long _GEX_FN_00415650
.long _GEX_FN_00415720
.long _GEX_FN_004155c0
.long _GEX_FN_004157e0
.long _GEX_FN_00415b20
.long _GEX_FN_00415b90
.long _GEX_FN_00413ee0
.globl _GEX_DATA_004574e0
_GEX_DATA_004574e0:
.long _GEX_FN_00423dc0
.long _GEX_FN_004153e0
.long _GEX_FN_00415170
.long _GEX_FN_00413be0
.long _GEX_FN_00413d60
.long _GEX_FN_00413f10
.long _GEX_FN_00414600
.long _GEX_FN_004271f0
.long _GEX_FN_00427110
.long _GEX_FN_00424110
.long _GEX_FN_00424360
.long _GEX_FN_00423cb0
.long _GEX_FN_00424bd0
.long _GEX_FN_00424e80
.long _GEX_FN_00425f40
.long _GEX_FN_00426180
.long _GEX_FN_004250d0
.long _GEX_FN_00425980
.long _GEX_FN_004254b0
.long _GEX_FN_004252e0
.long _GEX_FN_004256e0
.long _GEX_FN_004247b0
.long _GEX_FN_004249e0
.long _GEX_FN_00426cf0
.long _GEX_FN_00426fc0
.long _GEX_FN_00426df0
.long _GEX_FN_00426d20
.long _GEX_FN_00427390
.long _GEX_FN_004275e0
.long _GEX_FN_00427980
.long _GEX_FN_00427780
.long _GEX_FN_00414900
.long _GEX_FN_00414a80
.long _GEX_FN_00414bb0
.long _GEX_FN_00414ce0
.long _GEX_FN_00414e80
.long _GEX_FN_004278a0
.long _GEX_FN_00427a50
.long _GEX_FN_00427c00
.long _GEX_FN_00414710
.long _GEX_FN_004242e0
.long _GEX_FN_00424ae0
.long _GEX_FN_00425b60
.long _GEX_FN_00425e80
.long _GEX_FN_00426330
.long _GEX_FN_00425cf0
.long _GEX_FN_00426690
.long _GEX_FN_00413ac0
.long _GEX_FN_00414fa0
.long _GEX_FN_004264a0
.long _GEX_FN_004264c0
.long _GEX_FN_00412a50
.long _GEX_FN_00412b50
.long _GEX_FN_00412de0
.long _GEX_FN_00412b30
.long _GEX_FN_004140f0
.long _GEX_FN_00414330
.long _GEX_FN_004143b0
.long _GEX_FN_00412880
.long _GEX_FN_00412f40
.long _GEX_FN_00415080
.long _GEX_FN_00427d30
.long _GEX_FN_00411a90
.long _GEX_FN_00411c40
.long _GEX_FN_00411c60
.long _GEX_FN_00411e20
.long _GEX_FN_00411e40
.long _GEX_FN_00412270
.long _GEX_FN_00412290
.long _GEX_FN_004124a0
.long _GEX_FN_004124c0
.long _GEX_FN_00412630
.long _GEX_FN_004130a0
.long _GEX_FN_00413230
.long _GEX_FN_004133a0
.long _GEX_FN_004134b0
.long _GEX_FN_00413600
.long _GEX_FN_00413730
.long _GEX_FN_00414240
.long _GEX_FN_00412800
.long _GEX_FN_00411380
.long _GEX_FN_00412830
.long _GEX_FN_00412860
.long _GEX_FN_00415600
.long _GEX_FN_004156e0
.long _GEX_FN_004155a0
.long _GEX_FN_00415790
.long _GEX_FN_00415820
.long _GEX_FN_00415b80
.long _GEX_FN_00413ed0
.globl _GEX_DATA_00457648
_GEX_DATA_00457648:
.long _GEX_DATA_00456880
.long _GEX_DATA_00456870
.long _GEX_DATA_00456864
.long _GEX_DATA_00456858
.long _GEX_DATA_0045684c
.long _GEX_DATA_00456840
.long _GEX_DATA_00456838
.long _GEX_DATA_00456830
.long _GEX_DATA_00456824
.long _GEX_DATA_0045681c
.long _GEX_DATA_00456814
.long _GEX_DATA_0045680c
.long _GEX_DATA_00456800
.long _GEX_DATA_004567f8
.long _GEX_DATA_004567f0
.long _GEX_DATA_004567e8
.long _GEX_DATA_004567e0
.long _GEX_DATA_004567d0
.long _GEX_DATA_004567c0
.long _GEX_DATA_004567b4
.long _GEX_DATA_004567a0
.long _GEX_DATA_00456798
.long _GEX_DATA_00456794
.long _GEX_DATA_0045678c
.long _GEX_DATA_00456784
.long _GEX_DATA_00456778
.long _GEX_DATA_0045676c
.long _GEX_DATA_00456764
.long _GEX_DATA_00456758
.long _GEX_DATA_00456750
.long _GEX_DATA_00456748
.long _GEX_DATA_00456738
.long _GEX_DATA_0045672c
.long _GEX_DATA_00456720
.long _GEX_DATA_00456710
.long _GEX_DATA_00456704
.long _GEX_DATA_004566f8
.long _GEX_DATA_004566ec
.long _GEX_DATA_004566e4
.long _GEX_DATA_004566d8
.long _GEX_DATA_004566cc
.long _GEX_DATA_004566bc
.long _GEX_DATA_004566b0
.long _GEX_DATA_004566a0
.long _GEX_DATA_00456694
.long _GEX_DATA_00456688
.long _GEX_DATA_0045667c
.long _GEX_DATA_0045666c
.long _GEX_DATA_00456660
.long _GEX_DATA_00456654
.long _GEX_DATA_00456648
.long _GEX_DATA_0045663c
.long _GEX_DATA_0045662c
.long _GEX_DATA_00456620
.long _GEX_DATA_00456614
.long _GEX_DATA_00456604
.long _GEX_DATA_004565f4
.long _GEX_DATA_004565e4
.long _GEX_DATA_004565d4
.long _GEX_DATA_004565c0
.long _GEX_DATA_004565b4
.long _GEX_DATA_004565a8
.long _GEX_DATA_00456594
.long _GEX_DATA_00456578
.long _GEX_DATA_00456564
.long _GEX_DATA_00456548
.long _GEX_DATA_00456534
.long _GEX_DATA_00456518
.long _GEX_DATA_00456504
.long _GEX_DATA_004564e8
.long _GEX_DATA_004564dc
.long _GEX_DATA_004564d0
.long _GEX_DATA_004564c4
.long _GEX_DATA_004564b4
.long _GEX_DATA_004564a8
.long _GEX_DATA_0045649c
.long _GEX_DATA_0045648c
.long _GEX_DATA_00456480
.long _GEX_DATA_0045646c
.long _GEX_DATA_0045645c
.long _GEX_DATA_0045644c
.long _GEX_DATA_00456434
.long _GEX_DATA_00456414
.long _GEX_DATA_0045640c
.long _GEX_DATA_004563f8
.long _GEX_DATA_004563e8
.long _GEX_DATA_004563d8
.long _GEX_DATA_004563cc
.long _GEX_DATA_004563c0
.long _GEX_DATA_004563b0
.globl _GEX_DATA_004577b0
_GEX_DATA_004577b0:
.byte 0x51,0x00,0x08,0x0d,0x0b,0x0c,0x09,0x19,0x51,0x00,0x09,0x0d,0x0b,0x0c,0x09,0x19
.byte 0x51,0x00,0x0a,0x0d,0x0b,0x0c,0x16,0x1a,0x51,0x00,0x10,0x0d,0x0b,0x0c,0x09,0x19
.byte 0x51,0x00,0x11,0x0d,0x0b,0x0c,0x09,0x19,0x51,0x00,0x12,0x0d,0x0b,0x0c,0x09,0x19
.byte 0x51,0x02,0x13,0x0d,0x0e,0x0f,0x1b,0x19,0x52,0x00,0x14,0x0d,0x17,0x18,0x57,0x1e
.byte 0x52,0x00,0x15,0x0d,0x17,0x18,0x57,0x1e,0x52,0x00,0x16,0x0d,0x17,0x18,0x57,0x1e
.byte 0x52,0x00,0x1c,0x0d,0x17,0x18,0x57,0x1e,0x52,0x00,0x1d,0x0d,0x17,0x18,0x57,0x1e
.byte 0x52,0x00,0x1e,0x0d,0x17,0x18,0x57,0x1e,0x52,0x02,0x1f,0x0d,0x1a,0x1b,0x38,0x1e
.byte 0x53,0x00,0x20,0x0d,0x23,0x24,0x1f,0x1c,0x53,0x00,0x21,0x0d,0x23,0x24,0x1f,0x1c
.byte 0x53,0x00,0x22,0x0d,0x23,0x24,0x1f,0x1c,0x53,0x00,0x28,0x0d,0x23,0x24,0x1f,0x1c
.byte 0x53,0x00,0x29,0x0d,0x23,0x24,0x1f,0x1c,0x53,0x00,0x2a,0x0d,0x23,0x24,0x1f,0x1c
.byte 0x53,0x02,0x2b,0x0d,0x26,0x27,0x25,0x1c,0x54,0x00,0x2c,0x0d,0x2f,0x30,0x59,0x1f
.byte 0x54,0x00,0x2d,0x0d,0x2f,0x30,0x59,0x1f,0x54,0x00,0x2e,0x0d,0x2f,0x30,0x59,0x1f
.byte 0x54,0x00,0x33,0x0d,0x2f,0x30,0x59,0x1f,0x54,0x00,0x34,0x0d,0x2f,0x30,0x59,0x1f
.byte 0x54,0x00,0x35,0x0d,0x2f,0x30,0x59,0x1f,0x54,0x02,0x36,0x0d,0x32,0x32,0x5a,0x1f
.byte 0x55,0x00,0x88,0x0d,0x8d,0x8d,0x00,0x00,0x55,0x00,0x8c,0x0d,0x89,0x89,0x00,0x00
.byte 0x55,0x00,0x8f,0x0d,0x8d,0x8d,0x00,0x00,0x55,0x00,0x92,0x0d,0x8d,0x8d,0x00,0x00
.byte 0x55,0x00,0x95,0x0d,0x96,0x97,0x00,0x00,0x55,0x00,0x98,0x0d,0x99,0x9a,0x00,0x00
.byte 0x55,0x00,0x9b,0x0d,0x9c,0x9d,0x00,0x00,0x56,0x00,0x37,0x0d,0x3a,0x3b,0x56,0x1d
.byte 0x56,0x00,0x38,0x0d,0x3a,0x3b,0x56,0x1d,0x56,0x00,0x39,0x0d,0x3a,0x3b,0x56,0x1d
.byte 0x56,0x00,0x3e,0x0d,0x3a,0x3b,0x56,0x1d,0x56,0x00,0x3f,0x0d,0x3a,0x3b,0x56,0x1d
.byte 0x56,0x00,0x40,0x0d,0x3a,0x3b,0x56,0x1d,0x56,0x02,0x41,0x0d,0x3d,0x3d,0x2d,0x1d
.byte 0x50,0x00,0x42,0x0d,0x00,0x00,0x00,0x00,0x50,0x00,0x43,0x0d,0x00,0x00,0x00,0x00
.byte 0x50,0x00,0x44,0x0d,0x00,0x00,0x00,0x00,0x50,0x00,0x46,0x0d,0x00,0x00,0x00,0x00
.byte 0x50,0x00,0x47,0x0d,0x00,0x00,0x00,0x00,0x50,0x00,0x48,0x0d,0x00,0x00,0x00,0x00
.byte 0x50,0x00,0x49,0x0d,0x00,0x00,0x00,0x00,0x51,0x00,0x4a,0x0d,0x4b,0x4c,0x08,0x00
.byte 0x52,0x00,0x50,0x0d,0x4f,0x4e,0x2e,0x00,0x53,0x00,0x51,0x0d,0x52,0x53,0x1e,0x00
.byte 0x54,0x00,0x57,0x0d,0x56,0x55,0x00,0x00,0x55,0x00,0x58,0x0d,0x59,0x59,0x00,0x00
.byte 0x56,0x00,0x5e,0x0d,0x5d,0x5c,0x27,0x00,0x57,0x00,0x60,0x0d,0x61,0x62,0x39,0x00
.byte 0xf0,0x00,0x65,0x0d,0x64,0x00,0x00,0x00,0xf0,0x00,0x66,0x0d,0x64,0x00,0x00,0x00
.byte 0xf0,0x00,0x67,0x0d,0x64,0x00,0x00,0x00,0xf0,0x00,0x68,0x0d,0x64,0x00,0x00,0x00
.byte 0xf0,0x00,0x69,0x0d,0x64,0x00,0x00,0x00,0x50,0x00,0x6a,0x0d,0x64,0x00,0x00,0x00
.byte 0x55,0x00,0x6b,0x0d,0x8d,0x8d,0x00,0x00,0x20,0x01,0x6c,0x0d,0x6d,0x6e,0x01,0x00
.byte 0x30,0x00,0x72,0x0d,0x00,0x00,0x00,0x00,0x30,0x01,0x73,0x0d,0x6d,0x6e,0x00,0x00
.byte 0x30,0x00,0x74,0x0d,0x00,0x00,0x00,0x00,0x20,0x01,0x7c,0x0d,0x6d,0x6e,0x00,0x00
.byte 0x30,0x00,0x7d,0x0d,0x00,0x00,0x00,0x00,0x30,0x00,0x87,0x0d,0x85,0x86,0x00,0x00
.byte 0x40,0x01,0xaa,0x00,0xca,0xca,0x00,0x00,0x40,0x01,0xab,0x00,0xca,0xca,0x00,0x00
.byte 0x40,0x01,0xac,0x00,0xca,0xca,0x00,0x00,0x40,0x01,0xad,0x00,0xca,0xca,0x00,0x00
.byte 0x40,0x01,0xae,0x00,0xca,0xca,0x00,0x00,0x40,0x01,0xaf,0x00,0xca,0xca,0x00,0x00
.byte 0x40,0x01,0xb0,0x00,0xca,0xca,0x00,0x00,0x40,0x01,0xb1,0x00,0xca,0xca,0x00,0x00
.byte 0x40,0x01,0xb2,0x00,0xca,0xca,0x00,0x00,0x40,0x01,0xb3,0x00,0xca,0xca,0x00,0x00
.byte 0x40,0x01,0xb4,0x00,0xca,0xca,0x00,0x00,0x40,0x01,0xb5,0x00,0xca,0xca,0x00,0x00
.byte 0x40,0x01,0xb6,0x00,0xca,0xca,0x00,0x00,0x40,0x01,0xb7,0x00,0xca,0xca,0x00,0x00
.byte 0x40,0x01,0xb8,0x00,0xca,0xca,0x00,0x00,0x40,0x01,0xb9,0x00,0xca,0xca,0x00,0x00
.byte 0x40,0x01,0xba,0x00,0xca,0xca,0x00,0x00,0x40,0x01,0xbb,0x00,0xca,0xca,0x00,0x00
.byte 0x40,0x01,0xbc,0x00,0xca,0xca,0x00,0x00,0x40,0x01,0xbd,0x00,0xca,0xca,0x00,0x00
.byte 0x40,0x01,0xbe,0x00,0xca,0xca,0x00,0x00,0x40,0x01,0xbf,0x00,0xca,0xca,0x00,0x00
.byte 0x40,0x01,0xc0,0x00,0xca,0xca,0x00,0x00,0x40,0x01,0xc1,0x00,0xca,0xca,0x00,0x00
.byte 0x40,0x01,0xc2,0x00,0xca,0xca,0x00,0x00,0x40,0x01,0xc3,0x00,0xca,0xca,0x00,0x00
.byte 0x40,0x01,0xc4,0x00,0xca,0xca,0x00,0x00,0x40,0x01,0xc5,0x00,0xca,0xca,0x00,0x00
.byte 0x40,0x01,0xc6,0x00,0xca,0xca,0x00,0x00,0x40,0x01,0xc7,0x00,0xca,0xca,0x00,0x00
.byte 0x40,0x01,0xc8,0x00,0xca,0xca,0x00,0x00,0x40,0x01,0xc9,0x00,0xca,0xca,0x00,0x00
.byte 0x40,0x01,0xcc,0x00,0xca,0xca,0x00,0x00,0x40,0x01,0xcd,0x00,0xca,0xca,0x00,0x00
.byte 0x40,0x01,0xce,0x00,0xca,0xca,0x00,0x00,0x40,0x01,0xcf,0x00,0xca,0xca,0x00,0x00
.byte 0x40,0x01,0xd0,0x00,0xca,0xca,0x00,0x00,0x40,0x01,0xd1,0x00,0xca,0xca,0x00,0x00
.byte 0x40,0x01,0xd2,0x00,0xca,0xca,0x00,0x00,0x40,0x01,0xd3,0x00,0xca,0xca,0x00,0x00
.byte 0x40,0x01,0xd4,0x00,0xca,0xca,0x00,0x00,0x40,0x01,0xd5,0x00,0xca,0xca,0x00,0x00
.byte 0x40,0x01,0xd6,0x00,0xca,0xca,0x00,0x00,0x40,0x01,0xd7,0x00,0xca,0xca,0x00,0x00
.byte 0x40,0x01,0xd8,0x00,0xca,0xca,0x00,0x00,0x40,0x01,0xd9,0x00,0xca,0xca,0x00,0x00
.byte 0x40,0x01,0xda,0x00,0xca,0xca,0x00,0x00,0x40,0x01,0xdb,0x00,0xca,0xca,0x00,0x00
.byte 0x40,0x01,0xdc,0x00,0xca,0xca,0x00,0x00,0x40,0x01,0xdd,0x00,0xca,0xca,0x00,0x00
.byte 0x40,0x01,0xde,0x00,0xca,0xca,0x00,0x00,0x40,0x01,0xdf,0x00,0xca,0xca,0x00,0x00
.byte 0x40,0x01,0xe0,0x00,0xca,0xca,0x00,0x00,0x40,0x01,0xe1,0x00,0xca,0xca,0x00,0x00
.byte 0x40,0x01,0xe2,0x00,0xca,0xca,0x00,0x00,0x40,0x01,0xe3,0x00,0xca,0xca,0x00,0x00
.byte 0x40,0x01,0xe4,0x00,0xca,0xca,0x00,0x00,0x40,0x01,0xe5,0x00,0xca,0xca,0x00,0x00
.byte 0x40,0x01,0xe6,0x00,0xca,0xca,0x00,0x00,0x40,0x01,0xe7,0x00,0xca,0xca,0x00,0x00
.byte 0x40,0x01,0xe8,0x00,0xca,0xca,0x00,0x00,0x40,0x01,0xe9,0x00,0xca,0xca,0x00,0x00
.byte 0x40,0x01,0xea,0x00,0xca,0xca,0x00,0x00,0x40,0x01,0xeb,0x00,0xca,0xca,0x00,0x00
.byte 0x40,0x01,0xec,0x00,0xed,0xed,0x00,0x00,0x40,0x01,0xee,0x00,0xed,0xed,0x00,0x00
.byte 0x55,0x00,0x9e,0x0d,0x8d,0x8d,0x00,0x00,0x55,0x00,0xa1,0x0d,0x89,0x89,0x00,0x00
.byte 0x55,0x00,0xa4,0x0d,0x8d,0x8d,0x00,0x00,0x45,0x01,0xa5,0x0d,0xca,0xca,0x00,0x00
.byte 0x15,0x00,0xa6,0x0d,0xca,0xca,0x00,0x00,0x55,0x00,0xa7,0x0d,0xca,0xca,0x00,0x00
.byte 0x55,0x00,0xa8,0x0d,0xca,0xca,0x00,0x00,0x55,0x00,0xa9,0x0d,0xca,0xca,0x00,0x00
.byte 0x00,0x00,0x00,0x00,0x00,0x00,0x00,0x00
.globl _GEX_DATA_00457c38
_GEX_DATA_00457c38:
.byte 0x00,0x07,0x03,0x00,0x01,0x08,0x02,0x01,0x05,0x06,0x04,0x05,0x00,0x00,0x00,0x00
.globl _GEX_DATA_00457c48
_GEX_DATA_00457c48:
.long _GEX_FN_0040f340
.long _GEX_FN_0040f380
.long _GEX_FN_0040f390
.long _GEX_FN_0040f3a0
.long _GEX_FN_0040f3b0
.long _GEX_FN_0040f3c0
.byte 0x81,0xff,0xff,0xff,0x00,0x00,0x00,0x00,0x7f,0x00,0x00,0x00,0x00,0x00,0x00,0x00
.long _GEX_FN_0040f610
.long _GEX_FN_0040f680
.long _GEX_FN_0040f690
.long _GEX_FN_0040f6a0
.long _GEX_FN_0040f6b0
.long _GEX_FN_0040f6c0
.globl _GEX_DATA_00457c88
_GEX_DATA_00457c88:
.byte 0x01,0x00,0x00,0x00,0x02,0x00,0x00,0x00,0x04,0x00,0x00,0x00,0x08,0x00,0x00,0x00
.byte 0x00,0x00,0x00,0x08,0x00,0x00,0x00,0x04,0x00,0x00,0x00,0x02,0x00,0x00,0x80,0x00
.byte 0x00,0x00,0x20,0x00,0x00,0x00,0x40,0x00,0x00,0x00,0x00,0x01,0x00,0x00,0x80,0x00
.byte 0x00,0x00,0x10,0x00,0x00,0x00,0x04,0x00,0x00,0x00,0x08,0x00,0xff,0xff,0xff,0xff
.globl _GEX_DATA_00457cc8
_GEX_DATA_00457cc8:
.byte 0x52,0x65,0x61,0x64,0x43,0x6f,0x6e,0x74,0x72,0x6f,0x6c,0x6c,0x65,0x72,0x20,0x66
.byte 0x6f,0x72,0x20,0x41,0x6e,0x61,0x6c,0x6f,0x67,0x20,0x49,0x6e,0x70,0x75,0x74,0x20
.byte 0x6e,0x6f,0x74,0x20,0x73,0x75,0x70,0x70,0x6f,0x72,0x74,0x65,0x64,0x20,0x79,0x65
.byte 0x74,0x0a,0x00,0x00
.globl _GEX_DATA_00457cfc
_GEX_DATA_00457cfc:
.byte 0x52,0x65,0x61,0x64,0x43,0x6f,0x6e,0x74,0x72,0x6f,0x6c,0x6c,0x65,0x72,0x20,0x66
.byte 0x6f,0x72,0x20,0x4d,0x6f,0x75,0x73,0x65,0x20,0x49,0x6e,0x70,0x75,0x74,0x20,0x6e
.byte 0x6f,0x74,0x20,0x73,0x75,0x70,0x70,0x6f,0x72,0x74,0x65,0x64,0x20,0x79,0x65,0x74
.byte 0x0a,0x00,0x00,0x00
.globl _GEX_DATA_00457d30
_GEX_DATA_00457d30:
.byte 0x52,0x65,0x61,0x64,0x43,0x6f,0x6e,0x74,0x72,0x6f,0x6c,0x6c,0x65,0x72,0x20,0x66
.byte 0x6f,0x72,0x20,0x4b,0x65,0x79,0x62,0x6f,0x61,0x72,0x64,0x20,0x49,0x6e,0x70,0x75
.byte 0x74,0x20,0x6e,0x6f,0x74,0x20,0x73,0x75,0x70,0x70,0x6f,0x72,0x74,0x65,0x64,0x20
.byte 0x79,0x65,0x74,0x0a,0x00,0x00,0x00,0x00
.globl _GEX_DATA_00457d68
_GEX_DATA_00457d68:
.byte 0x52,0x65,0x61,0x64,0x43,0x6f,0x6e,0x74,0x72,0x6f,0x6c,0x6c,0x65,0x72,0x20,0x66
.byte 0x72,0x6f,0x6d,0x20,0x55,0x6e,0x6b,0x6e,0x6f,0x77,0x6e,0x20,0x49,0x6e,0x70,0x75
.byte 0x74,0x20,0x6e,0x6f,0x74,0x20,0x73,0x75,0x70,0x70,0x6f,0x72,0x74,0x65,0x64,0x20
.byte 0x79,0x65,0x74,0x0a,0x00,0x00,0x00,0x00
.globl _GEX_DATA_00457da0
_GEX_DATA_00457da0:
.byte 0x52,0x65,0x61,0x64,0x41,0x6e,0x61,0x6c,0x6f,0x67,0x56,0x61,0x6c,0x75,0x65,0x20
.byte 0x66,0x72,0x6f,0x6d,0x20,0x41,0x6e,0x61,0x6c,0x6f,0x67,0x20,0x49,0x6e,0x70,0x75
.byte 0x74,0x20,0x6e,0x6f,0x74,0x20,0x73,0x75,0x70,0x70,0x6f,0x72,0x74,0x65,0x64,0x20
.byte 0x79,0x65,0x74,0x0a,0x00,0x00,0x00,0x00
.globl _GEX_DATA_00457dd8
_GEX_DATA_00457dd8:
.byte 0x52,0x65,0x61,0x64,0x41,0x6e,0x61,0x6c,0x6f,0x67,0x56,0x61,0x6c,0x75,0x65,0x20
.byte 0x66,0x72,0x6f,0x6d,0x20,0x4d,0x6f,0x75,0x73,0x65,0x20,0x49,0x6e,0x70,0x75,0x74
.byte 0x20,0x6e,0x6f,0x74,0x20,0x73,0x75,0x70,0x70,0x6f,0x72,0x74,0x65,0x64,0x20,0x79
.byte 0x65,0x74,0x0a,0x00
.globl _GEX_DATA_00457e0c
_GEX_DATA_00457e0c:
.byte 0x52,0x65,0x61,0x64,0x41,0x6e,0x61,0x6c,0x6f,0x67,0x56,0x61,0x6c,0x75,0x65,0x20
.byte 0x66,0x72,0x6f,0x6d,0x20,0x4b,0x65,0x79,0x62,0x6f,0x61,0x72,0x64,0x20,0x49,0x6e
.byte 0x70,0x75,0x74,0x20,0x6e,0x6f,0x74,0x20,0x73,0x75,0x70,0x70,0x6f,0x72,0x74,0x65
.byte 0x64,0x20,0x79,0x65,0x74,0x0a,0x00,0x00
.globl _GEX_DATA_00457e44
_GEX_DATA_00457e44:
.byte 0x52,0x65,0x61,0x64,0x41,0x6e,0x61,0x6c,0x6f,0x67,0x56,0x61,0x6c,0x75,0x65,0x20
.byte 0x66,0x72,0x6f,0x6d,0x20,0x55,0x6e,0x6b,0x6e,0x6f,0x77,0x6e,0x20,0x49,0x6e,0x70
.byte 0x75,0x74,0x20,0x6e,0x6f,0x74,0x20,0x73,0x75,0x70,0x70,0x6f,0x72,0x74,0x65,0x64
.byte 0x20,0x79,0x65,0x74,0x0a,0x00,0x00,0x00,0x00,0x00,0x00,0x00
.globl _GEX_DATA_00457e80
_GEX_DATA_00457e80:
.zero 24
.globl _GEX_DATA_00457e98
_GEX_DATA_00457e98:
.byte 0x01,0x10,0x00,0x00,0x01,0x10,0x00,0x00,0x01,0x00,0x00,0x00,0x01,0x01,0x00,0x00
.byte 0x10,0x01,0x00,0x00,0x10,0x01,0x00,0x00,0x00,0x00,0x00,0x00,0x10,0x10,0x00,0x00
.byte 0x10,0x10,0x00,0x00,0x10,0x10,0x00,0x00,0x00,0x00,0x00,0x00,0x01,0x01,0x00,0x00
.byte 0x01,0x01,0x00,0x00,0x10,0x01,0x00,0x00,0x10,0x00,0x00,0x00,0x10,0x10,0x00,0x00
.globl _GEX_DATA_00457ed8
_GEX_DATA_00457ed8:
.byte 0x01,0x00,0x00,0x00,0x00,0x00,0x00,0x00,0x01,0x00,0x00,0x00,0x00,0x00,0x00,0x00
.globl _GEX_DATA_00457ee8
_GEX_DATA_00457ee8:
.byte 0x01,0x00,0x00,0x00,0xff,0xff,0xff,0xff,0x11,0x00,0x00,0x00,0xff,0xff,0xff,0xff
.byte 0x10,0x00,0x00,0x00,0xff,0xff,0xff,0xff,0xff,0xff,0xff,0xff,0xff,0xff,0xff,0xff
.byte 0x00,0x00,0x00,0x00,0xff,0xff,0xff,0xff,0xff,0xff,0xff,0xff,0xff,0xff,0xff,0xff
.byte 0x11,0x00,0x00,0x00,0xff,0xff,0xff,0xff,0x10,0x00,0x00,0x00,0xff,0xff,0xff,0xff
.globl _GEX_DATA_00457f28
_GEX_DATA_00457f28:
.byte 0x11,0x00,0x00,0x00,0xff,0xff,0xff,0xff,0x10,0x00,0x00,0x00,0xff,0xff,0xff,0xff
.byte 0x00,0x00,0x00,0x00,0xff,0xff,0xff,0xff,0xff,0xff,0xff,0xff,0xff,0xff,0xff,0xff
.byte 0x10,0x00,0x00,0x00,0xff,0xff,0xff,0xff,0xff,0xff,0xff,0xff,0xff,0xff,0xff,0xff
.byte 0x01,0x00,0x00,0x00,0xff,0xff,0xff,0xff,0x11,0x00,0x00,0x00,0xff,0xff,0xff,0xff
.globl _GEX_DATA_00457f68
_GEX_DATA_00457f68:
.byte 0x00,0x00,0x1f,0x00
.globl _GEX_DATA_00457f6c
_GEX_DATA_00457f6c:
.byte 0x00,0x00,0x17,0x00,0x00,0x00,0x08,0x00,0x00,0x00,0x17,0x00,0x00,0x00,0x08,0x00
.byte 0x00,0x00,0x1f,0x00,0x00,0x00,0x08,0x00,0x00,0x00,0x08,0x00,0x00,0x00,0x00,0x00
.byte 0x00,0x00,0x08,0x00,0x00,0x00,0x17,0x00,0x00,0x00,0x08,0x00,0x00,0x00,0x17,0x00
.byte 0x00,0x00,0x00,0x00,0x00,0x00,0x17,0x00,0x00,0x00,0x17,0x00,0x00,0x00,0x00,0x00
.byte 0x00,0x00,0x17,0x00,0x00,0x00,0x08,0x00,0x00,0x00,0x17,0x00,0x00,0x00,0x08,0x00
.byte 0x00,0x00,0x00,0x00,0x00,0x00,0x08,0x00,0x00,0x00,0x08,0x00,0x00,0x00,0x1f,0x00
.byte 0x00,0x00,0x08,0x00,0x00,0x00,0x17,0x00,0x00,0x00,0x08,0x00,0x00,0x00,0x17,0x00
.byte 0x00,0x00,0x1f,0x00,0x00,0x00,0x17,0x00,0x00,0x00,0x17,0x00
.globl _GEX_DATA_00457fe8
_GEX_DATA_00457fe8:
.byte 0x00,0x00,0x1f,0x00,0x00,0x00,0x07,0x00,0x00,0x00,0x18,0x00,0x00,0x00,0x07,0x00
.byte 0x00,0x00,0x18,0x00,0x00,0x00,0x1f,0x00,0x00,0x00,0x18,0x00,0x00,0x00,0x18,0x00
.byte 0x00,0x00,0x00,0x00,0x00,0x00,0x18,0x00,0x00,0x00,0x07,0x00,0x00,0x00,0x18,0x00
.byte 0x00,0x00,0x07,0x00,0x00,0x00,0x00,0x00,0x00,0x00,0x07,0x00,0x00,0x00,0x07,0x00
.byte 0x00,0x00,0x00,0x00,0x00,0x00,0x07,0x00,0x00,0x00,0x18,0x00,0x00,0x00,0x07,0x00
.byte 0x00,0x00,0x18,0x00,0x00,0x00,0x00,0x00,0x00,0x00,0x18,0x00,0x00,0x00,0x18,0x00
.byte 0x00,0x00,0x1f,0x00,0x00,0x00,0x18,0x00,0x00,0x00,0x07,0x00,0x00,0x00,0x18,0x00
.byte 0x00,0x00,0x07,0x00,0x00,0x00,0x1f,0x00,0x00,0x00,0x07,0x00,0x00,0x00,0x07,0x00
.globl _GEX_DATA_00458068
_GEX_DATA_00458068:
.byte 0x0c,0x00,0x00,0x00,0x0d,0x00,0x00,0x00,0x0e,0x00,0x00,0x00,0x0f,0x00,0x00,0x00
.byte 0x08,0x00,0x00,0x00,0x09,0x00,0x00,0x00,0x0a,0x00,0x00,0x00,0x0b,0x00,0x00,0x00
.byte 0x04,0x00,0x00,0x00,0x05,0x00,0x00,0x00,0x06,0x00,0x00,0x00,0x07,0x00,0x00,0x00
.byte 0x00,0x00,0x00,0x00,0x01,0x00,0x00,0x00,0x02,0x00,0x00,0x00,0x03,0x00,0x00,0x00
.globl _GEX_DATA_004580a8
_GEX_DATA_004580a8:
.byte 0x00,0x00,0x00,0x00,0x00,0x00,0x00,0x00,0x00,0x00,0x08,0x00,0x00,0x00,0x07,0x00
.byte 0x00,0x00,0x0a,0x00,0x00,0x00,0x00,0x00,0x00,0x00,0x00,0x00,0x00,0x00,0xf8,0xff
.byte 0x00,0x00,0xf9,0xff,0x00,0x00,0xf6,0xff,0x00,0x00,0x04,0x00,0x00,0x00,0x10,0x00
.byte 0x00,0x00,0x10,0x00,0x00,0x00,0x07,0x00,0x00,0x00,0x05,0x00,0x00,0x00,0xfc,0xff
.byte 0x00,0x00,0xf0,0xff,0x00,0x00,0xf0,0xff,0x00,0x00,0xf9,0xff,0x00,0x00,0xfb,0xff
.byte 0x00,0x00,0x04,0x00,0x00,0x00,0x10,0x00,0x00,0x00,0x06,0x00,0x00,0x00,0x00,0x00
.byte 0x00,0x00,0x02,0x00,0x00,0x00,0xfc,0xff,0x00,0x00,0xf0,0xff,0x00,0x00,0xfa,0xff
.byte 0x00,0x00,0x00,0x00,0x00,0x00,0xfe,0xff,0x00,0x00,0x04,0x00,0x00,0x00,0x10,0x00
.byte 0x00,0x00,0x12,0x00,0x00,0x00,0x0c,0x00,0x00,0x00,0x02,0x00,0x00,0x00,0xfc,0xff
.byte 0x00,0x00,0xf0,0xff,0x00,0x00,0xee,0xff,0x00,0x00,0xf4,0xff,0x00,0x00,0xfe,0xff
.globl _GEX_DATA_00458148
_GEX_DATA_00458148:
.zero 4
.globl _GEX_DATA_0045814c
_GEX_DATA_0045814c:
.byte 0x03,0x00,0x00,0x00,0x06,0x00,0x00,0x00,0x05,0x00,0x00,0x00,0x02,0x00,0x00,0x00
.byte 0x00,0x00,0x00,0x00,0x04,0x00,0x00,0x00,0x06,0x00,0x00,0x00,0x01,0x00,0x00,0x00
.byte 0x02,0x00,0x00,0x00,0x07,0x00,0x00,0x00,0x04,0x00,0x00,0x00,0x03,0x00,0x00,0x00
.byte 0x01,0x00,0x00,0x00,0x05,0x00,0x00,0x00,0x07,0x00,0x00,0x00,0x01,0x00,0x00,0x00
.byte 0x03,0x00,0x00,0x00,0x04,0x00,0x00,0x00,0x07,0x00,0x00,0x00,0x02,0x00,0x00,0x00
.byte 0x01,0x00,0x00,0x00,0x06,0x00,0x00,0x00,0x04,0x00,0x00,0x00,0x00,0x00,0x00,0x00
.byte 0x02,0x00,0x00,0x00,0x05,0x00,0x00,0x00,0x06,0x00,0x00,0x00,0x03,0x00,0x00,0x00
.byte 0x00,0x00,0x00,0x00,0x07,0x00,0x00,0x00,0x05,0x00,0x00,0x00
.globl _GEX_DATA_004581c8
_GEX_DATA_004581c8:
.byte 0x01,0x00,0x00,0x00,0x02,0x00,0x00,0x00,0x03,0x00,0x00,0x00,0x04,0x00,0x00,0x00
.byte 0x05,0x00,0x00,0x00,0x06,0x00,0x00,0x00,0x07,0x00,0x00,0x00,0x00,0x00,0x00,0x00
.byte 0x0f,0x00,0x00,0x00,0x08,0x00,0x00,0x00,0x09,0x00,0x00,0x00,0x0a,0x00,0x00,0x00
.byte 0x0b,0x00,0x00,0x00,0x0c,0x00,0x00,0x00,0x0d,0x00,0x00,0x00,0x0e,0x00,0x00,0x00
.globl _GEX_DATA_00458208
_GEX_DATA_00458208:
.byte 0x00,0x00,0x00,0x00,0x00,0x00,0x02,0x00,0x00,0x00,0x00,0x00,0x00,0x00,0x0c,0x00
.byte 0x00,0x00,0x08,0x00,0x00,0x00,0x00,0x00,0x00,0x00,0xfe,0xff,0x00,0x00,0x00,0x00
.byte 0x00,0x00,0xf4,0xff,0x00,0x00,0xf8,0xff,0x00,0x00,0x08,0x00,0x00,0x00,0x10,0x00
.byte 0x00,0x00,0x04,0x00,0x00,0x00,0x08,0x00,0x00,0x00,0x0c,0x00,0x00,0x00,0xf8,0xff
.byte 0x00,0x00,0xf0,0xff,0x00,0x00,0xfc,0xff,0x00,0x00,0xf8,0xff,0x00,0x00,0xf4,0xff
.byte 0x00,0x00,0x0b,0x00,0x00,0x00,0x08,0x00,0x00,0x00,0x04,0x00,0x00,0x00,0xfe,0xff
.byte 0x00,0x00,0x02,0x00,0x00,0x00,0xf5,0xff,0x00,0x00,0xf8,0xff,0x00,0x00,0xfc,0xff
.byte 0x00,0x00,0x02,0x00,0x00,0x00,0xfe,0xff,0x00,0x00,0x0b,0x00,0x00,0x00,0x08,0x00
.byte 0x00,0x00,0x04,0x00,0x00,0x00,0x0e,0x00,0x00,0x00,0x0b,0x00,0x00,0x00,0xf5,0xff
.byte 0x00,0x00,0xf8,0xff,0x00,0x00,0xfc,0xff,0x00,0x00,0xf2,0xff,0x00,0x00,0xf5,0xff
.globl _GEX_DATA_004582a8
_GEX_DATA_004582a8:
.byte 0x01,0x00,0x00,0x00
.globl _GEX_DATA_004582ac
_GEX_DATA_004582ac:
.byte 0x03,0x00,0x00,0x00,0x04,0x00,0x00,0x00,0x07,0x00,0x00,0x00,0x02,0x00,0x00,0x00
.byte 0x01,0x00,0x00,0x00,0x06,0x00,0x00,0x00,0x04,0x00,0x00,0x00,0x00,0x00,0x00,0x00
.byte 0x02,0x00,0x00,0x00,0x05,0x00,0x00,0x00,0x06,0x00,0x00,0x00,0x03,0x00,0x00,0x00
.byte 0x00,0x00,0x00,0x00,0x07,0x00,0x00,0x00,0x05,0x00,0x00,0x00,0x00,0x00,0x00,0x00
.byte 0x03,0x00,0x00,0x00,0x06,0x00,0x00,0x00,0x05,0x00,0x00,0x00,0x02,0x00,0x00,0x00
.byte 0x00,0x00,0x00,0x00,0x04,0x00,0x00,0x00,0x06,0x00,0x00,0x00,0x01,0x00,0x00,0x00
.byte 0x02,0x00,0x00,0x00,0x07,0x00,0x00,0x00,0x04,0x00,0x00,0x00,0x03,0x00,0x00,0x00
.byte 0x01,0x00,0x00,0x00,0x05,0x00,0x00,0x00,0x07,0x00,0x00,0x00
.globl _GEX_DATA_00458328
_GEX_DATA_00458328:
.byte 0x07,0x00,0x00,0x00,0x00,0x00,0x00,0x00,0x01,0x00,0x00,0x00,0x02,0x00,0x00,0x00
.byte 0x03,0x00,0x00,0x00,0x04,0x00,0x00,0x00,0x05,0x00,0x00,0x00,0x06,0x00,0x00,0x00
.byte 0x09,0x00,0x00,0x00,0x0a,0x00,0x00,0x00,0x0b,0x00,0x00,0x00,0x0c,0x00,0x00,0x00
.byte 0x0d,0x00,0x00,0x00,0x0e,0x00,0x00,0x00,0x0f,0x00,0x00,0x00,0x08,0x00,0x00,0x00
.globl _GEX_DATA_00458368
_GEX_DATA_00458368:
.byte 0x00,0x00,0x1f,0x00
.globl _GEX_DATA_0045836c
_GEX_DATA_0045836c:
.byte 0x00,0x00,0x18,0x00,0x00,0x00,0x07,0x00,0x00,0x00,0x18,0x00,0x00,0x00,0x07,0x00
.byte 0x00,0x00,0x1f,0x00,0x00,0x00,0x07,0x00,0x00,0x00,0x07,0x00,0x00,0x00,0x00,0x00
.byte 0x00,0x00,0x07,0x00,0x00,0x00,0x18,0x00,0x00,0x00,0x07,0x00,0x00,0x00,0x18,0x00
.byte 0x00,0x00,0x00,0x00,0x00,0x00,0x18,0x00,0x00,0x00,0x18,0x00,0x00,0x00,0x00,0x00
.byte 0x00,0x00,0x18,0x00,0x00,0x00,0x07,0x00,0x00,0x00,0x18,0x00,0x00,0x00,0x07,0x00
.byte 0x00,0x00,0x00,0x00,0x00,0x00,0x07,0x00,0x00,0x00,0x07,0x00,0x00,0x00,0x1f,0x00
.byte 0x00,0x00,0x07,0x00,0x00,0x00,0x18,0x00,0x00,0x00,0x07,0x00,0x00,0x00,0x18,0x00
.byte 0x00,0x00,0x1f,0x00,0x00,0x00,0x18,0x00,0x00,0x00,0x18,0x00
.globl _GEX_DATA_004583e8
_GEX_DATA_004583e8:
.byte 0x00,0x00,0x00,0x00,0x00,0x00,0x00,0x00,0x00,0x00,0x00,0x00,0x00,0x00,0x06,0x00
.byte 0x00,0x00,0x27,0x00,0x00,0x00,0x00,0x00,0x00,0x00,0x00,0x00,0x00,0x00,0x00,0x00
.byte 0x00,0x00,0xfa,0xff,0x00,0x00,0xd9,0xff,0x00,0x00,0x04,0x00,0x00,0x00,0x04,0x00
.byte 0x00,0x00,0x07,0x00,0x00,0x00,0x08,0x00,0x00,0x00,0x01,0x00,0x00,0x00,0xfc,0xff
.byte 0x00,0x00,0xfc,0xff,0x00,0x00,0xf9,0xff,0x00,0x00,0xf8,0xff,0x00,0x00,0xff,0xff
.byte 0x00,0x00,0x00,0x00,0x00,0x00,0x00,0x00,0x00,0x00,0x00,0x00,0x00,0x00,0x00,0x00
.byte 0x00,0x00,0x00,0x00,0x00,0x00,0x00,0x00,0x00,0x00,0x00,0x00,0x00,0x00,0x00,0x00
.byte 0x00,0x00,0x00,0x00,0x00,0x00,0x00,0x00,0x00,0x00,0x00,0x00,0x00,0x00,0x0c,0x00
.byte 0x00,0x00,0x0c,0x00,0x00,0x00,0x0c,0x00,0x00,0x00,0x00,0x00,0x00,0x00,0x00,0x00
.byte 0x00,0x00,0xf4,0xff,0x00,0x00,0xf4,0xff,0x00,0x00,0xf4,0xff,0x00,0x00,0x00,0x00
.globl _GEX_DATA_00458488
_GEX_DATA_00458488:
.zero 4
.globl _GEX_DATA_0045848c
_GEX_DATA_0045848c:
.byte 0x03,0x00,0x00,0x00,0x04,0x00,0x00,0x00,0x07,0x00,0x00,0x00,0x02,0x00,0x00,0x00
.byte 0x00,0x00,0x00,0x00,0x06,0x00,0x00,0x00,0x04,0x00,0x00,0x00,0x01,0x00,0x00,0x00
.byte 0x02,0x00,0x00,0x00,0x05,0x00,0x00,0x00,0x06,0x00,0x00,0x00,0x03,0x00,0x00,0x00
.byte 0x01,0x00,0x00,0x00,0x07,0x00,0x00,0x00,0x05,0x00,0x00,0x00,0x01,0x00,0x00,0x00
.byte 0x03,0x00,0x00,0x00,0x06,0x00,0x00,0x00,0x05,0x00,0x00,0x00,0x02,0x00,0x00,0x00
.byte 0x01,0x00,0x00,0x00,0x06,0x00,0x00,0x00,0x04,0x00,0x00,0x00,0x00,0x00,0x00,0x00
.byte 0x02,0x00,0x00,0x00,0x07,0x00,0x00,0x00,0x04,0x00,0x00,0x00,0x03,0x00,0x00,0x00
.byte 0x00,0x00,0x00,0x00,0x05,0x00,0x00,0x00,0x07,0x00,0x00,0x00
.globl _GEX_DATA_00458508
_GEX_DATA_00458508:
.byte 0x02,0x00,0x00,0x00,0x03,0x00,0x00,0x00,0x04,0x00,0x00,0x00,0x05,0x00,0x00,0x00
.byte 0x06,0x00,0x00,0x00,0x07,0x00,0x00,0x00,0x00,0x00,0x00,0x00,0x01,0x00,0x00,0x00
.byte 0x0e,0x00,0x00,0x00,0x0f,0x00,0x00,0x00,0x08,0x00,0x00,0x00,0x09,0x00,0x00,0x00
.byte 0x0a,0x00,0x00,0x00,0x0b,0x00,0x00,0x00,0x0c,0x00,0x00,0x00,0x0d,0x00,0x00,0x00
.globl _GEX_DATA_00458548
_GEX_DATA_00458548:
.byte 0x00,0x00,0x08,0x00,0x00,0x00,0x0e,0x00,0x00,0x00,0x01,0x00,0x00,0x00,0x00,0x00
.byte 0x00,0x00,0x00,0x00,0x00,0x00,0xf8,0xff,0x00,0x00,0xf2,0xff,0x00,0x00,0xff,0xff
.byte 0x00,0x00,0x00,0x00,0x00,0x00,0x00,0x00,0x00,0x00,0x00,0x00,0x00,0x00,0x00,0x00
.byte 0x00,0x00,0x02,0x00,0x00,0x00,0x0d,0x00,0x00,0x00,0x03,0x00,0x00,0x00,0x00,0x00
.byte 0x00,0x00,0x00,0x00,0x00,0x00,0xfe,0xff,0x00,0x00,0xf3,0xff,0x00,0x00,0xfd,0xff
.byte 0x00,0x00,0x00,0x00,0x00,0x00,0x00,0x00,0x00,0x00,0x00,0x00,0x00,0x00,0x00,0x00
.byte 0x00,0x00,0x00,0x00,0x00,0x00,0x00,0x00,0x00,0x00,0x00,0x00,0x00,0x00,0x00,0x00
.byte 0x00,0x00,0x00,0x00,0x00,0x00,0x00,0x00,0x00,0x00,0x00,0x00,0x00,0x00,0x0c,0x00
.byte 0x00,0x00,0x0c,0x00,0x00,0x00,0x0c,0x00,0x00,0x00,0x00,0x00,0x00,0x00,0x00,0x00
.byte 0x00,0x00,0xf4,0xff,0x00,0x00,0xf4,0xff,0x00,0x00,0xf4,0xff,0x00,0x00,0x00,0x00
.globl _GEX_DATA_004585e8
_GEX_DATA_004585e8:
.byte 0x03,0x00,0x00,0x00,0x01,0x00,0x00,0x00,0x04,0x00,0x00,0x00,0x07,0x00,0x00,0x00
.byte 0x00,0x00,0x00,0x00,0x03,0x00,0x00,0x00,0x06,0x00,0x00,0x00,0x04,0x00,0x00,0x00
.byte 0x02,0x00,0x00,0x00,0x00,0x00,0x00,0x00,0x05,0x00,0x00,0x00,0x06,0x00,0x00,0x00
.byte 0x01,0x00,0x00,0x00,0x02,0x00,0x00,0x00,0x07,0x00,0x00,0x00,0x05,0x00,0x00,0x00
.byte 0x02,0x00,0x00,0x00,0x01,0x00,0x00,0x00,0x06,0x00,0x00,0x00,0x05,0x00,0x00,0x00
.byte 0x00,0x00,0x00,0x00,0x02,0x00,0x00,0x00,0x06,0x00,0x00,0x00,0x04,0x00,0x00,0x00
.byte 0x03,0x00,0x00,0x00,0x00,0x00,0x00,0x00,0x07,0x00,0x00,0x00,0x04,0x00,0x00,0x00
.byte 0x01,0x00,0x00,0x00,0x03,0x00,0x00,0x00,0x05,0x00,0x00,0x00,0x07,0x00,0x00,0x00
.globl _GEX_DATA_00458668
_GEX_DATA_00458668:
.byte 0x06,0x00,0x00,0x00,0x07,0x00,0x00,0x00,0x00,0x00,0x00,0x00,0x01,0x00,0x00,0x00
.byte 0x02,0x00,0x00,0x00,0x03,0x00,0x00,0x00,0x04,0x00,0x00,0x00,0x05,0x00,0x00,0x00
.byte 0x0a,0x00,0x00,0x00,0x0b,0x00,0x00,0x00,0x0c,0x00,0x00,0x00,0x0d,0x00,0x00,0x00
.byte 0x0e,0x00,0x00,0x00,0x0f,0x00,0x00,0x00,0x08,0x00,0x00,0x00,0x09,0x00,0x00,0x00
.globl _GEX_DATA_004586a8
_GEX_DATA_004586a8:
.byte 0x00,0x00,0x00,0x00,0x00,0x00,0x00,0x00,0x00,0x00,0x00,0x00,0x00,0x00,0x00,0x00
.byte 0x00,0x00,0x10,0x00,0x00,0x00,0x00,0x00
.globl _GEX_DATA_004586c0
_GEX_DATA_004586c0:
.byte 0x00,0x00,0xf5,0xff,0x00,0x00,0xf5,0xff,0x00,0x00,0xfd,0xff,0x00,0x00,0x00,0x00
.byte 0x00,0x00,0x00,0x00,0x00,0x00,0x00,0x00
.globl _GEX_DATA_004586d8
_GEX_DATA_004586d8:
.zero 4
.globl _GEX_DATA_004586dc
_GEX_DATA_004586dc:
.byte 0xff,0xff,0xff,0xff,0x00,0x00,0x00,0x00,0x00,0x00,0x00,0x00,0x01,0x00,0x00,0x00
.byte 0x00,0x00,0x00,0x00,0x00,0x00,0x00,0x00,0x00,0x00,0x00,0x00,0x00,0x00,0x00,0x00
.byte 0x01,0x00,0x00,0x00,0x00,0x00,0x00,0x00,0x00,0x00,0x00,0x00,0xff,0xff,0xff,0xff
.byte 0x00,0x00,0x00,0x00,0x00,0x00,0x00,0x00,0x00,0x00,0x00,0x00,0x00,0x00,0x00,0x00
.byte 0xff,0xff,0xff,0xff,0x00,0x00,0x00,0x00,0x00,0x00,0x00,0x00,0x01,0x00,0x00,0x00
.byte 0x00,0x00,0x00,0x00,0x00,0x00,0x00,0x00,0x00,0x00,0x00,0x00,0x00,0x00,0x00,0x00
.byte 0x01,0x00,0x00,0x00,0x00,0x00,0x00,0x00,0x00,0x00,0x00,0x00,0xff,0xff,0xff,0xff
.byte 0x00,0x00,0x00,0x00,0x00,0x00,0x00,0x00,0x00,0x00,0x00,0x00
.globl _GEX_DATA_00458758
_GEX_DATA_00458758:
.byte 0x07,0x00,0x00,0x00,0x08,0x00,0x00,0x00,0x01,0x00,0x00,0x00,0x02,0x00,0x00,0x00
.byte 0x03,0x00,0x00,0x00,0x04,0x00,0x00,0x00,0x05,0x00,0x00,0x00,0x06,0x00,0x00,0x00
.byte 0x03,0x00,0x00,0x00,0x04,0x00,0x00,0x00,0x05,0x00,0x00,0x00,0x06,0x00,0x00,0x00
.byte 0x07,0x00,0x00,0x00,0x08,0x00,0x00,0x00,0x01,0x00,0x00,0x00,0x02,0x00,0x00,0x00
.globl _GEX_DATA_00458798
_GEX_DATA_00458798:
.zero 4
.globl _GEX_DATA_0045879c
_GEX_DATA_0045879c:
.byte 0x00,0x00,0xe0,0xff
.globl _GEX_DATA_004587a0
_GEX_DATA_004587a0:
.zero 4
.globl _GEX_DATA_004587a4
_GEX_DATA_004587a4:
.byte 0x00,0x00,0x04,0x00,0x00,0x00,0x20,0x00,0x00,0x00,0x00,0x00,0x00,0x00,0xfc,0xff
.byte 0x00,0x00,0x00,0x00,0x00,0x00,0x00,0x00,0x00,0x00,0x20,0x00,0x00,0x00,0x00,0x00
.byte 0x00,0x00,0xfc,0xff,0x00,0x00,0xe0,0xff,0x00,0x00,0x00,0x00,0x00,0x00,0x04,0x00
.byte 0x00,0x00,0x00,0x00
.globl _GEX_DATA_004587d8
_GEX_DATA_004587d8:
.byte 0x00,0x01,0x01,0x00,0x00,0x00,0x00,0x00,0x00,0x00,0x00,0x00,0x01,0x01,0x00,0x00
.byte 0xe0,0xff,0xff,0xff,0x00,0x00,0x00,0x00,0x01,0x00,0x00,0x00,0xc0,0xff,0xff,0xff
.byte 0x01,0x00,0x00,0x00,0x01,0x10,0x00,0x00,0xa0,0x00,0x00,0x00,0x00,0x00,0x00,0x00
.byte 0x00,0x10,0x01,0x00,0x80,0xff,0xff,0xff,0x00,0x00,0x00,0x00,0x10,0x10,0x01,0x00
.byte 0x60,0x00,0x00,0x00,0x00,0x00,0x00,0x00,0x10,0x00,0x01,0x00,0x40,0x00,0x00,0x00
.byte 0x01,0x00,0x00,0x00,0x10,0x01,0x01,0x00,0x20,0x00,0x00,0x00,0x00,0x00,0x00,0x00
.byte 0x00,0x10,0x01,0x00,0x00,0x00,0x00,0x00,0x00,0x00,0x00,0x00,0x10,0x10,0x01,0x00
.byte 0xe0,0xff,0xff,0xff,0x00,0x00,0x00,0x00,0x10,0x00,0x01,0x00,0xc0,0xff,0xff,0xff
.byte 0x01,0x00,0x00,0x00,0x10,0x01,0x01,0x00,0xa0,0xff,0xff,0xff,0x00,0x00,0x00,0x00
.byte 0x00,0x01,0x01,0x00,0x80,0x00,0x00,0x00,0x00,0x00,0x00,0x00,0x01,0x01,0x00,0x00
.byte 0x60,0xff,0xff,0xff,0x00,0x00,0x00,0x00,0x01,0x00,0x00,0x00,0x40,0x00,0x00,0x00
.byte 0x01,0x00,0x00,0x00,0x01,0x10,0x00,0x00,0x20,0x00,0x00,0x00,0x00,0x00,0x00,0x00
.globl _GEX_DATA_00458898
_GEX_DATA_00458898:
.byte 0x00,0x00,0x01,0x00,0x00,0x01,0x01,0x00,0x00,0x02,0x01,0x00,0x00,0x04,0x01,0x00
.byte 0x00,0x08,0x01,0x00,0x00,0x10,0x01,0x00,0x00,0x20,0x01,0x00,0x00,0x40,0x01,0x00
.byte 0x00,0x80,0x01,0x00,0x00,0x00,0x02,0x00,0x00,0x00,0x04,0x00,0x00,0x00,0x08,0x00
.byte 0x00,0x00,0x10,0x00,0x00,0x00,0x00,0x00
.globl _GEX_DATA_004588d0
_GEX_DATA_004588d0:
.byte 0x10,0x20,0x40,0x00,0x00,0x00,0x00,0x00
.globl _GEX_DATA_004588d8
_GEX_DATA_004588d8:
.byte 0x00,0x00,0x01,0x00,0x00,0x01,0x01,0x00,0x00,0x02,0x01,0x00,0x00,0x04,0x01,0x00
.byte 0x00,0x08,0x01,0x00,0x00,0x10,0x01,0x00,0x00,0x20,0x01,0x00,0x00,0x40,0x01,0x00
.byte 0x00,0x80,0x01,0x00,0x00,0x00,0x02,0x00,0x00,0x00,0x04,0x00,0x00,0x00,0x08,0x00
.byte 0x00,0x00,0x10,0x00,0x00,0x00,0x00,0x00,0x00,0x00,0xf0,0xff,0x00,0x00,0x00,0x00
.byte 0x00,0x80,0x00,0x00,0x00,0x80,0x00,0x00,0x00,0x00,0x40,0x00,0x00,0x00,0x10,0x00
.byte 0x00,0x00,0x00,0x00,0x00,0x80,0x00,0x00,0x00,0x80,0x00,0x00,0x00,0x00,0xc0,0x00
.byte 0x00,0x00,0x00,0x00,0x00,0x00,0xf0,0xff,0x00,0x80,0x00,0x00,0x00,0x80,0x00,0x00
.byte 0x00,0x00,0x80,0x00,0x00,0x00,0x00,0x00,0x00,0x00,0x10,0x00,0x00,0x80,0x00,0x00
.byte 0x00,0x80,0x00,0x00,0x00,0x00,0x00,0x00,0x55,0x00,0x00,0x00,0x47,0x00,0x00,0x00
.byte 0x18,0x00,0x00,0x00,0x14,0x00,0x00,0x00,0x0c,0x00,0x00,0x00,0x50,0x00,0x00,0x00
.byte 0x12,0x00,0x00,0x00,0x00,0x00,0x00,0x00,0x00,0xc0,0x00,0x00,0x00,0xc0,0x00,0x00
.byte 0x00,0x00,0x00,0x00,0x00,0x00,0x1c,0x00,0x00,0xc0,0x00,0x00,0x00,0x60,0x00,0x00
.byte 0x00,0x00,0x00,0x00,0x00,0x00,0x18,0x00,0x00,0x70,0x00,0x00,0x00,0xc0,0x00,0x00
.byte 0x00,0x00,0x00,0x00,0x00,0x00,0x00,0x00,0x00,0xc0,0x00,0x00,0x00,0xc0,0x00,0x00
.byte 0x00,0x00,0x00,0x00,0x00,0x00,0x00,0x00,0x00,0xc0,0x00,0x00,0x00,0xc0,0x00,0x00
.byte 0x00,0x00,0x00,0x00,0x00,0x00,0x28,0x00,0x00,0x00,0x00,0x00,0x00,0x20,0x00,0x00
.byte 0x01,0x00,0x00,0x00,0x00,0x40,0x00,0x00,0x02,0x00,0x00,0x00,0x00,0x60,0x00,0x00
.byte 0x03,0x00,0x00,0x00,0x00,0x80,0x00,0x00,0x04,0x00,0x00,0x00,0x00,0x00,0x01,0x00
.byte 0x03,0x00,0x00,0x00,0x00,0x20,0x01,0x00,0x02,0x00,0x00,0x00,0x00,0x40,0x01,0x00
.byte 0x01,0x00,0x00,0x00,0x00,0x60,0x01,0x00,0x00,0x00,0x00,0x00,0x01,0x80,0x01,0x00
.byte 0x01,0x00,0x00,0x00,0x00,0x60,0x01,0x00,0x02,0x00,0x00,0x00,0x00,0x40,0x01,0x00
.byte 0x03,0x00,0x00,0x00,0x00,0x20,0x01,0x00,0x04,0x00,0x00,0x00,0x00,0x00,0x01,0x00
.byte 0x03,0x00,0x00,0x00,0x00,0x80,0x00,0x00,0x02,0x00,0x00,0x00,0x00,0x60,0x00,0x00
.byte 0x01,0x00,0x00,0x00,0x00,0x40,0x00,0x00,0x00,0x00,0x00,0x00,0x00,0x20,0x00,0x00
.byte 0xff,0xff,0xff,0xff,0x00,0x00,0x00,0x00,0x0a,0x00,0x00,0x00,0x00,0x00,0x00,0x00
.byte 0x00,0x00,0x00,0x00,0xec,0xff,0xff,0xff,0xbf,0xff,0xff,0xff,0x00,0x00,0x00,0x00
.byte 0x50,0x00,0x00,0x00,0x00,0x00,0x00,0x00,0x00,0x00,0x00,0x00,0xf6,0xff,0xff,0xff
.byte 0x00,0x00,0x00,0x00,0x00,0x00,0x00,0x00,0x6e,0x00,0x00,0x00,0x00,0x00,0x00,0x00
.byte 0x00,0x00,0x00,0x00,0xec,0xff,0xff,0xff,0x00,0x00,0x00,0x00,0x00,0x00,0x00,0x00
.byte 0xaf,0xff,0xff,0xff,0xf6,0xff,0xff,0xff,0x00,0x00,0x00,0x00,0xaa,0x00,0x00,0x00
.byte 0x00,0x00,0x00,0x00,0x00,0x00,0x00,0x00,0x6f,0xff,0xff,0xff,0xf6,0xff,0xff,0xff
.byte 0x00,0x00,0x00,0x00,0x96,0x00,0x00,0x00,0x00,0x00,0x00,0x00,0x00,0x00,0x00,0x00
.byte 0x00,0x00,0x01,0x00,0x00,0x00,0x01,0x00,0x00,0x00,0x01,0x00,0x00,0x00,0x01,0x00
.byte 0x00,0x00,0x00,0x00,0x00,0x00,0x01,0x00,0x00,0x00,0x00,0x00,0x00,0x00,0x01,0x00
.byte 0x00,0x00,0xff,0xff,0x00,0x00,0x01,0x00,0x00,0x00,0xff,0xff,0x00,0x00,0x01,0x00
.byte 0x00,0x00,0xff,0xff,0x00,0x00,0x00,0x00,0x00,0x00,0xff,0xff,0x00,0x00,0x00,0x00
.byte 0x00,0x00,0xff,0xff,0x00,0x00,0xff,0xff,0x00,0x00,0xff,0xff,0x00,0x00,0xff,0xff
.byte 0x00,0x00,0x00,0x00,0x00,0x00,0xff,0xff,0x00,0x00,0x00,0x00,0x00,0x00,0xff,0xff
.byte 0x00,0x00,0x01,0x00,0x00,0x00,0xff,0xff,0x00,0x00,0x01,0x00,0x00,0x00,0xff,0xff
.byte 0x00,0x00,0x01,0x00,0x00,0x00,0x00,0x00,0x00,0x00,0x01,0x00,0x00,0x00,0x00,0x00
.byte 0x00,0x00,0x00,0x80,0x80,0x1c,0x80,0x1f,0x00,0x00,0x00,0x00,0x00,0x00,0x00,0x00
.byte 0x00,0x1e,0x81,0x1e,0x00,0x1e,0x81,0x1e,0x01,0x00,0x00,0x00,0x80,0x1c,0x80,0x1f
.globl _GEX_DATA_00458b78
_GEX_DATA_00458b78:
.byte 0x02,0x00,0x00,0x00
.globl _GEX_DATA_00458b7c
_GEX_DATA_00458b7c:
.byte 0x01,0x00,0x00,0x00
.globl _GEX_DATA_00458b80
_GEX_DATA_00458b80:
.byte 0x04,0x00,0x00,0x00
.globl _GEX_DATA_00458b84
_GEX_DATA_00458b84:
.byte 0x02,0x00,0x00,0x00
.globl _GEX_DATA_00458b88
_GEX_DATA_00458b88:
.byte 0x03,0x00,0x00,0x00
.globl _GEX_DATA_00458b8c
_GEX_DATA_00458b8c:
.byte 0x80,0x0c,0x80,0x0f
.globl _GEX_DATA_00458b90
_GEX_DATA_00458b90:
.byte 0x45,0x72,0x72,0x6f,0x72,0x3a,0x20,0x4e,0x6f,0x6e,0x20,0x73,0x75,0x70,0x70,0x6f
.byte 0x72,0x74,0x65,0x64,0x20,0x70,0x6c,0x61,0x74,0x20,0x63,0x6f,0x72,0x6e,0x65,0x72
.byte 0x21,0x3f,0x21,0x3f,0x0a,0x00,0x00,0x00
.globl _GEX_DATA_00458bb8
_GEX_DATA_00458bb8:
.byte 0x45,0x72,0x72,0x6f,0x72,0x3a,0x49,0x6e,0x69,0x74,0x50,0x6c,0x61,0x79,0x65,0x72
.byte 0x53,0x69,0x64,0x65,0x49,0x6e,0x73,0x69,0x64,0x65,0x39,0x30,0x54,0x72,0x61,0x6e
.byte 0x73,0x2c,0x20,0x69,0x6e,0x76,0x61,0x6c,0x69,0x64,0x0a,0x00
.globl _GEX_DATA_00458be4
_GEX_DATA_00458be4:
.byte 0x42,0x61,0x64,0x20,0x49,0x6e,0x69,0x74,0x69,0x61,0x6c,0x20,0x53,0x69,0x64,0x65
.byte 0x20,0x53,0x74,0x69,0x63,0x6b,0x20,0x41,0x6e,0x67,0x6c,0x65,0x0a,0x00,0x00,0x00
.globl _GEX_DATA_00458c04
_GEX_DATA_00458c04:
.byte 0x42,0x61,0x64,0x20,0x53,0x74,0x61,0x72,0x74,0x20,0x44,0x6f,0x6f,0x72,0x20,0x54
.byte 0x79,0x70,0x65,0x20,0x25,0x6c,0x64,0x0a,0x00,0x00,0x00,0x00
.globl _GEX_DATA_00458c20
_GEX_DATA_00458c20:
.byte 0x45,0x52,0x52,0x4f,0x52,0x3a,0x20,0x42,0x61,0x64,0x20,0x6d,0x61,0x70,0x20,0x6c
.byte 0x65,0x76,0x65,0x6c,0x20,0x23,0x25,0x6c,0x64,0x0a,0x00,0x00
.globl _GEX_DATA_00458c3c
_GEX_DATA_00458c3c:
.byte 0x64,0x75,0x70,0x6c,0x69,0x63,0x61,0x74,0x65,0x20,0x47,0x58,0x20,0x61,0x74,0x20
.byte 0x28,0x25,0x6c,0x64,0x2c,0x20,0x25,0x6c,0x64,0x29,0x0a,0x00
.globl _GEX_DATA_00458c58
_GEX_DATA_00458c58:
.byte 0x45,0x52,0x52,0x4f,0x52,0x3a,0x20,0x70,0x6c,0x61,0x79,0x65,0x72,0x20,0x61,0x6c
.byte 0x72,0x65,0x61,0x64,0x79,0x20,0x69,0x6e,0x74,0x72,0x6f,0x65,0x64,0x21,0x0a,0x00
.globl _GEX_DATA_00458c78
_GEX_DATA_00458c78:
.zero 4
.globl _GEX_DATA_00458c7c
_GEX_DATA_00458c7c:
.zero 4
.globl _GEX_DATA_00458c80
_GEX_DATA_00458c80:
.zero 4
.globl _GEX_DATA_00458c84
_GEX_DATA_00458c84:
.zero 4
.globl _GEX_DATA_00458c88
_GEX_DATA_00458c88:
.zero 4
.globl _GEX_DATA_00458c8c
_GEX_DATA_00458c8c:
.zero 4
.globl _GEX_DATA_00458c90
_GEX_DATA_00458c90:
.long _GEX_FN_004339c0
.long _GEX_FN_00435760
.long _GEX_FN_00434570
.long _GEX_FN_00433a70
.globl _GEX_DATA_00458ca0
_GEX_DATA_00458ca0:
.long _GEX_FN_00433690
.long _GEX_FN_004356e0
.long _GEX_FN_004355d0
.long _GEX_FN_004338d0
.globl _GEX_DATA_00458cb0
_GEX_DATA_00458cb0:
.long _GEX_FN_00433b20
.long _GEX_FN_00434080
.long _GEX_FN_004322a0
.zero 4
.globl _GEX_DATA_00458cc0
_GEX_DATA_00458cc0:
.long _GEX_FN_0041e190
.long _GEX_FN_0041dd50
.long _GEX_FN_0041d310
.zero 4
.long _GEX_FN_00417f60
.long _GEX_FN_00417fc0
.long _GEX_FN_00418020
.long _GEX_FN_00418040
.long _GEX_FN_00418080
.long _GEX_FN_004180a0
.long _GEX_FN_004180c0
.long _GEX_FN_00418180
.long _GEX_FN_00418220
.long _GEX_FN_00418270
.long _GEX_FN_004182a0
.long _GEX_FN_004182f0
.long _GEX_FN_00418320
.long _GEX_FN_00418390
.long _GEX_FN_004183d0
.long _GEX_FN_00418400
.long _GEX_FN_004184d0
.long _GEX_FN_004184f0
.long _GEX_FN_00418510
.long _GEX_FN_00418550
.long _GEX_FN_00418680
.long _GEX_FN_00418720
.long _GEX_FN_00418530
.long _GEX_FN_00418740
.long _GEX_FN_00418770
.long _GEX_FN_00418790
.long _GEX_FN_004187c0
.long _GEX_FN_004187f0
.long _GEX_FN_00418830
.long _GEX_FN_00418860
.long _GEX_FN_004188a0
.long _GEX_FN_004188c0
.long _GEX_FN_004188e0
.long _GEX_FN_00418900
.long _GEX_FN_00418990
.long _GEX_FN_004189c0
.long _GEX_FN_004189e0
.long _GEX_FN_00418a00
.long _GEX_FN_00418a80
.long _GEX_FN_00418aa0
.long _GEX_FN_00418af0
.long _GEX_FN_00418b10
.long _GEX_FN_00418b30
.long _GEX_FN_00418b50
.long _GEX_FN_00418b80
.long _GEX_FN_00418880
.long _GEX_FN_00418bb0
.long _GEX_FN_00418bd0
.long _GEX_FN_00418c00
.long _GEX_FN_00418c20
.long _GEX_FN_00418c50
.long _GEX_FN_00418c80
.long _GEX_FN_00418cb0
.long _GEX_FN_00418cf0
.long _GEX_FN_00418d10
.long _GEX_FN_00418d30
.long _GEX_FN_00418d50
.long _GEX_FN_00418d60
.long _GEX_FN_00418d70
.long _GEX_FN_00418e10
.long _GEX_FN_00418e20
.long _GEX_FN_00418e30
.long _GEX_FN_00418ee0
.long _GEX_FN_00418f10
.long _GEX_FN_00418f30
.long _GEX_FN_00418f50
.long _GEX_FN_00418fa0
.long _GEX_FN_00418fd0
.long _GEX_FN_00419000
.long _GEX_FN_00419040
.long _GEX_FN_00419060
.long _GEX_FN_00419080
.long _GEX_FN_00419140
.long _GEX_FN_004191e0
.long _GEX_FN_00419200
.long _GEX_FN_004193b0
.long _GEX_FN_004193e0
.long _GEX_FN_00419410
.long _GEX_FN_00418cd0
.long _GEX_FN_00418cd0
.long _GEX_FN_00418cd0
.long _GEX_FN_00418cd0
.long _GEX_FN_00418cd0
.long _GEX_FN_00418cd0
.long _GEX_FN_00418cd0
.long _GEX_FN_00418cd0
.globl _GEX_DATA_00458e28
_GEX_DATA_00458e28:
.byte 0x52,0x45,0x4d,0x4f,0x56,0x49,0x4e,0x47,0x20,0x4f,0x42,0x4a,0x45,0x43,0x54,0x0a
.byte 0x00,0x00,0x00,0x00
.globl _GEX_DATA_00458e3c
_GEX_DATA_00458e3c:
.byte 0x55,0x4e,0x4c,0x49,0x4e,0x4b,0x20,0x4f,0x42,0x4a,0x45,0x43,0x54,0x0a,0x00,0x00
.globl _GEX_DATA_00458e4c
_GEX_DATA_00458e4c:
.byte 0x45,0x52,0x52,0x4f,0x52,0x3a,0x42,0x61,0x64,0x20,0x53,0x77,0x69,0x74,0x63,0x68
.byte 0x20,0x4e,0x75,0x6d,0x62,0x65,0x72,0x20,0x23,0x25,0x6c,0x64,0x0a,0x00,0x00,0x00
.globl _GEX_DATA_00458e6c
_GEX_DATA_00458e6c:
.byte 0x57,0x6f,0x72,0x6b,0x20,0x52,0x65,0x67,0x69,0x73,0x74,0x65,0x72,0x20,0x3a,0x20
.byte 0x30,0x78,0x25,0x78,0x0a,0x00,0x00,0x00
.globl _GEX_DATA_00458e84
_GEX_DATA_00458e84:
.byte 0x45,0x52,0x52,0x4f,0x52,0x3a,0x20,0x41,0x74,0x74,0x65,0x6d,0x70,0x74,0x20,0x74
.byte 0x6f,0x20,0x63,0x61,0x6c,0x6c,0x20,0x6e,0x6f,0x6e,0x2d,0x69,0x6d,0x70,0x6c,0x65
.byte 0x6d,0x65,0x6e,0x74,0x65,0x64,0x20,0x73,0x63,0x72,0x69,0x70,0x74,0x20,0x66,0x75
.byte 0x6e,0x63,0x74,0x69,0x6f,0x6e,0x2e,0x0a,0x50,0x72,0x6f,0x62,0x61,0x62,0x6c,0x79
.byte 0x20,0x6e,0x65,0x65,0x64,0x20,0x6e,0x65,0x77,0x20,0x63,0x6f,0x64,0x65,0x0a,0x00
.globl _GEX_DATA_00458ed4
_GEX_DATA_00458ed4:
.long _GEX_FN_0040ef40
.globl _GEX_DATA_00458ed8
_GEX_DATA_00458ed8:
.long _GEX_FN_0040efa0
.globl _GEX_DATA_00458edc
_GEX_DATA_00458edc:
.byte 0x00,0x00,0xf0,0xff
.globl _GEX_DATA_00458ee0
_GEX_DATA_00458ee0:
.byte 0x45,0x72,0x72,0x6f,0x72,0x3a,0x20,0x4f,0x62,0x6a,0x65,0x63,0x74,0x20,0x74,0x79
.byte 0x70,0x65,0x20,0x25,0x6c,0x64,0x20,0x68,0x61,0x73,0x20,0x74,0x6f,0x6f,0x20,0x68
.byte 0x69,0x67,0x68,0x20,0x61,0x20,0x70,0x72,0x69,0x6f,0x72,0x69,0x74,0x79,0x20,0x25
.byte 0x6c,0x64,0x0a,0x00
.globl _GEX_DATA_00458f14
_GEX_DATA_00458f14:
.byte 0x45,0x52,0x52,0x4f,0x52,0x3a,0x20,0x2a,0x2a,0x2a,0x20,0x46,0x52,0x45,0x45,0x49
.byte 0x4e,0x47,0x20,0x41,0x4c,0x4c,0x20,0x4f,0x42,0x4a,0x45,0x43,0x54,0x53,0x2c,0x20
.byte 0x4c,0x49,0x53,0x54,0x20,0x43,0x4f,0x52,0x52,0x55,0x50,0x54,0x21,0x20,0x2a,0x2a
.byte 0x2a,0x0a,0x00,0x00
.globl _GEX_DATA_00458f48
_GEX_DATA_00458f48:
.byte 0x6c,0x61,0x6e,0x64,0x65,0x64,0x64,0x69,0x73,0x74,0x20,0x3d,0x20,0x25,0x6c,0x64
.byte 0x2c,0x20,0x6f,0x6c,0x64,0x20,0x3d,0x20,0x25,0x6c,0x64,0x0a,0x00,0x00,0x00,0x00
.globl _GEX_DATA_00458f68
_GEX_DATA_00458f68:
.byte 0x67,0x6c,0x75,0x65,0x64,0x69,0x73,0x74,0x20,0x3d,0x20,0x25,0x6c,0x64,0x0a,0x00
.globl _GEX_DATA_00458f78
_GEX_DATA_00458f78:
.byte 0x45,0x52,0x52,0x4f,0x52,0x3a,0x20,0x63,0x75,0x72,0x72,0x65,0x6e,0x74,0x46,0x72
.byte 0x61,0x6d,0x65,0x49,0x6e,0x64,0x65,0x78,0x20,0x6f,0x75,0x74,0x20,0x6f,0x66,0x20
.byte 0x72,0x61,0x6e,0x67,0x65,0x20,0x66,0x6f,0x72,0x20,0x6f,0x62,0x20,0x74,0x79,0x70
.byte 0x65,0x20,0x23,0x25,0x6c,0x64,0x0a,0x00
.globl _GEX_DATA_00458fb0
_GEX_DATA_00458fb0:
.byte 0x45,0x52,0x52,0x4f,0x52,0x3a,0x20,0x63,0x75,0x72,0x72,0x65,0x6e,0x74,0x46,0x72
.byte 0x61,0x6d,0x65,0x47,0x72,0x6f,0x75,0x70,0x20,0x6f,0x75,0x74,0x20,0x6f,0x66,0x20
.byte 0x72,0x61,0x6e,0x67,0x65,0x20,0x66,0x6f,0x72,0x20,0x6f,0x62,0x20,0x74,0x79,0x70
.byte 0x65,0x20,0x23,0x25,0x6c,0x64,0x0a,0x00
.globl _GEX_DATA_00458fe8
_GEX_DATA_00458fe8:
.byte 0x45,0x52,0x52,0x4f,0x52,0x3a,0x20,0x6f,0x6c,0x64,0x49,0x6e,0x64,0x65,0x78,0x20
.byte 0x6f,0x75,0x74,0x20,0x6f,0x66,0x20,0x72,0x61,0x6e,0x67,0x65,0x20,0x66,0x6f,0x72
.byte 0x20,0x6f,0x62,0x20,0x74,0x79,0x70,0x65,0x20,0x23,0x25,0x6c,0x64,0x0a,0x00,0x00
.globl _GEX_DATA_00459018
_GEX_DATA_00459018:
.byte 0x45,0x52,0x52,0x4f,0x52,0x3a,0x20,0x6f,0x6c,0x64,0x47,0x72,0x6f,0x75,0x70,0x20
.byte 0x6f,0x75,0x74,0x20,0x6f,0x66,0x20,0x72,0x61,0x6e,0x67,0x65,0x20,0x66,0x6f,0x72
.byte 0x20,0x6f,0x62,0x20,0x74,0x79,0x70,0x65,0x20,0x23,0x25,0x6c,0x64,0x0a,0x00,0x00
.globl _GEX_DATA_00459048
_GEX_DATA_00459048:
.byte 0x02,0x00,0x00,0x00
.globl _GEX_DATA_0045904c
_GEX_DATA_0045904c:
.byte 0x03,0x00,0x00,0x00
.globl _GEX_DATA_00459050
_GEX_DATA_00459050:
.byte 0x03,0x00,0x00,0x00
.globl _GEX_DATA_00459054
_GEX_DATA_00459054:
.byte 0x06,0x00,0x00,0x00
.globl _GEX_DATA_00459058
_GEX_DATA_00459058:
.byte 0x00,0x00,0x03,0x00
.globl _GEX_DATA_0045905c
_GEX_DATA_0045905c:
.byte 0x00,0x00,0x03,0x00,0x00,0x00,0x01,0x00,0x00,0x00,0x02,0x00,0x00,0x00,0x08,0x00
.byte 0x00,0x00,0x20,0x00,0x00,0x00,0x00,0x00,0x01,0x00,0x00,0x00,0x02,0x00,0x00,0x00
.globl _GEX_DATA_0045907c
_GEX_DATA_0045907c:
.byte 0x03,0x00,0x00,0x00
.globl _GEX_DATA_00459080
_GEX_DATA_00459080:
.byte 0x01,0x02,0x04,0x00
.globl _GEX_DATA_00459084
_GEX_DATA_00459084:
.byte 0x45,0x52,0x52,0x4f,0x52,0x3a,0x20,0x43,0x61,0x6d,0x65,0x72,0x61,0x20,0x61,0x74
.byte 0x20,0x28,0x25,0x6c,0x64,0x2c,0x20,0x25,0x6c,0x64,0x29,0x20,0x68,0x61,0x73,0x20
.byte 0x6e,0x6f,0x20,0x69,0x64,0x21,0x21,0x21,0x0a,0x00,0x00,0x00
.globl _GEX_DATA_004590b0
_GEX_DATA_004590b0:
.byte 0x45,0x52,0x52,0x4f,0x52,0x3a,0x52,0x65,0x6d,0x6f,0x74,0x65,0x20,0x61,0x74,0x20
.byte 0x25,0x6c,0x64,0x2c,0x20,0x25,0x6c,0x64,0x20,0x68,0x61,0x73,0x20,0x62,0x61,0x64
.byte 0x20,0x72,0x65,0x6d,0x6f,0x74,0x65,0x20,0x69,0x64,0x20,0x23,0x25,0x6c,0x64,0x0a
.byte 0x00,0x00,0x00,0x00
.globl _GEX_DATA_004590e4
_GEX_DATA_004590e4:
.byte 0x45,0x52,0x52,0x4f,0x52,0x3a,0x52,0x65,0x6d,0x6f,0x74,0x65,0x20,0x61,0x74,0x20
.byte 0x25,0x6c,0x64,0x2c,0x20,0x25,0x6c,0x64,0x20,0x68,0x61,0x73,0x20,0x62,0x61,0x64
.byte 0x20,0x6c,0x65,0x76,0x65,0x6c,0x20,0x69,0x64,0x20,0x23,0x25,0x6c,0x64,0x0a,0x00
.byte 0x00,0x00,0x00,0x00
.globl _GEX_DATA_00459118
_GEX_DATA_00459118:
.byte 0x00,0x00,0x00,0x00,0x00,0x00,0x00,0x00,0x00,0x00,0xe0,0xff,0x00,0x00,0x00,0x00
.byte 0x00,0x00,0xc0,0xff,0x00,0x00,0x00,0x00,0x00,0x00,0x00,0x00,0x00,0x00,0xe0,0xff
.byte 0x00,0x00,0xc0,0xff,0x00,0x00,0xe0,0xff,0x00,0x00,0x00,0x00,0x00,0x00,0xc0,0xff
.byte 0x00,0x00,0xe0,0xff,0x00,0x00,0xc0,0xff,0x00,0x00,0xc0,0xff,0x00,0x00,0xc0,0xff
.byte 0x00,0x00,0xe0,0xff,0x00,0x00,0xe0,0xff,0x00,0x00,0xe0,0xff,0x00,0x00,0xe0,0xff
.byte 0x00,0x00,0xe0,0xff,0x00,0x00,0xe0,0xff,0x00,0x00,0xe0,0xff,0x00,0x00,0xe0,0xff
.globl _GEX_DATA_00459178
_GEX_DATA_00459178:
.byte 0x00,0x00,0xfc,0xff,0x00,0x00,0x00,0x00,0x00,0x00,0x04,0x00,0x00,0x00,0xfa,0xff
.byte 0x00,0x00,0x02,0x00,0x00,0x00,0x05,0x00,0x00,0x00,0xf8,0xff,0x00,0x00,0xff,0xff
.byte 0x00,0x00,0x07,0x00,0x00,0x00,0x00,0x00
.globl _GEX_DATA_004591a0
_GEX_DATA_004591a0:
.byte 0x00,0x00,0xf8,0xff,0x00,0x00,0xf7,0xff,0x00,0x00,0xf9,0xff,0x00,0x00,0xfb,0xff
.byte 0x00,0x00,0xfa,0xff,0x00,0x00,0xfb,0xff,0x00,0x00,0xfe,0xff,0x00,0x00,0xfd,0xff
.byte 0x00,0x00,0xfc,0xff
.globl _GEX_DATA_004591c4
_GEX_DATA_004591c4:
.byte 0x00,0x00,0x01,0x00
.globl _GEX_DATA_004591c8
_GEX_DATA_004591c8:
.byte 0x03,0x00,0x00,0x00
.globl _GEX_DATA_004591cc
_GEX_DATA_004591cc:
.byte 0x45,0x72,0x72,0x6f,0x72,0x3a,0x20,0x6e,0x6f,0x20,0x62,0x72,0x65,0x61,0x6b,0x61
.byte 0x62,0x6c,0x65,0x20,0x6f,0x62,0x6a,0x65,0x63,0x74,0x20,0x66,0x6f,0x72,0x20,0x62
.byte 0x72,0x65,0x61,0x6b,0x20,0x74,0x79,0x70,0x65,0x20,0x25,0x6c,0x64,0x0a,0x00,0x00
.globl _GEX_DATA_004591fc
_GEX_DATA_004591fc:
.byte 0x45,0x72,0x72,0x6f,0x72,0x3a,0x20,0x42,0x72,0x65,0x61,0x6b,0x61,0x62,0x6c,0x65
.byte 0x20,0x63,0x65,0x6e,0x74,0x65,0x72,0x20,0x6e,0x6f,0x74,0x20,0x66,0x6f,0x75,0x6e
.byte 0x64,0x20,0x61,0x74,0x20,0x28,0x25,0x6c,0x64,0x2c,0x20,0x25,0x6c,0x64,0x29,0x0a
.byte 0x00,0x00,0x00,0x00
.globl _GEX_DATA_00459230
_GEX_DATA_00459230:
.byte 0x55,0x6e,0x6b,0x6e,0x6f,0x77,0x6e,0x20,0x44,0x61,0x74,0x61,0x20,0x49,0x44,0x20
.byte 0x25,0x6c,0x64,0x0a,0x00,0x00,0x00,0x00
.globl _GEX_DATA_00459248
_GEX_DATA_00459248:
.byte 0x45,0x52,0x52,0x4f,0x52,0x3a,0x42,0x72,0x65,0x61,0x6b,0x61,0x62,0x6c,0x65,0x20
.byte 0x74,0x69,0x6c,0x65,0x20,0x66,0x6f,0x72,0x20,0x73,0x75,0x62,0x49,0x44,0x20,0x25
.byte 0x6c,0x64,0x20,0x61,0x6c,0x72,0x65,0x61,0x64,0x79,0x20,0x66,0x69,0x6c,0x6c,0x65
.byte 0x64,0x0a,0x00,0x00
.globl _GEX_DATA_0045927c
_GEX_DATA_0045927c:
.byte 0x45,0x52,0x52,0x4f,0x52,0x3a,0x53,0x75,0x62,0x49,0x44,0x20,0x25,0x6c,0x64,0x20
.byte 0x66,0x6f,0x72,0x20,0x42,0x72,0x65,0x61,0x6b,0x61,0x62,0x6c,0x65,0x20,0x74,0x69
.byte 0x6c,0x65,0x20,0x6f,0x75,0x74,0x20,0x6f,0x66,0x20,0x72,0x61,0x6e,0x67,0x65,0x0a
.byte 0x00,0x00,0x00,0x00
.globl _GEX_DATA_004592b0
_GEX_DATA_004592b0:
.byte 0x03,0x00,0x00,0x00,0x00,0x00,0x00,0x00
.globl _GEX_DATA_004592b8
_GEX_DATA_004592b8:
.byte 0x00,0x00,0x00,0x00,0x00,0x00,0x00,0x00,0x00,0x00,0x00,0x00,0x00,0x00,0x20,0x00
.byte 0x00,0x00,0x00,0x00,0x00,0x00,0x40,0x00,0x00,0x00,0x00,0x00,0x00,0x00,0xe0,0xff
.byte 0x00,0x00,0x00,0x00,0x00,0x00,0x00,0x00,0x00,0x00,0x00,0x00,0x00,0x00,0x20,0x00
.byte 0x00,0x00,0x00,0x00,0x00,0x00,0x40,0x00,0x00,0x00,0x00,0x00,0x00,0x00,0xe0,0xff
.byte 0x00,0x00,0x00,0x00,0x00,0x00,0x00,0x00,0x00,0x00,0x20,0x00,0x00,0x00,0x00,0x00
.byte 0x00,0x00,0x40,0x00,0x00,0x00,0x00,0x00,0x00,0x00,0xe0,0xff,0x00,0x00,0x00,0x00
.byte 0x00,0x00,0x00,0x00,0x00,0x00,0x00,0x00,0x00,0x00,0x20,0x00,0x00,0x00,0x00,0x00
.byte 0x00,0x00,0x40,0x00,0x00,0x00,0x00,0x00,0x00,0x00,0xe0,0xff,0x00,0x00,0x00,0x00
.globl _GEX_DATA_00459338
_GEX_DATA_00459338:
.byte 0x04,0x00,0x00,0x00,0x04,0x00,0x00,0x00,0x02,0x00,0x00,0x00,0x02,0x00,0x00,0x00
.byte 0x04,0x00,0x00,0x00,0x04,0x00,0x00,0x00,0x04,0x00,0x00,0x00,0x04,0x00,0x00,0x00
.byte 0x01,0x00,0x00,0x00,0x01,0x00,0x00,0x00,0x03,0x00,0x00,0x00,0x03,0x00,0x00,0x00
.byte 0x03,0x00,0x00,0x00,0x03,0x00,0x00,0x00,0x01,0x00,0x00,0x00,0x01,0x00,0x00,0x00
.byte 0x04,0x00,0x00,0x00,0x04,0x00,0x00,0x00,0x04,0x00,0x00,0x00,0x04,0x00,0x00,0x00
.byte 0x02,0x00,0x00,0x00,0x02,0x00,0x00,0x00,0x04,0x00,0x00,0x00,0x04,0x00,0x00,0x00
.globl _GEX_DATA_00459398
_GEX_DATA_00459398:
.byte 0x00,0x00,0x20,0x00,0x00,0x00,0x00,0x00,0x00,0x00,0xe0,0xff,0x00,0x00,0x00,0x00
.byte 0x00,0x00,0x00,0x00,0x00,0x00,0x20,0x00,0x00,0x00,0x00,0x00,0x00,0x00,0x00,0x00
.globl _GEX_DATA_004593b8
_GEX_DATA_004593b8:
.zero 4
.globl _GEX_DATA_004593bc
_GEX_DATA_004593bc:
.zero 4
.globl _GEX_DATA_004593c0
_GEX_DATA_004593c0:
.zero 4
.globl _GEX_DATA_004593c4
_GEX_DATA_004593c4:
.zero 4
.globl _GEX_DATA_004593c8
_GEX_DATA_004593c8:
.byte 0x00,0x00,0x00,0x00,0x00,0x00,0x00,0x00,0x80,0x1c,0x80,0x1f,0xc1,0x9a,0xc0,0x9b
.byte 0xc1,0x96,0xc0,0x97,0xc1,0x92,0xc0,0x93,0xc1,0x8e,0xc0,0x8f,0xc1,0x8a,0xc0,0x8b
.byte 0xc1,0x86,0xc0,0x87,0xc1,0x82,0xc0,0x83,0x00,0x1c,0x00,0x1f,0xc1,0x82,0xc0,0x83
.byte 0xc1,0x86,0xc0,0x87,0xc1,0x8a,0xc0,0x8b,0xc1,0x8e,0xc0,0x8f,0xc1,0x92,0xc0,0x93
.byte 0xc1,0x96,0xc0,0x97,0xc1,0x9a,0xc0,0x9b,0x00,0x00,0x00,0x00
.globl _GEX_DATA_00459414
_GEX_DATA_00459414:
.byte 0x00,0x00,0x00,0x00,0x00,0x1f,0x00,0x1f,0x00,0x1f,0x00,0x1f,0x00,0x1f,0x00,0x1f
.byte 0x00,0x1f,0x00,0x1f,0xc0,0x80,0xc0,0x80,0xc0,0x84,0xc0,0x84,0xc0,0x88,0xc0,0x88
.byte 0xc0,0x90,0xc0,0x90,0xc0,0x98,0xc0,0x98,0xc0,0x93,0xc0,0x93,0xc0,0x97,0xc0,0x97
.byte 0xc0,0x9b,0xc0,0x9b,0x80,0x1f,0x80,0x1f,0x80,0x1b,0x80,0x1b,0x80,0x17,0x80,0x17
.byte 0x80,0x13,0x80,0x13,0x80,0x18,0x80,0x18,0x80,0x10,0x80,0x10,0x80,0x08,0x80,0x08
.byte 0x80,0x04,0x80,0x04,0x80,0x00,0x80,0x00,0x00,0x9f,0x00,0x9f,0x00,0x00,0x00,0x00
.byte 0x25,0x30,0x33,0x6c,0x64,0x00,0x00,0x00,0x25,0x30,0x32,0x6c,0x64,0x00,0x00,0x00
.byte 0x25,0x30,0x37,0x6c,0x64,0x00,0x00,0x00
.globl _GEX_DATA_0045948c
_GEX_DATA_0045948c:
.byte 0x25,0x6c,0x64,0x00
.globl _GEX_DATA_00459490
_GEX_DATA_00459490:
.byte 0x25,0x6c,0x64,0x55,0x50,0x00,0x00,0x00
.globl _GEX_DATA_00459498
_GEX_DATA_00459498:
.byte 0x04,0x00,0x00,0x00,0x00,0x00,0x00,0x00
.globl _GEX_DATA_004594a0
_GEX_DATA_004594a0:
.byte 0x06,0x00,0x00,0x00
.globl _GEX_DATA_004594a4
_GEX_DATA_004594a4:
.byte 0x03,0x00,0x00,0x00
.globl _GEX_DATA_004594a8
_GEX_DATA_004594a8:
.byte 0x05,0x00,0x00,0x00,0x00,0x00,0x0c,0x00,0x00,0x00,0x08,0x00,0x00,0x00,0x01,0x00
.byte 0x00,0x00,0x00,0x00,0x00,0x00,0x00,0x00,0x81,0x1f,0x81,0x1f,0x81,0x1b,0x81,0x1b
.byte 0x81,0x17,0x81,0x17,0x81,0x1b,0x81,0x13,0x81,0x0f,0x81,0x0f,0x81,0x0b,0x81,0x0b
.byte 0x81,0x07,0x81,0x07,0x81,0x03,0x81,0x03,0x81,0x00,0x81,0x00,0x01,0x00,0x00,0x00
.byte 0x00,0x00,0x00,0x00,0x50,0x20,0x41,0x20,0x55,0x20,0x53,0x20,0x45,0x20,0x44,0x00
.globl _GEX_DATA_004594f8
_GEX_DATA_004594f8:
.byte 0x00,0x00,0x00,0x00,0x26,0x00,0x00,0x00,0x5a,0x07,0x00,0x00,0x04,0x08,0x00,0x00
.byte 0x04,0x00,0x00,0x00,0x02,0x0c,0x00,0x00,0x04,0x00,0x00,0x00,0x00,0x00,0x00,0x00
.byte 0x06,0x04,0x00,0x00,0x04,0x00,0x00,0x00,0x24,0x00,0x00,0x00,0x2c,0x00,0x00,0x00
.globl _GEX_DATA_00459528
_GEX_DATA_00459528:
.byte 0x45,0x72,0x72,0x6f,0x72,0x3a,0x20,0x4f,0x62,0x6a,0x65,0x63,0x74,0x20,0x54,0x79
.byte 0x70,0x20,0x25,0x6c,0x64,0x20,0x77,0x69,0x74,0x68,0x20,0x63,0x6f,0x6c,0x6c,0x69
.byte 0x64,0x65,0x20,0x69,0x73,0x20,0x6d,0x61,0x72,0x6b,0x65,0x64,0x20,0x66,0x6f,0x72
.byte 0x20,0x72,0x65,0x6d,0x6f,0x76,0x61,0x6c,0x21,0x21,0x21,0x0a,0x00,0x00,0x00,0x00
.globl _GEX_DATA_00459568
_GEX_DATA_00459568:
.byte 0x45,0x72,0x72,0x6f,0x72,0x3a,0x20,0x50,0x72,0x6f,0x63,0x65,0x73,0x73,0x69,0x6e
.byte 0x67,0x20,0x63,0x6f,0x6c,0x6c,0x69,0x73,0x69,0x6f,0x6e,0x73,0x20,0x6f,0x6e,0x20
.byte 0x66,0x72,0x65,0x65,0x20,0x6c,0x69,0x73,0x74,0x20,0x23,0x25,0x6c,0x64,0x0a,0x00
.globl _GEX_DATA_00459598
_GEX_DATA_00459598:
.byte 0x45,0x72,0x72,0x6f,0x72,0x3a,0x20,0x4f,0x62,0x6a,0x65,0x63,0x74,0x20,0x6f,0x6e
.byte 0x20,0x4d,0x4f,0x56,0x45,0x20,0x6c,0x69,0x73,0x74,0x20,0x6f,0x66,0x20,0x54,0x79
.byte 0x70,0x20,0x25,0x6c,0x64,0x20,0x77,0x69,0x74,0x68,0x20,0x63,0x6f,0x6c,0x6c,0x69
.byte 0x64,0x65,0x20,0x69,0x73,0x20,0x6d,0x61,0x72,0x6b,0x65,0x64,0x20,0x66,0x6f,0x72
.byte 0x20,0x72,0x65,0x6d,0x6f,0x76,0x61,0x6c,0x21,0x21,0x21,0x0a,0x00,0x00,0x00,0x00
.globl _GEX_DATA_004595e8
_GEX_DATA_004595e8:
.byte 0x4f,0x75,0x74,0x20,0x6f,0x66,0x20,0x43,0x6f,0x6c,0x6c,0x69,0x73,0x69,0x6f,0x6e
.byte 0x20,0x4f,0x62,0x6a,0x65,0x63,0x74,0x73,0x0a,0x00,0x00,0x00
.globl _GEX_DATA_00459604
_GEX_DATA_00459604:
.byte 0x45,0x72,0x72,0x6f,0x72,0x3a,0x20,0x54,0x72,0x79,0x69,0x6e,0x67,0x20,0x74,0x6f
.byte 0x20,0x61,0x64,0x64,0x20,0x63,0x6f,0x6c,0x6c,0x69,0x73,0x69,0x6f,0x6e,0x20,0x74
.byte 0x6f,0x20,0x72,0x65,0x6d,0x6f,0x76,0x65,0x64,0x20,0x6f,0x62,0x6a,0x65,0x63,0x74
.byte 0x20,0x74,0x79,0x70,0x65,0x20,0x23,0x25,0x6c,0x64,0x0a,0x00
.globl _GEX_DATA_00459640
_GEX_DATA_00459640:
.long _GEX_DATA_00463848
.zero 4
.globl _GEX_DATA_00459648
_GEX_DATA_00459648:
.byte 0x00,0x00,0x00,0x00,0x7e,0x00,0x00,0x00,0x7f,0x00,0x00,0x00,0x80,0x00,0x00,0x00
.byte 0x81,0x00,0x00,0x00,0x83,0x00,0x00,0x00,0x82,0x00,0x00,0x00,0x00,0x00,0x00,0x00
.byte 0x00,0x00,0x00,0x00,0x00,0x00,0x00,0x00
.globl _GEX_DATA_00459670
_GEX_DATA_00459670:
.byte 0x00,0x00,0x00,0x00,0x75,0x00,0x00,0x00,0x76,0x00,0x00,0x00,0x77,0x00,0x00,0x00
.byte 0x78,0x00,0x00,0x00,0x7a,0x00,0x00,0x00,0x79,0x00,0x00,0x00,0x00,0x00,0x00,0x00
.byte 0x00,0x00,0x00,0x00,0x00,0x00,0x00,0x00
.globl _GEX_DATA_00459698
_GEX_DATA_00459698:
.byte 0x04,0x00,0x00,0x00,0x05,0x00,0x00,0x00,0x06,0x00,0x00,0x00,0x00,0x00,0x00,0x00
.globl _GEX_DATA_004596a8
_GEX_DATA_004596a8:
.byte 0x74,0x00,0x00,0x00,0x75,0x00,0x00,0x00,0x76,0x00,0x00,0x00,0x00,0x00,0x00,0x00
.globl _GEX_DATA_004596b8
_GEX_DATA_004596b8:
.byte 0x00,0x00,0x00,0x00,0x6f,0x00,0x00,0x00,0x73,0x00,0x00,0x00,0x72,0x00,0x00,0x00
.byte 0x70,0x00,0x00,0x00,0x70,0x00,0x00,0x00,0x71,0x00,0x00,0x00,0x00,0x00,0x00,0x00
.byte 0x00,0x00,0x00,0x00,0x00,0x00,0x00,0x00
.globl _GEX_DATA_004596e0
_GEX_DATA_004596e0:
.byte 0x16,0x00,0x00,0x00,0x17,0x00,0x00,0x00,0x18,0x00,0x00,0x00,0x00,0x00,0x00,0x00
.globl _GEX_DATA_004596f0
_GEX_DATA_004596f0:
.byte 0x00,0x00,0x00,0x00,0x14,0x00,0x00,0x00,0x22,0x00,0x00,0x00,0x21,0x00,0x00,0x00
.byte 0x23,0x00,0x00,0x00,0x23,0x00,0x00,0x00,0x15,0x00,0x00,0x00,0x00,0x00,0x00,0x00
.byte 0x00,0x00,0x00,0x00
.globl _GEX_DATA_00459714
_GEX_DATA_00459714:
.byte 0x4c,0x6f,0x61,0x64,0x20,0x4d,0x61,0x70,0x0a,0x00,0x00,0x00
.globl _GEX_DATA_00459720
_GEX_DATA_00459720:
.byte 0x4d,0x31,0x5f,0x4c,0x6f,0x61,0x64,0x4c,0x65,0x76,0x65,0x6c,0x0a,0x00,0x00,0x00
.globl _GEX_DATA_00459730
_GEX_DATA_00459730:
.byte 0x4e,0x6f,0x20,0x66,0x69,0x6c,0x65,0x20,0x25,0x64,0x20,0x66,0x6f,0x72,0x20,0x74
.byte 0x68,0x69,0x73,0x20,0x6c,0x65,0x76,0x65,0x6c,0x21,0x0a,0x00
.globl _GEX_DATA_0045974c
_GEX_DATA_0045974c:
.byte 0x66,0x69,0x6e,0x69,0x73,0x68,0x65,0x64,0x20,0x6c,0x6f,0x61,0x64,0x69,0x6e,0x67
.byte 0x21,0x00,0x00,0x00
.globl _GEX_DATA_00459760
_GEX_DATA_00459760:
.byte 0x77,0x61,0x69,0x74,0x69,0x6e,0x67,0x20,0x66,0x6f,0x72,0x20,0x47,0x58,0x20,0x69
.byte 0x64,0x6c,0x65,0x20,0x74,0x6f,0x20,0x6c,0x6f,0x61,0x64,0x00
.globl _GEX_DATA_0045977c
_GEX_DATA_0045977c:
.byte 0x77,0x61,0x69,0x74,0x69,0x6e,0x67,0x20,0x66,0x6f,0x72,0x20,0x67,0x78,0x20,0x74
.byte 0x6f,0x20,0x6c,0x6f,0x61,0x64,0x00,0x00
.globl _GEX_DATA_00459794
_GEX_DATA_00459794:
.byte 0x77,0x61,0x69,0x74,0x69,0x6e,0x67,0x20,0x66,0x6f,0x72,0x20,0x73,0x70,0x65,0x65
.byte 0x63,0x68,0x20,0x74,0x6f,0x20,0x6c,0x6f,0x61,0x64,0x00,0x00
.globl _GEX_DATA_004597b0
_GEX_DATA_004597b0:
.byte 0x77,0x61,0x69,0x74,0x69,0x6e,0x67,0x20,0x66,0x6f,0x72,0x20,0x6d,0x75,0x73,0x69
.byte 0x63,0x20,0x74,0x6f,0x20,0x6c,0x6f,0x61,0x64,0x00,0x00,0x00
.globl _GEX_DATA_004597cc
_GEX_DATA_004597cc:
.byte 0x77,0x61,0x69,0x74,0x69,0x6e,0x67,0x20,0x66,0x6f,0x72,0x20,0x6c,0x65,0x76,0x65
.byte 0x6c,0x20,0x74,0x6f,0x20,0x6c,0x6f,0x61,0x64,0x00,0x00,0x00
.globl _GEX_DATA_004597e8
_GEX_DATA_004597e8:
.byte 0x77,0x61,0x69,0x74,0x69,0x6e,0x67,0x20,0x66,0x6f,0x72,0x20,0x70,0x72,0x65,0x6c
.byte 0x6f,0x61,0x64,0x65,0x64,0x20,0x74,0x6f,0x20,0x6c,0x6f,0x61,0x64,0x00,0x00,0x00
.globl _GEX_DATA_00459808
_GEX_DATA_00459808:
.byte 0x77,0x61,0x69,0x74,0x69,0x6e,0x67,0x20,0x66,0x6f,0x72,0x20,0x74,0x69,0x6c,0x65
.byte 0x73,0x20,0x74,0x6f,0x20,0x6c,0x6f,0x61,0x64,0x00,0x00,0x00
.globl _GEX_DATA_00459824
_GEX_DATA_00459824:
.byte 0x25,0x73,0x0a,0x00
.globl _GEX_DATA_00459828
_GEX_DATA_00459828:
.byte 0x77,0x61,0x69,0x74,0x69,0x6e,0x67,0x20,0x66,0x6f,0x72,0x20,0x73,0x6f,0x75,0x6e
.byte 0x64,0x20,0x74,0x6f,0x20,0x6c,0x6f,0x61,0x64,0x00,0x00,0x00
.globl _GEX_DATA_00459844
_GEX_DATA_00459844:
.byte 0x4c,0x6f,0x61,0x64,0x69,0x6e,0x67,0x20,0x53,0x46,0x58,0x20,0x53,0x61,0x6d,0x70
.byte 0x6c,0x65,0x73,0x0a,0x00,0x00,0x00,0x00,0x2d,0x2d,0x2d,0x2d,0x2d,0x67,0x54,0x69
.byte 0x6c,0x65,0x73,0x5b,0x25,0x6c,0x64,0x5d,0x20,0x61,0x6c,0x72,0x65,0x61,0x64,0x79
.byte 0x20,0x66,0x69,0x6c,0x6c,0x65,0x64,0x21,0x0a,0x00,0x00,0x00,0x54,0x69,0x6c,0x65
.byte 0x20,0x6f,0x75,0x74,0x20,0x6f,0x66,0x20,0x72,0x61,0x6e,0x67,0x65,0x21,0x21,0x20
.byte 0x28,0x25,0x6c,0x64,0x29,0x2c,0x20,0x6d,0x61,0x78,0x20,0x74,0x69,0x6c,0x65,0x73
.byte 0x20,0x3d,0x20,0x25,0x6c,0x64,0x0a,0x00,0x00,0x00,0x00,0x00
.globl _GEX_DATA_004598b0
_GEX_DATA_004598b0:
.byte 0x96,0x00,0x00,0x00,0x00,0x00,0x00,0x00
.globl _GEX_DATA_004598b8
_GEX_DATA_004598b8:
.byte 0x31,0x00,0x32,0x00,0x33,0x00,0x34,0x00,0x00,0x00,0x00,0x00,0x00,0x00,0x00,0x00
.globl _GEX_DATA_004598c8
_GEX_DATA_004598c8:
.byte 0x35,0x00,0x37,0x00,0x38,0x00,0x39,0x00,0x00,0x00,0x00,0x00,0x00,0x00,0x00,0x00
.globl _GEX_DATA_004598d8
_GEX_DATA_004598d8:
.byte 0x3b,0x00,0x3e,0x00,0x00,0x00,0x00,0x00
.globl _GEX_DATA_004598e0
_GEX_DATA_004598e0:
.byte 0x46,0x00,0x47,0x00,0x49,0x00,0x4c,0x00,0x00,0x00,0x00,0x00,0x00,0x00,0x00,0x00
.globl _GEX_DATA_004598f0
_GEX_DATA_004598f0:
.byte 0x4d,0x00,0x51,0x00,0x53,0x00,0x55,0x00,0x00,0x00,0x00,0x00,0x00,0x00,0x00,0x00
.globl _GEX_DATA_00459900
_GEX_DATA_00459900:
.byte 0x5d,0x00,0x5e,0x00,0x5f,0x00,0x60,0x00,0x00,0x00,0x00,0x00,0x00,0x00,0x00,0x00
.globl _GEX_DATA_00459910
_GEX_DATA_00459910:
.byte 0x64,0x00,0x65,0x00,0x66,0x00,0x67,0x00,0x68,0x00,0x69,0x00,0x6a,0x00,0x00,0x00
.globl _GEX_DATA_00459920
_GEX_DATA_00459920:
.byte 0x6d,0x00,0x6e,0x00,0x00,0x00,0x00,0x00
.globl _GEX_DATA_00459928
_GEX_DATA_00459928:
.byte 0x73,0x00,0x74,0x00,0x75,0x00,0x76,0x00,0x77,0x00,0x78,0x00,0x7a,0x00,0x7b,0x00
.byte 0x00,0x00,0x00,0x00,0x00,0x00,0x00,0x00
.globl _GEX_DATA_00459940
_GEX_DATA_00459940:
.byte 0x7c,0x00,0x7d,0x00,0x7e,0x00,0x80,0x00,0x81,0x00,0x82,0x00,0x83,0x00,0x00,0x00
.globl _GEX_DATA_00459950
_GEX_DATA_00459950:
.byte 0x85,0x00,0x85,0x00,0x85,0x00,0x85,0x00,0x85,0x00,0x85,0x00,0x00,0x00,0x00,0x00
.globl _GEX_DATA_00459960
_GEX_DATA_00459960:
.byte 0x86,0x00,0x86,0x00,0x86,0x00,0x86,0x00,0x86,0x00,0x00,0x00,0x00,0x00,0x00,0x00
.globl _GEX_DATA_00459970
_GEX_DATA_00459970:
.byte 0x87,0x00,0x87,0x00,0x87,0x00,0x87,0x00,0x87,0x00,0x87,0x00,0x87,0x00,0x87,0x00
.byte 0x00,0x00,0x00,0x00
.globl _GEX_DATA_00459984
_GEX_DATA_00459984:
.zero 4
.globl _GEX_DATA_00459988
_GEX_DATA_00459988:
.byte 0x8b,0x00,0x8c,0x00,0x8d,0x00,0x8e,0x00,0x8f,0x00,0x00,0x00,0x00,0x00,0x00,0x00
.globl _GEX_DATA_00459998
_GEX_DATA_00459998:
.byte 0x90,0x00,0x91,0x00,0x93,0x00,0x94,0x00,0x95,0x00,0x96,0x00,0x97,0x00,0x00,0x00
.globl _GEX_DATA_004599a8
_GEX_DATA_004599a8:
.byte 0x98,0x00,0x9a,0x00,0x9b,0x00,0x00,0x00
.globl _GEX_DATA_004599b0
_GEX_DATA_004599b0:
.zero 8
.globl _GEX_DATA_004599b8
_GEX_DATA_004599b8:
.byte 0x9e,0x00,0x9e,0x00,0x9e,0x00,0xa0,0x00,0xa0,0x00,0x00,0x00,0x00,0x00,0x00,0x00
.globl _GEX_DATA_004599c8
_GEX_DATA_004599c8:
.byte 0xa1,0x00,0xa2,0x00,0xa3,0x00,0xa1,0x00,0xa2,0x00,0xa3,0x00,0xa1,0x00,0xa2,0x00
.byte 0xa3,0x00,0x00,0x00,0x00,0x00,0x00,0x00
.globl _GEX_DATA_004599e0
_GEX_DATA_004599e0:
.byte 0xa4,0x00,0xa5,0x00,0xa6,0x00,0xa7,0x00,0xa8,0x00,0x00,0x00,0x00,0x00,0x00,0x00
.globl _GEX_DATA_004599f0
_GEX_DATA_004599f0:
.byte 0xa9,0x00,0xaa,0x00,0xab,0x00,0xac,0x00,0xad,0x00,0xae,0x00,0xaf,0x00,0xb0,0x00
.byte 0x00,0x00,0x00,0x00,0x00,0x00,0x00,0x00
.globl _GEX_DATA_00459a08
_GEX_DATA_00459a08:
.byte 0xb2,0x00,0xb3,0x00,0xb2,0x00,0xb3,0x00,0xb2,0x00,0xb3,0x00,0x00,0x00,0x00,0x00
.globl _GEX_DATA_00459a18
_GEX_DATA_00459a18:
.byte 0xb4,0x00,0xb4,0x00,0xb4,0x00,0xb4,0x00,0xb4,0x00,0xb4,0x00,0xb4,0x00,0x00,0x00
.globl _GEX_DATA_00459a28
_GEX_DATA_00459a28:
.byte 0xb5,0x00,0xb7,0x00,0xb8,0x00,0xb9,0x00,0x00,0x00,0x00,0x00,0x00,0x00,0x00,0x00
.globl _GEX_DATA_00459a38
_GEX_DATA_00459a38:
.byte 0xbb,0x00,0xbc,0x00,0xbd,0x00,0xbe,0x00,0xbf,0x00,0xc0,0x00,0x00,0x00,0x00,0x00
.globl _GEX_DATA_00459a48
_GEX_DATA_00459a48:
.byte 0xc1,0x00,0xc2,0x00,0xc3,0x00,0xc4,0x00,0xc5,0x00,0xc6,0x00,0xc7,0x00,0x00,0x00
.globl _GEX_DATA_00459a58
_GEX_DATA_00459a58:
.byte 0xc8,0x00,0xc9,0x00,0xca,0x00,0xcb,0x00,0x00,0x00,0x00,0x00,0x00,0x00,0x00,0x00
.globl _GEX_DATA_00459a68
_GEX_DATA_00459a68:
.byte 0xcc,0x00,0xcd,0x00,0xce,0x00,0xd0,0x00,0x00,0x00,0x00,0x00,0x00,0x00,0x00,0x00
.globl _GEX_DATA_00459a78
_GEX_DATA_00459a78:
.byte 0xd1,0x00,0xd2,0x00,0xd3,0x00,0xd5,0x00,0xd6,0x00,0xd8,0x00,0x00,0x00,0x00,0x00
.globl _GEX_DATA_00459a88
_GEX_DATA_00459a88:
.byte 0xda,0x00,0xdb,0x00,0xdc,0x00,0xdd,0x00,0xde,0x00,0x00,0x00,0x00,0x00,0x00,0x00
.globl _GEX_DATA_00459a98
_GEX_DATA_00459a98:
.byte 0xdf,0x00,0xe0,0x00,0xe2,0x00,0xe3,0x00,0xe4,0x00,0xe5,0x00,0x00,0x00,0x00,0x00
.globl _GEX_DATA_00459aa8
_GEX_DATA_00459aa8:
.byte 0xe6,0x00,0xe7,0x00,0xe8,0x00,0xe6,0x00,0xe7,0x00,0xe8,0x00,0xe6,0x00,0xe7,0x00
.byte 0xe8,0x00,0x00,0x00,0x00,0x00,0x00,0x00
.globl _GEX_DATA_00459ac0
_GEX_DATA_00459ac0:
.byte 0xe9,0x00,0xea,0x00,0xeb,0x00,0xec,0x00,0xed,0x00,0xef,0x00,0xf1,0x00,0x00,0x00
.globl _GEX_DATA_00459ad0
_GEX_DATA_00459ad0:
.byte 0xf2,0x00,0xf3,0x00,0xf5,0x00,0xf7,0x00,0x00,0x00,0x00,0x00,0x00,0x00,0x00,0x00
.globl _GEX_DATA_00459ae0
_GEX_DATA_00459ae0:
.byte 0xf8,0x00,0xf9,0x00,0xfa,0x00,0xfb,0x00,0xfc,0x00,0xfd,0x00,0xfe,0x00,0x00,0x01
.byte 0x00,0x00,0x00,0x00,0x00,0x00,0x00,0x00
.globl _GEX_DATA_00459af8
_GEX_DATA_00459af8:
.byte 0x01,0x01,0x02,0x01,0x05,0x01,0x06,0x01,0x07,0x01,0x00,0x00,0x00,0x00,0x00,0x00
.globl _GEX_DATA_00459b08
_GEX_DATA_00459b08:
.byte 0x0b,0x01,0x11,0x01,0x00,0x00,0x00,0x00
.globl _GEX_DATA_00459b10
_GEX_DATA_00459b10:
.byte 0x0a,0x01,0x0c,0x01,0x12,0x01,0x00,0x00
.globl _GEX_DATA_00459b18
_GEX_DATA_00459b18:
.byte 0x13,0x01,0x14,0x01,0x15,0x01,0x16,0x01,0x17,0x01,0x18,0x01,0x19,0x01,0x00,0x00
.globl _GEX_DATA_00459b28
_GEX_DATA_00459b28:
.byte 0x1a,0x01,0x1b,0x01,0x1c,0x01,0x1d,0x01,0x1e,0x01,0x1f,0x01,0x20,0x01,0x21,0x01
.byte 0x00,0x00,0x00,0x00,0x00,0x00,0x00,0x00
.globl _GEX_DATA_00459b40
_GEX_DATA_00459b40:
.byte 0x22,0x01,0x23,0x01,0x24,0x01,0x22,0x01,0x23,0x01,0x24,0x01,0x00,0x00,0x00,0x00
.globl _GEX_DATA_00459b50
_GEX_DATA_00459b50:
.byte 0x26,0x01,0x28,0x01,0x29,0x01,0x2a,0x01,0x2b,0x01,0x00,0x00,0x00,0x00,0x00,0x00
.globl _GEX_DATA_00459b60
_GEX_DATA_00459b60:
.byte 0x2c,0x01,0x2d,0x01,0x2e,0x01,0x2f,0x01,0x30,0x01,0x00,0x00,0x00,0x00,0x00,0x00
.globl _GEX_DATA_00459b70
_GEX_DATA_00459b70:
.byte 0x31,0x01,0x32,0x01,0x33,0x01,0x34,0x01,0x35,0x01,0x08,0x01,0x00,0x00,0x00,0x00
.globl _GEX_DATA_00459b80
_GEX_DATA_00459b80:
.byte 0x37,0x01,0x38,0x01,0x3a,0x01,0x00,0x00
.globl _GEX_DATA_00459b88
_GEX_DATA_00459b88:
.byte 0x3b,0x01,0x3c,0x01,0x00,0x00,0x00,0x00
.globl _GEX_DATA_00459b90
_GEX_DATA_00459b90:
.byte 0x3e,0x01,0x3f,0x01,0x40,0x01,0x42,0x01,0x00,0x00,0x00,0x00,0x00,0x00,0x00,0x00
.globl _GEX_DATA_00459ba0
_GEX_DATA_00459ba0:
.byte 0x43,0x01,0x44,0x01,0x45,0x01,0x46,0x01,0x47,0x01,0x00,0x00,0x00,0x00,0x00,0x00
.globl _GEX_DATA_00459bb0
_GEX_DATA_00459bb0:
.byte 0x48,0x01,0x49,0x01,0x4a,0x01,0x00,0x00
.globl _GEX_DATA_00459bb8
_GEX_DATA_00459bb8:
.byte 0x4b,0x01,0x4b,0x01,0x4b,0x01,0x4b,0x01,0x4b,0x01,0x4b,0x01,0x00,0x00,0x00,0x00
.globl _GEX_DATA_00459bc8
_GEX_DATA_00459bc8:
.byte 0x4c,0x01,0x4c,0x01,0x4c,0x01,0x4c,0x01,0x4c,0x01,0x00,0x00,0x00,0x00,0x00,0x00
.globl _GEX_DATA_00459bd8
_GEX_DATA_00459bd8:
.byte 0x4d,0x01,0x4f,0x01,0x4d,0x01,0x4f,0x01,0x4d,0x01,0x4f,0x01,0x00,0x00,0x00,0x00
.globl _GEX_DATA_00459be8
_GEX_DATA_00459be8:
.byte 0x4e,0x01,0x4e,0x01,0x4e,0x01,0x4e,0x01,0x4e,0x01,0x4e,0x01,0x00,0x00,0x00,0x00
.globl _GEX_DATA_00459bf8
_GEX_DATA_00459bf8:
.byte 0x51,0x01,0x52,0x01,0x54,0x01,0x51,0x01,0x52,0x01,0x54,0x01,0x00,0x00,0x00,0x00
.globl _GEX_DATA_00459c08
_GEX_DATA_00459c08:
.byte 0x50,0x01,0x53,0x01,0x00,0x00,0x00,0x00
.globl _GEX_DATA_00459c10
_GEX_DATA_00459c10:
.byte 0x56,0x01,0x57,0x01,0x58,0x01,0x59,0x01,0x00,0x00,0x00,0x00,0x00,0x00,0x00,0x00
.globl _GEX_DATA_00459c20
_GEX_DATA_00459c20:
.byte 0x5c,0x01,0x5d,0x01,0x5f,0x01,0x60,0x01,0x61,0x01,0x62,0x01,0x00,0x00,0x00,0x00
.globl _GEX_DATA_00459c30
_GEX_DATA_00459c30:
.byte 0x63,0x01,0x67,0x01,0x68,0x01,0x00,0x00
.globl _GEX_DATA_00459c38
_GEX_DATA_00459c38:
.byte 0x64,0x01,0x65,0x01,0x66,0x01,0x00,0x00
.globl _GEX_DATA_00459c40
_GEX_DATA_00459c40:
.byte 0x69,0x01,0x6b,0x01,0x6d,0x01,0x69,0x01,0x6b,0x01,0x6d,0x01,0x69,0x01,0x6b,0x01
.byte 0x6d,0x01,0x00,0x00,0x00,0x00,0x00,0x00
.globl _GEX_DATA_00459c58
_GEX_DATA_00459c58:
.byte 0x6a,0x01,0x6c,0x01,0x6e,0x01,0x6a,0x01,0x6c,0x01,0x6e,0x01,0x6a,0x01,0x6c,0x01
.byte 0x6e,0x01,0x00,0x00,0x00,0x00,0x00,0x00
.globl _GEX_DATA_00459c70
_GEX_DATA_00459c70:
.byte 0x6f,0x01,0x70,0x01,0x71,0x01,0x72,0x01,0x73,0x01,0x00,0x00,0x00,0x00,0x00,0x00
.globl _GEX_DATA_00459c80
_GEX_DATA_00459c80:
.byte 0x74,0x01,0x75,0x01,0x76,0x01,0x77,0x01,0x78,0x01,0x00,0x00
.globl _GEX_DATA_00459c8c
_GEX_DATA_00459c8c:
.zero 4
.globl _GEX_DATA_00459c90
_GEX_DATA_00459c90:
.byte 0x7a,0x01,0x7a,0x01,0x7a,0x01,0x7a,0x01,0x7a,0x01,0x7a,0x01,0x7a,0x01,0x00,0x00
.globl _GEX_DATA_00459ca0
_GEX_DATA_00459ca0:
.byte 0x7b,0x01,0x7c,0x01,0x7d,0x01,0x7b,0x01,0x7c,0x01,0x7d,0x01,0x00,0x00,0x00,0x00
.globl _GEX_DATA_00459cb0
_GEX_DATA_00459cb0:
.byte 0x7f,0x01,0x80,0x01,0x82,0x01,0x83,0x01,0x00,0x00,0x00,0x00,0x00,0x00,0x00,0x00
.globl _GEX_DATA_00459cc0
_GEX_DATA_00459cc0:
.byte 0x84,0x01,0x85,0x01,0x86,0x01,0x84,0x01,0x85,0x01,0x86,0x01,0x84,0x01,0x85,0x01
.byte 0x86,0x01,0x00,0x00,0x00,0x00,0x00,0x00
.globl _GEX_DATA_00459cd8
_GEX_DATA_00459cd8:
.byte 0x87,0x01,0x88,0x01,0x87,0x01,0x88,0x01,0x87,0x01,0x88,0x01,0x87,0x01,0x88,0x01
.byte 0x00,0x00,0x00,0x00,0x00,0x00,0x00,0x00
.globl _GEX_DATA_00459cf0
_GEX_DATA_00459cf0:
.byte 0x89,0x01,0x8a,0x01,0x8b,0x01,0x8d,0x01,0x8e,0x01,0x90,0x01,0x91,0x01,0x93,0x01
.byte 0x00,0x00,0x00,0x00,0x00,0x00,0x00,0x00
.globl _GEX_DATA_00459d08
_GEX_DATA_00459d08:
.byte 0x8c,0x01,0x92,0x01,0x00,0x00,0x00,0x00
.globl _GEX_DATA_00459d10
_GEX_DATA_00459d10:
.byte 0x8f,0x01,0x00,0x00,0x00,0x00,0x00,0x00
.globl _GEX_DATA_00459d18
_GEX_DATA_00459d18:
.byte 0x94,0x01,0x95,0x01,0x96,0x01,0x97,0x01,0x98,0x01,0x99,0x01,0x9a,0x01,0x00,0x00
.globl _GEX_DATA_00459d28
_GEX_DATA_00459d28:
.byte 0x9b,0x01,0x9c,0x01,0x9d,0x01,0x9e,0x01,0x9f,0x01,0x00,0x00,0x00,0x00,0x00,0x00
.globl _GEX_DATA_00459d38
_GEX_DATA_00459d38:
.byte 0xa0,0x01,0xa1,0x01,0xa2,0x01,0xa3,0x01,0xa5,0x01,0xa6,0x01,0xa7,0x01,0x00,0x00
.globl _GEX_DATA_00459d48
_GEX_DATA_00459d48:
.byte 0xa8,0x01,0xa9,0x01,0xaa,0x01,0xab,0x01,0x00,0x00,0x00,0x00,0x00,0x00,0x00,0x00
.globl _GEX_DATA_00459d58
_GEX_DATA_00459d58:
.byte 0xac,0x01,0xaf,0x01,0xb0,0x01,0xb1,0x01,0x00,0x00,0x00,0x00,0x00,0x00,0x00,0x00
.globl _GEX_DATA_00459d68
_GEX_DATA_00459d68:
.byte 0xb2,0x01,0xb3,0x01,0xb4,0x01,0xb5,0x01,0xb6,0x01,0x00,0x00,0x00,0x00,0x00,0x00
.globl _GEX_DATA_00459d78
_GEX_DATA_00459d78:
.byte 0xb7,0x01,0xb8,0x01,0xb7,0x01,0xb8,0x01,0xb7,0x01,0xb8,0x01,0x00,0x00,0x00,0x00
.globl _GEX_DATA_00459d88
_GEX_DATA_00459d88:
.byte 0xb9,0x01,0xba,0x01,0xbb,0x01,0xbc,0x01,0x00,0x00,0x00,0x00,0x00,0x00,0x00,0x00
.globl _GEX_DATA_00459d98
_GEX_DATA_00459d98:
.byte 0xbd,0x01,0xbf,0x01,0xbd,0x01,0xbf,0x01,0xc2,0x01,0xc3,0x01,0xc2,0x01,0xc3,0x01
.byte 0x00,0x00,0x00,0x00,0x00,0x00,0x00,0x00
.globl _GEX_DATA_00459db0
_GEX_DATA_00459db0:
.byte 0xbe,0x01,0xbe,0x01,0xbe,0x01,0xbe,0x01,0xbe,0x01,0xbe,0x01,0x00,0x00,0x00,0x00
.globl _GEX_DATA_00459dc0
_GEX_DATA_00459dc0:
.byte 0xc5,0x01,0xc6,0x01,0xc7,0x01,0xc8,0x01,0xc9,0x01,0x00,0x00,0x00,0x00,0x00,0x00
.globl _GEX_DATA_00459dd0
_GEX_DATA_00459dd0:
.byte 0xca,0x01,0xcb,0x01,0xcc,0x01,0xce,0x01,0xcf,0x01,0x00,0x00,0x00,0x00,0x00,0x00
.globl _GEX_DATA_00459de0
_GEX_DATA_00459de0:
.byte 0xd0,0x01,0xd1,0x01,0xd2,0x01,0xd3,0x01,0xd5,0x01,0x00,0x00,0x00,0x00,0x00,0x00
.globl _GEX_DATA_00459df0
_GEX_DATA_00459df0:
.byte 0xd6,0x01,0xd7,0x01,0xd8,0x01,0xd9,0x01,0xda,0x01,0xdc,0x01,0x00,0x00,0x00,0x00
.globl _GEX_DATA_00459e00
_GEX_DATA_00459e00:
.byte 0xdd,0x01,0xde,0x01,0xdf,0x01,0xe0,0x01,0xe1,0x01,0xe2,0x01,0xe3,0x01,0x00,0x00
.globl _GEX_DATA_00459e10
_GEX_DATA_00459e10:
.byte 0xe4,0x01,0xe5,0x01,0xe6,0x01,0xe4,0x01,0xe5,0x01,0xe6,0x01,0x00,0x00,0x00,0x00
.globl _GEX_DATA_00459e20
_GEX_DATA_00459e20:
.byte 0xe8,0x01,0xe9,0x01,0xea,0x01,0xeb,0x01,0xe8,0x01,0xe9,0x01,0xea,0x01,0xeb,0x01
.byte 0x00,0x00,0x00,0x00,0x00,0x00,0x00,0x00
.globl _GEX_DATA_00459e38
_GEX_DATA_00459e38:
.byte 0xec,0x01,0xed,0x01,0xee,0x01,0xef,0x01,0xf0,0x01,0xf1,0x01,0x00,0x00,0x00,0x00
.globl _GEX_DATA_00459e48
_GEX_DATA_00459e48:
.byte 0xf2,0x01,0xf3,0x01,0xf4,0x01,0xf5,0x01,0xf6,0x01,0xf7,0x01,0xf8,0x01,0xf9,0x01
.byte 0x00,0x00,0x00,0x00,0x00,0x00,0x00,0x00
.globl _GEX_DATA_00459e60
_GEX_DATA_00459e60:
.byte 0xfa,0x01,0xfb,0x01,0xfc,0x01,0xfd,0x01,0xfe,0x01,0x00,0x00,0x00,0x00,0x00,0x00
.globl _GEX_DATA_00459e70
_GEX_DATA_00459e70:
.byte 0x48,0x00,0x43,0x00,0x41,0x00,0x00,0x00
.globl _GEX_DATA_00459e78
_GEX_DATA_00459e78:
.byte 0x0b,0x01,0x0c,0x01,0x00,0x00,0x00,0x00
.globl _GEX_DATA_00459e80
_GEX_DATA_00459e80:
.byte 0x72,0x00,0x00,0x00,0x00,0x00,0x00,0x00
.globl _GEX_DATA_00459e88
_GEX_DATA_00459e88:
.byte 0x5a,0x00,0x65,0x01,0x00,0x00,0x00,0x00
.globl _GEX_DATA_00459e90
_GEX_DATA_00459e90:
.byte 0x67,0x01,0x48,0x00,0x00,0x00,0x00,0x00
.globl _GEX_DATA_00459e98
_GEX_DATA_00459e98:
.byte 0x90,0x01,0x66,0x01,0x00,0x00,0x00,0x00
.globl _GEX_DATA_00459ea0
_GEX_DATA_00459ea0:
.byte 0xfe,0x00,0xff,0x01,0x6b,0x00,0xac,0x00,0x00,0x00,0x00,0x00,0x00,0x00,0x00,0x00
.globl _GEX_DATA_00459eb0
_GEX_DATA_00459eb0:
.byte 0x3d,0x00,0x62,0x00,0x00,0x00,0x00,0x00
.globl _GEX_DATA_00459eb8
_GEX_DATA_00459eb8:
.byte 0x4a,0x00,0xa2,0x00,0x00,0x00,0x00,0x00
.globl _GEX_DATA_00459ec0
_GEX_DATA_00459ec0:
.byte 0x59,0x00,0x58,0x00,0x00,0x00,0x00,0x00
.globl _GEX_DATA_00459ec8
_GEX_DATA_00459ec8:
.byte 0x36,0x00,0x5c,0x00,0x00,0x00,0x00,0x00
.globl _GEX_DATA_00459ed0
_GEX_DATA_00459ed0:
.byte 0x9d,0x00,0xf5,0x00,0xea,0x00,0x3f,0x00,0xf3,0x00,0x00,0x00
.globl _GEX_DATA_00459edc
_GEX_DATA_00459edc:
.byte 0x00,0x02,0x00,0x00
.globl _GEX_DATA_00459ee0
_GEX_DATA_00459ee0:
.byte 0x4e,0x00,0x00,0x00
.globl _GEX_DATA_00459ee4
_GEX_DATA_00459ee4:
.byte 0x5b,0x00,0x00,0x00
.globl _GEX_DATA_00459ee8
_GEX_DATA_00459ee8:
.byte 0x54,0x00,0x00,0x00
.globl _GEX_DATA_00459eec
_GEX_DATA_00459eec:
.byte 0x01,0x02,0x00,0x00
.globl _GEX_DATA_00459ef0
_GEX_DATA_00459ef0:
.byte 0x02,0x02,0x00,0x00
.globl _GEX_DATA_00459ef4
_GEX_DATA_00459ef4:
.byte 0x03,0x02,0x00,0x00
.globl _GEX_DATA_00459ef8
_GEX_DATA_00459ef8:
.byte 0x72,0x00,0x93,0x01,0x73,0x01,0xae,0x00,0x00,0x00,0x00,0x00,0x00,0x00,0x00,0x00
.globl _GEX_DATA_00459f08
_GEX_DATA_00459f08:
.byte 0xa2,0x00,0x55,0x01,0x00,0x00,0x00,0x00
.globl _GEX_DATA_00459f10
_GEX_DATA_00459f10:
.byte 0x8c,0x01,0x73,0x01,0xa2,0x00,0x00,0x00
.globl _GEX_DATA_00459f18
_GEX_DATA_00459f18:
.byte 0x90,0x01,0xa0,0x00,0x6d,0x00,0x00,0x00
.globl _GEX_DATA_00459f20
_GEX_DATA_00459f20:
.byte 0x04,0x01,0x52,0x01,0x55,0x01,0xae,0x00,0x00,0x00,0x00,0x00,0x00,0x00,0x00,0x00
.globl _GEX_DATA_00459f30
_GEX_DATA_00459f30:
.zero 4
.long _GEX_DATA_004598b8
.long _GEX_DATA_004598c8
.long _GEX_DATA_004598d8
.long _GEX_DATA_004598e0
.long _GEX_DATA_004598f0
.long _GEX_DATA_00459900
.long _GEX_DATA_00459910
.long _GEX_DATA_00459920
.long _GEX_DATA_00459928
.long _GEX_DATA_00459940
.long _GEX_DATA_00459950
.long _GEX_DATA_00459960
.long _GEX_DATA_00459970
.zero 4
.long _GEX_DATA_00459984
.long _GEX_DATA_00459988
.long _GEX_DATA_00459998
.long _GEX_DATA_004599a8
.long _GEX_DATA_004599b0
.long _GEX_DATA_004599b8
.long _GEX_DATA_004599c8
.long _GEX_DATA_004599e0
.long _GEX_DATA_004599f0
.long _GEX_DATA_00459a08
.long _GEX_DATA_00459a18
.long _GEX_DATA_00459a28
.long _GEX_DATA_00459a38
.long _GEX_DATA_00459a48
.long _GEX_DATA_00459a58
.long _GEX_DATA_00459a68
.long _GEX_DATA_00459a78
.long _GEX_DATA_00459a88
.long _GEX_DATA_00459a98
.long _GEX_DATA_00459aa8
.long _GEX_DATA_00459ac0
.long _GEX_DATA_00459ad0
.long _GEX_DATA_00459ae0
.long _GEX_DATA_00459af8
.long _GEX_DATA_00459b08
.long _GEX_DATA_00459b18
.long _GEX_DATA_00459b28
.long _GEX_DATA_00459b40
.long _GEX_DATA_00459b50
.long _GEX_DATA_00459b60
.long _GEX_DATA_00459b70
.long _GEX_DATA_00459b80
.long _GEX_DATA_00459b90
.long _GEX_DATA_00459ba0
.long _GEX_DATA_00459bb0
.long _GEX_DATA_00459bb8
.long _GEX_DATA_00459bc8
.long _GEX_DATA_00459bd8
.long _GEX_DATA_00459be8
.long _GEX_DATA_00459bf8
.long _GEX_DATA_00459c10
.long _GEX_DATA_00459c20
.long _GEX_DATA_00459c30
.long _GEX_DATA_00459c40
.long _GEX_DATA_00459c58
.long _GEX_DATA_00459c70
.long _GEX_DATA_00459c80
.long _GEX_DATA_00459c8c
.long _GEX_DATA_00459c90
.long _GEX_DATA_00459ca0
.long _GEX_DATA_00459cb0
.long _GEX_DATA_00459cc0
.long _GEX_DATA_00459cd8
.long _GEX_DATA_00459cf0
.long _GEX_DATA_00459d18
.long _GEX_DATA_00459d28
.long _GEX_DATA_00459d38
.long _GEX_DATA_00459d48
.long _GEX_DATA_00459d58
.long _GEX_DATA_00459d68
.long _GEX_DATA_00459d78
.long _GEX_DATA_00459d98
.long _GEX_DATA_00459dc0
.long _GEX_DATA_00459dd0
.long _GEX_DATA_00459de0
.long _GEX_DATA_00459df0
.long _GEX_DATA_00459e00
.long _GEX_DATA_00459e10
.long _GEX_DATA_00459e20
.long _GEX_DATA_00459e38
.long _GEX_DATA_00459e48
.long _GEX_DATA_00459b10
.long _GEX_DATA_00459b88
.long _GEX_DATA_00459c08
.long _GEX_DATA_00459c38
.long _GEX_DATA_00459d08
.long _GEX_DATA_00459d10
.long _GEX_DATA_00459d88
.long _GEX_DATA_00459db0
.long _GEX_DATA_00459e60
.long _GEX_DATA_00459e70
.long _GEX_DATA_00459e78
.long _GEX_DATA_00459e80
.long _GEX_DATA_00459e88
.long _GEX_DATA_00459e90
.long _GEX_DATA_00459e98
.long _GEX_DATA_00459ea0
.long _GEX_DATA_00459eb0
.long _GEX_DATA_00459eb8
.long _GEX_DATA_00459ec0
.long _GEX_DATA_00459ec8
.long _GEX_DATA_00459ed0
.long _GEX_DATA_00459edc
.long _GEX_DATA_00459ee0
.long _GEX_DATA_00459ee4
.long _GEX_DATA_00459ee8
.long _GEX_DATA_00459ef8
.long _GEX_DATA_00459f08
.long _GEX_DATA_00459f10
.long _GEX_DATA_00459f18
.long _GEX_DATA_00459f20
.long _GEX_DATA_00459eec
.long _GEX_DATA_00459ef0
.long _GEX_DATA_00459ef4
.globl _GEX_DATA_0045a10c
_GEX_DATA_0045a10c:
.byte 0x45,0x52,0x52,0x4f,0x52,0x3a,0x20,0x76,0x73,0x69,0x74,0x20,0x23,0x25,0x6c,0x64
.byte 0x20,0x6f,0x75,0x74,0x20,0x6f,0x66,0x20,0x72,0x61,0x6e,0x67,0x65,0x21,0x21,0x21
.byte 0x0a,0x00,0x00,0x00
.globl _GEX_DATA_0045a130
_GEX_DATA_0045a130:
.byte 0x45,0x52,0x52,0x4f,0x52,0x3a,0x20,0x76,0x6f,0x69,0x63,0x65,0x66,0x78,0x20,0x23
.byte 0x25,0x6c,0x64,0x20,0x6f,0x75,0x74,0x20,0x6f,0x66,0x20,0x72,0x61,0x6e,0x67,0x65
.byte 0x21,0x21,0x21,0x0a,0x00,0x00,0x00,0x00,0x45,0x52,0x52,0x4f,0x52,0x3a,0x20,0x42
.byte 0x61,0x64,0x20,0x56,0x6f,0x69,0x63,0x65,0x20,0x49,0x6e,0x64,0x65,0x78,0x21,0x21
.byte 0x21,0x0a,0x00,0x00,0x00,0x00,0x00,0x00
.globl _GEX_DATA_0045a178
_GEX_DATA_0045a178:
.byte 0x00,0x01,0x02,0x03
.globl _GEX_DATA_0045a17c
_GEX_DATA_0045a17c:
.byte 0x04
.globl _GEX_DATA_0045a17d
_GEX_DATA_0045a17d:
.byte 0x05
.globl _GEX_DATA_0045a17e
_GEX_DATA_0045a17e:
.byte 0x06,0x07
.globl _GEX_DATA_0045a180
_GEX_DATA_0045a180:
.byte 0x08
.globl _GEX_DATA_0045a181
_GEX_DATA_0045a181:
.byte 0x09,0x0a,0x0b
.globl _GEX_DATA_0045a184
_GEX_DATA_0045a184:
.byte 0x0c
.globl _GEX_DATA_0045a185
_GEX_DATA_0045a185:
.byte 0x0d
.globl _GEX_DATA_0045a186
_GEX_DATA_0045a186:
.byte 0x0e,0x00,0x01,0x02,0x03,0x04,0x05,0x06,0x07,0x08,0x09,0x0a,0x0b,0x0c,0x0d,0x0e
.byte 0x00,0x00
.globl _GEX_DATA_0045a198
_GEX_DATA_0045a198:
.byte 0x4c,0x6f,0x61,0x64,0x65,0x64,0x20,0x49,0x64,0x6c,0x65,0x20,0x23,0x25,0x6c,0x64
.byte 0x0a,0x00,0x00,0x00
.globl _GEX_DATA_0045a1ac
_GEX_DATA_0045a1ac:
.byte 0x45,0x52,0x52,0x4f,0x52,0x3a,0x20,0x54,0x6f,0x20,0x6d,0x61,0x6e,0x79,0x20,0x70
.byte 0x61,0x72,0x61,0x6c,0x6c,0x61,0x78,0x73,0x20,0x69,0x6e,0x20,0x6f,0x6e,0x65,0x20
.byte 0x6c,0x65,0x76,0x65,0x6c,0x21,0x0a,0x00
.globl _GEX_DATA_0045a1d4
_GEX_DATA_0045a1d4:
.byte 0x67,0x6c,0x75,0x65,0x37,0x20,0x28,0x63,0x72,0x65,0x64,0x69,0x74,0x73,0x29,0x00
.globl _GEX_DATA_0045a1e4
_GEX_DATA_0045a1e4:
.byte 0x67,0x6c,0x75,0x65,0x34,0x20,0x28,0x47,0x61,0x6d,0x65,0x20,0x4f,0x76,0x65,0x72
.byte 0x29,0x00,0x00,0x00
.globl _GEX_DATA_0045a1f8
_GEX_DATA_0045a1f8:
.byte 0x67,0x6c,0x75,0x65,0x31,0x20,0x28,0x54,0x69,0x74,0x6c,0x65,0x29,0x00,0x00,0x00
.globl _GEX_DATA_0045a208
_GEX_DATA_0045a208:
.byte 0x62,0x6f,0x6e,0x75,0x73,0x35,0x20,0x28,0x63,0x61,0x72,0x74,0x6f,0x6f,0x6e,0x29
.byte 0x00,0x00,0x00,0x00
.globl _GEX_DATA_0045a21c
_GEX_DATA_0045a21c:
.byte 0x62,0x6f,0x6e,0x75,0x73,0x34,0x20,0x28,0x6b,0x75,0x6e,0x67,0x66,0x75,0x29,0x00
.globl _GEX_DATA_0045a22c
_GEX_DATA_0045a22c:
.byte 0x62,0x6f,0x6e,0x75,0x73,0x33,0x20,0x28,0x72,0x65,0x7a,0x29,0x00,0x00,0x00,0x00
.globl _GEX_DATA_0045a23c
_GEX_DATA_0045a23c:
.byte 0x62,0x6f,0x6e,0x75,0x73,0x32,0x20,0x28,0x67,0x72,0x61,0x76,0x65,0x29,0x00,0x00
.globl _GEX_DATA_0045a24c
_GEX_DATA_0045a24c:
.byte 0x62,0x6f,0x6e,0x75,0x73,0x31,0x20,0x28,0x6a,0x75,0x6e,0x67,0x6c,0x65,0x29,0x00
.globl _GEX_DATA_0045a25c
_GEX_DATA_0045a25c:
.byte 0x6d,0x61,0x69,0x6e,0x6d,0x61,0x70,0x37,0x20,0x28,0x6d,0x61,0x69,0x6e,0x20,0x64
.byte 0x6f,0x6d,0x65,0x29,0x00,0x00,0x00,0x00
.globl _GEX_DATA_0045a274
_GEX_DATA_0045a274:
.byte 0x6d,0x61,0x69,0x6e,0x6d,0x61,0x70,0x36,0x20,0x28,0x6b,0x75,0x6e,0x67,0x66,0x75
.byte 0x29,0x00,0x00,0x00
.globl _GEX_DATA_0045a288
_GEX_DATA_0045a288:
.byte 0x6d,0x61,0x69,0x6e,0x6d,0x61,0x70,0x34,0x20,0x28,0x72,0x65,0x7a,0x29,0x00,0x00
.globl _GEX_DATA_0045a298
_GEX_DATA_0045a298:
.byte 0x6d,0x61,0x69,0x6e,0x6d,0x61,0x70,0x33,0x20,0x28,0x6a,0x75,0x6e,0x67,0x6c,0x65
.byte 0x29,0x00,0x00,0x00
.globl _GEX_DATA_0045a2ac
_GEX_DATA_0045a2ac:
.byte 0x6d,0x61,0x69,0x6e,0x6d,0x61,0x70,0x32,0x20,0x28,0x63,0x61,0x72,0x74,0x6f,0x6f
.byte 0x6e,0x29,0x00,0x00
.globl _GEX_DATA_0045a2c0
_GEX_DATA_0045a2c0:
.byte 0x6d,0x61,0x69,0x6e,0x6d,0x61,0x70,0x31,0x20,0x28,0x67,0x72,0x61,0x76,0x65,0x29
.byte 0x00,0x00,0x00,0x00
.globl _GEX_DATA_0045a2d4
_GEX_DATA_0045a2d4:
.byte 0x6b,0x75,0x6e,0x67,0x66,0x75,0x37,0x20,0x28,0x62,0x6f,0x73,0x73,0x29,0x00,0x00
.globl _GEX_DATA_0045a2e4
_GEX_DATA_0045a2e4:
.byte 0x6b,0x75,0x6e,0x67,0x66,0x75,0x33,0x00
.globl _GEX_DATA_0045a2ec
_GEX_DATA_0045a2ec:
.byte 0x6b,0x75,0x6e,0x67,0x66,0x75,0x32,0x00
.globl _GEX_DATA_0045a2f4
_GEX_DATA_0045a2f4:
.byte 0x6b,0x75,0x6e,0x67,0x66,0x75,0x31,0x00
.globl _GEX_DATA_0045a2fc
_GEX_DATA_0045a2fc:
.byte 0x72,0x65,0x7a,0x37,0x20,0x28,0x62,0x6f,0x73,0x73,0x29,0x00
.globl _GEX_DATA_0045a308
_GEX_DATA_0045a308:
.byte 0x72,0x65,0x7a,0x32,0x00,0x00,0x00,0x00
.globl _GEX_DATA_0045a310
_GEX_DATA_0045a310:
.byte 0x72,0x65,0x7a,0x31,0x00,0x00,0x00,0x00
.globl _GEX_DATA_0045a318
_GEX_DATA_0045a318:
.byte 0x6a,0x75,0x6e,0x67,0x6c,0x65,0x37,0x20,0x28,0x62,0x6f,0x73,0x73,0x29,0x00,0x00
.globl _GEX_DATA_0045a328
_GEX_DATA_0045a328:
.byte 0x6a,0x75,0x6e,0x67,0x6c,0x65,0x33,0x00
.globl _GEX_DATA_0045a330
_GEX_DATA_0045a330:
.byte 0x6a,0x75,0x6e,0x67,0x6c,0x65,0x32,0x00
.globl _GEX_DATA_0045a338
_GEX_DATA_0045a338:
.byte 0x63,0x61,0x72,0x74,0x6f,0x6f,0x6e,0x37,0x20,0x28,0x62,0x6f,0x73,0x73,0x29,0x00
.globl _GEX_DATA_0045a348
_GEX_DATA_0045a348:
.byte 0x63,0x61,0x72,0x74,0x6f,0x6f,0x6e,0x35,0x00,0x00,0x00,0x00
.globl _GEX_DATA_0045a354
_GEX_DATA_0045a354:
.byte 0x63,0x61,0x72,0x74,0x6f,0x6f,0x6e,0x34,0x00,0x00,0x00,0x00
.globl _GEX_DATA_0045a360
_GEX_DATA_0045a360:
.byte 0x63,0x61,0x72,0x74,0x6f,0x6f,0x6e,0x33,0x00,0x00,0x00,0x00
.globl _GEX_DATA_0045a36c
_GEX_DATA_0045a36c:
.byte 0x63,0x61,0x72,0x74,0x6f,0x6f,0x6e,0x32,0x00,0x00,0x00,0x00
.globl _GEX_DATA_0045a378
_GEX_DATA_0045a378:
.byte 0x63,0x61,0x72,0x74,0x6f,0x6f,0x6e,0x31,0x00,0x00,0x00,0x00
.globl _GEX_DATA_0045a384
_GEX_DATA_0045a384:
.byte 0x67,0x72,0x61,0x76,0x65,0x37,0x20,0x28,0x62,0x6f,0x73,0x73,0x29,0x00,0x00,0x00
.globl _GEX_DATA_0045a394
_GEX_DATA_0045a394:
.byte 0x67,0x72,0x61,0x76,0x65,0x34,0x00,0x00
.globl _GEX_DATA_0045a39c
_GEX_DATA_0045a39c:
.byte 0x67,0x72,0x61,0x76,0x65,0x33,0x00,0x00
.globl _GEX_DATA_0045a3a4
_GEX_DATA_0045a3a4:
.byte 0x67,0x72,0x61,0x76,0x65,0x32,0x00,0x00
.globl _GEX_DATA_0045a3ac
_GEX_DATA_0045a3ac:
.byte 0x67,0x72,0x61,0x76,0x65,0x31,0x00,0x00
.globl _GEX_DATA_0045a3b4
_GEX_DATA_0045a3b4:
.byte 0x73,0x6c,0x36,0x39,0x00,0x00,0x00,0x00
.globl _GEX_DATA_0045a3bc
_GEX_DATA_0045a3bc:
.byte 0x73,0x6c,0x36,0x38,0x00,0x00,0x00,0x00
.globl _GEX_DATA_0045a3c4
_GEX_DATA_0045a3c4:
.byte 0x73,0x6c,0x36,0x37
.globl _GEX_DATA_0045a3c8
_GEX_DATA_0045a3c8:
.zero 4
.globl _GEX_DATA_0045a3cc
_GEX_DATA_0045a3cc:
.byte 0x6d,0x61,0x69,0x6e,0x6d,0x61,0x70,0x35,0x20,0x28,0x73,0x63,0x69,0x66,0x69,0x29
.byte 0x00,0x00,0x00,0x00
.globl _GEX_DATA_0045a3e0
_GEX_DATA_0045a3e0:
.byte 0x62,0x6f,0x6e,0x75,0x73,0x37,0x00,0x00
.globl _GEX_DATA_0045a3e8
_GEX_DATA_0045a3e8:
.byte 0x73,0x63,0x69,0x66,0x69,0x34,0x00,0x00
.globl _GEX_DATA_0045a3f0
_GEX_DATA_0045a3f0:
.byte 0x73,0x63,0x69,0x66,0x69,0x33,0x00,0x00
.globl _GEX_DATA_0045a3f8
_GEX_DATA_0045a3f8:
.byte 0x73,0x63,0x69,0x66,0x69,0x32,0x00,0x00
.globl _GEX_DATA_0045a400
_GEX_DATA_0045a400:
.byte 0x73,0x63,0x69,0x66,0x69,0x31,0x00,0x00
.globl _GEX_DATA_0045a408
_GEX_DATA_0045a408:
.long _GEX_DATA_0045a400
.byte 0x1d,0x00,0x00,0x00
.long _GEX_DATA_0045a3f8
.byte 0x1e,0x00,0x00,0x00
.long _GEX_DATA_0045a3f0
.byte 0x1f,0x00,0x00,0x00
.long _GEX_DATA_0045a3e8
.byte 0x20,0x00,0x00,0x00
.long _GEX_DATA_0045a3e0
.byte 0x3f,0x00,0x00,0x00
.long _GEX_DATA_0045a3cc
.byte 0x36,0x00,0x00,0x00
.long _GEX_DATA_0045a3c4
.byte 0x89,0x00,0x00,0x00
.long _GEX_DATA_0045a3bc
.byte 0x8a,0x00,0x00,0x00
.long _GEX_DATA_0045a3b4
.byte 0x8b,0x00,0x00,0x00,0x00,0x00,0x00,0x00,0x00,0x00,0x00,0x00
.globl _GEX_DATA_0045a458
_GEX_DATA_0045a458:
.long _GEX_DATA_0045a3ac
.byte 0x01,0x00,0x00,0x00
.long _GEX_DATA_0045a3a4
.byte 0x02,0x00,0x00,0x00
.long _GEX_DATA_0045a39c
.byte 0x03,0x00,0x00,0x00
.long _GEX_DATA_0045a394
.byte 0x04,0x00,0x00,0x00
.long _GEX_DATA_0045a384
.byte 0x07,0x00,0x00,0x00
.long _GEX_DATA_0045a378
.byte 0x08,0x00,0x00,0x00
.long _GEX_DATA_0045a36c
.byte 0x09,0x00,0x00,0x00
.long _GEX_DATA_0045a360
.byte 0x0a,0x00,0x00,0x00
.long _GEX_DATA_0045a354
.byte 0x0b,0x00,0x00,0x00
.long _GEX_DATA_0045a348
.byte 0x0c,0x00,0x00,0x00
.long _GEX_DATA_0045a338
.byte 0x0e,0x00,0x00,0x00
.long _GEX_DATA_0045a330
.byte 0x10,0x00,0x00,0x00
.long _GEX_DATA_0045a328
.byte 0x11,0x00,0x00,0x00
.long _GEX_DATA_0045a318
.byte 0x15,0x00,0x00,0x00
.globl _GEX_DATA_0045a4c8
_GEX_DATA_0045a4c8:
.long _GEX_DATA_0045a310
.byte 0x16,0x00,0x00,0x00
.long _GEX_DATA_0045a308
.byte 0x17,0x00,0x00,0x00
.long _GEX_DATA_0045a2fc
.byte 0x1c,0x00,0x00,0x00
.long _GEX_DATA_0045a2f4
.byte 0x24,0x00,0x00,0x00
.long _GEX_DATA_0045a2ec
.byte 0x25,0x00,0x00,0x00
.long _GEX_DATA_0045a2e4
.byte 0x26,0x00,0x00,0x00
.long _GEX_DATA_0045a2d4
.byte 0x2a,0x00,0x00,0x00
.long _GEX_DATA_0045a2c0
.byte 0x32,0x00,0x00,0x00
.long _GEX_DATA_0045a2ac
.byte 0x33,0x00,0x00,0x00
.long _GEX_DATA_0045a298
.byte 0x34,0x00,0x00,0x00
.long _GEX_DATA_0045a288
.byte 0x35,0x00,0x00,0x00
.long _GEX_DATA_0045a274
.byte 0x37,0x00,0x00,0x00
.long _GEX_DATA_0045a25c
.byte 0x38,0x00,0x00,0x00
.long _GEX_DATA_0045a24c
.byte 0x39,0x00,0x00,0x00
.long _GEX_DATA_0045a23c
.byte 0x3a,0x00,0x00,0x00
.long _GEX_DATA_0045a22c
.byte 0x3b,0x00,0x00,0x00
.long _GEX_DATA_0045a21c
.byte 0x3c,0x00,0x00,0x00
.long _GEX_DATA_0045a208
.byte 0x3d,0x00,0x00,0x00
.long _GEX_DATA_0045a1f8
.byte 0x40,0x00,0x00,0x00
.long _GEX_DATA_0045a1e4
.byte 0x43,0x00,0x00,0x00
.long _GEX_DATA_0045a1d4
.byte 0x46,0x00,0x00,0x00,0x00,0x00,0x00,0x00,0x00,0x00,0x00,0x00
.globl _GEX_DATA_0045a578
_GEX_DATA_0045a578:
.byte 0x24,0x00,0x00,0x00,0x0a,0x00,0x00,0x00
.globl _GEX_DATA_0045a580
_GEX_DATA_0045a580:
.long _GEX_DATA_0045a458
.long _GEX_DATA_0045a408
.globl _GEX_DATA_0045a588
_GEX_DATA_0045a588:
.byte 0x50,0x72,0x65,0x73,0x73,0x20,0x27,0x54,0x41,0x49,0x4c,0x20,0x57,0x48,0x49,0x50
.byte 0x27,0x20,0x74,0x6f,0x20,0x45,0x78,0x69,0x74,0x00,0x00,0x00
.globl _GEX_DATA_0045a5a4
_GEX_DATA_0045a5a4:
.byte 0x50,0x72,0x65,0x73,0x73,0x20,0x27,0x4a,0x55,0x4d,0x50,0x27,0x20,0x74,0x6f,0x20
.byte 0x53,0x74,0x61,0x72,0x74,0x00,0x00,0x00
.globl _GEX_DATA_0045a5bc
_GEX_DATA_0045a5bc:
.byte 0x25,0x33,0x64,0x3a,0x25,0x73,0x00,0x00,0x00,0x00,0x00,0x00
.globl _GEX_DATA_0045a5c8
_GEX_DATA_0045a5c8:
.byte 0x00,0x00,0x00,0x00,0x48,0x06,0x00,0x00,0x8f,0x0c,0x00,0x00,0xd5,0x12,0x00,0x00
.byte 0x17,0x19,0x00,0x00,0x56,0x1f,0x00,0x00,0x90,0x25,0x00,0x00,0xc4,0x2b,0x00,0x00
.byte 0xf1,0x31,0x00,0x00,0x17,0x38,0x00,0x00,0x33,0x3e,0x00,0x00,0x47,0x44,0x00,0x00
.byte 0x50,0x4a,0x00,0x00,0x4d,0x50,0x00,0x00,0x3e,0x56,0x00,0x00,0x22,0x5c,0x00,0x00
.byte 0xf7,0x61,0x00,0x00,0xbd,0x67,0x00,0x00,0x74,0x6d,0x00,0x00,0x19,0x73,0x00,0x00
.byte 0xad,0x78,0x00,0x00,0x2e,0x7e,0x00,0x00,0x9c,0x83,0x00,0x00,0xf5,0x88,0x00,0x00
.byte 0x39,0x8e,0x00,0x00,0x68,0x93,0x00,0x00,0x7f,0x98,0x00,0x00,0x7f,0x9d,0x00,0x00
.byte 0x67,0xa2,0x00,0x00,0x36,0xa7,0x00,0x00,0xeb,0xab,0x00,0x00,0x85,0xb0,0x00,0x00
.byte 0x04,0xb5,0x00,0x00,0x68,0xb9,0x00,0x00,0xae,0xbd,0x00,0x00,0xd8,0xc1,0x00,0x00
.byte 0xe4,0xc5,0x00,0x00,0xd1,0xc9,0x00,0x00,0x9f,0xcd,0x00,0x00,0x4d,0xd1,0x00,0x00
.byte 0xdb,0xd4,0x00,0x00,0x48,0xd8,0x00,0x00,0x94,0xdb,0x00,0x00,0xbe,0xde,0x00,0x00
.byte 0xc5,0xe1,0x00,0x00,0xaa,0xe4,0x00,0x00,0x6b,0xe7,0x00,0x00,0x09,0xea,0x00,0x00
.byte 0x83,0xec,0x00,0x00,0xd8,0xee,0x00,0x00,0x09,0xf1,0x00,0x00,0x14,0xf3,0x00,0x00
.byte 0xfa,0xf4,0x00,0x00,0xba,0xf6,0x00,0x00,0x53,0xf8,0x00,0x00,0xc7,0xf9,0x00,0x00
.byte 0x14,0xfb,0x00,0x00,0x3b,0xfc,0x00,0x00,0x3a,0xfd,0x00,0x00,0x13,0xfe,0x00,0x00
.byte 0xc4,0xfe,0x00,0x00,0x4e,0xff,0x00,0x00,0xb1,0xff,0x00,0x00,0xec,0xff,0x00,0x00
.globl _GEX_DATA_0045a6c8
_GEX_DATA_0045a6c8:
.byte 0x00,0x00,0x01,0x00,0x00,0x00,0x00,0x00
.globl _GEX_DATA_0045a6d0
_GEX_DATA_0045a6d0:
.byte 0x00,0x00,0x05,0x00
.globl _GEX_DATA_0045a6d4
_GEX_DATA_0045a6d4:
.byte 0x00,0x00,0x08,0x00
.globl _GEX_DATA_0045a6d8
_GEX_DATA_0045a6d8:
.byte 0x01,0x00,0x00,0x00,0x01,0x00,0x00,0x00
.globl _GEX_DATA_0045a6e0
_GEX_DATA_0045a6e0:
.byte 0xff,0xff,0xff,0xff,0x00,0x00,0x00,0x00
.globl _GEX_DATA_0045a6e8
_GEX_DATA_0045a6e8:
.byte 0x08,0x00,0x00,0x00,0x06,0x00,0x00,0x00,0x0a,0x00,0x00,0x00,0x0e,0x00,0x00,0x00
.byte 0x00,0x10,0x00,0x00,0x00,0x00,0xfe,0xff,0x00,0x20,0x00,0x00,0x00,0x00,0x02,0x00
.byte 0x08,0x00,0x00,0x00,0x04,0x00,0x00,0x00
.globl _GEX_DATA_0045a710
_GEX_DATA_0045a710:
.byte 0x00,0x00,0x04,0x00,0x00,0x00,0x00,0x00,0x00,0x00,0x00,0x00,0x00,0x00,0x00,0x00
.byte 0x00,0x00,0x00,0x00,0x00,0x00,0x04,0x00,0x00,0x00,0x00,0x00,0x00,0x00,0x00,0x00
.byte 0x00,0x00,0xfc,0xff,0x00,0x00,0x00,0x00,0x00,0x00,0x00,0x00,0x00,0x00,0x00,0x00
.byte 0x00,0x00,0x00,0x00,0x00,0x00,0x00,0x00,0x00,0x00,0x00,0x00,0x00,0x00,0x00,0x00
.byte 0x00,0x00,0xfc,0xff,0x00,0x00,0x00,0x00,0x00,0x00,0x00,0x00,0x00,0x00,0x00,0x00
.byte 0x00,0x00,0x00,0x00,0x00,0x00,0x00,0x00,0x00,0x00,0x00,0x00,0x00,0x00,0x00,0x00
.byte 0x00,0x00,0x04,0x00,0x00,0x00,0x00,0x00,0x00,0x00,0x00,0x00,0x00,0x00,0x00,0x00
.byte 0x00,0x00,0x00,0x00,0x00,0x00,0x04,0x00,0x00,0x00,0x00,0x00,0x00,0x00,0x00,0x00
.globl _GEX_DATA_0045a790
_GEX_DATA_0045a790:
.byte 0x00,0x01,0x00,0x00,0x01,0x01,0x00,0x00,0x01,0x00,0x00,0x00,0x01,0x10,0x00,0x00
.byte 0x00,0x10,0x00,0x00,0x10,0x10,0x00,0x00,0x10,0x00,0x00,0x00,0x10,0x01,0x00,0x00
.byte 0x00,0x10,0x00,0x00,0x10,0x10,0x00,0x00,0x10,0x00,0x00,0x00,0x10,0x01,0x00,0x00
.byte 0x00,0x01,0x00,0x00,0x01,0x01,0x00,0x00
.globl _GEX_DATA_0045a7c8
_GEX_DATA_0045a7c8:
.byte 0x01,0x00,0x00,0x00,0x01,0x10,0x00,0x00
.globl _GEX_DATA_0045a7d0
_GEX_DATA_0045a7d0:
.byte 0x00,0x00,0x00,0x00,0x00,0x00,0xe8,0xff,0x00,0x00,0x00,0xc0,0x00,0x00,0x18,0x00
.byte 0x00,0x00,0xe8,0xff,0x00,0x00,0x00,0xc2,0x00,0x00,0x18,0x00,0x00,0x00,0x00,0x00
.byte 0x00,0x00,0x00,0xc0,0x00,0x00,0x18,0x00,0x00,0x00,0x18,0x00,0x00,0x00,0x00,0xc1
.byte 0x00,0x00,0x00,0x00,0x00,0x00,0x18,0x00,0x00,0x00,0x00,0xc0,0x00,0x00,0xe8,0xff
.byte 0x00,0x00,0x18,0x00,0x00,0x00,0x00,0xc4,0x00,0x00,0xe8,0xff,0x00,0x00,0x00,0x00
.byte 0x00,0x00,0x00,0xc0,0x00,0x00,0xe8,0xff,0x00,0x00,0xe8,0xff,0x00,0x00,0x00,0xc8
.byte 0x00,0x00,0x00,0x00,0x00,0x00,0xe8,0xff,0x00,0x00,0x00,0xc0,0x00,0x00,0x18,0x00
.byte 0x00,0x00,0xe8,0xff,0x00,0x00,0x00,0xc4,0x00,0x00,0x18,0x00,0x00,0x00,0x00,0x00
.byte 0x00,0x00,0x00,0xc0,0x00,0x00,0x18,0x00,0x00,0x00,0x18,0x00,0x00,0x00,0x00,0xc8
.byte 0x00,0x00,0x00,0x00,0x00,0x00,0x18,0x00,0x00,0x00,0x00,0xc0,0x00,0x00,0xe8,0xff
.byte 0x00,0x00,0x18,0x00,0x00,0x00,0x00,0xc2,0x00,0x00,0xe8,0xff,0x00,0x00,0x00,0x00
.byte 0x00,0x00,0x00,0xc0,0x00,0x00,0xe8,0xff,0x00,0x00,0xe8,0xff,0x00,0x00,0x00,0xc1
.globl _GEX_DATA_0045a890
_GEX_DATA_0045a890:
.byte 0x00,0x00,0x00,0x00,0x00,0x00,0xff,0xff,0x00,0x00,0x40,0x00,0x00,0x00,0x01,0x00
.byte 0x00,0x00,0xff,0xff,0x00,0x00,0x60,0x00,0x00,0x00,0x01,0x00,0x00,0x00,0x00,0x00
.byte 0x00,0x00,0x80,0x00,0x00,0x00,0x01,0x00,0x00,0x00,0x01,0x00,0x00,0x00,0xa0,0x00
.byte 0x00,0x00,0x00,0x00,0x00,0x00,0x01,0x00
.globl _GEX_DATA_0045a8c8
_GEX_DATA_0045a8c8:
.byte 0x00,0x00,0xc0,0x00,0x00,0x00,0xff,0xff,0x00,0x00,0x01,0x00,0x00,0x00,0xe0,0x00
.byte 0x00,0x00,0xff,0xff,0x00,0x00,0x00,0x00,0x00,0x00,0x00,0x00,0x00,0x00,0xff,0xff
.byte 0x00,0x00,0xff,0xff,0x00,0x00,0x20,0x00,0x00,0x00,0x00,0x00,0x00,0x00,0xff,0xff
.byte 0x00,0x00,0x40,0x00,0x00,0x00,0x01,0x00,0x00,0x00,0xff,0xff,0x00,0x00,0x60,0x00
.byte 0x00,0x00,0x01,0x00,0x00,0x00,0x00,0x00,0x00,0x00,0x80,0x00,0x00,0x00,0x01,0x00
.byte 0x00,0x00,0x01,0x00,0x00,0x00,0xa0,0x00,0x00,0x00,0x00,0x00,0x00,0x00,0x01,0x00
.byte 0x00,0x00,0xc0,0x00,0x00,0x00,0xff,0xff,0x00,0x00,0x01,0x00,0x00,0x00,0xe0,0x00
.byte 0x00,0x00,0xff,0xff,0x00,0x00,0x00,0x00,0x00,0x00,0x00,0x00,0x00,0x00,0xff,0xff
.byte 0x00,0x00,0xff,0xff,0x00,0x00,0x20,0x00
.globl _GEX_DATA_0045a950
_GEX_DATA_0045a950:
.byte 0x00,0x00,0x01,0x00,0x00,0x00,0x00,0x00,0x00,0x00,0x80,0x00,0x00,0x00,0x01,0x00
.byte 0x00,0x00,0x01,0x00,0x00,0x00,0xa0,0x00,0x00,0x00,0x00,0x00,0x00,0x00,0x01,0x00
.byte 0x00,0x00,0xc0,0x00,0x00,0x00,0xff,0xff,0x00,0x00,0x01,0x00,0x00,0x00,0xe0,0x00
.byte 0x00,0x00,0xff,0xff,0x00,0x00,0x00,0x00,0x00,0x00,0x00,0x01,0x00,0x00,0xff,0xff
.byte 0x00,0x00,0xff,0xff,0x00,0x00,0x20,0x01,0x00,0x00,0x00,0x00,0x00,0x00,0xff,0xff
.byte 0x00,0x00,0x40,0x00,0x00,0x00,0x01,0x00,0x00,0x00,0xff,0xff,0x00,0x00,0x60,0x00
.byte 0x00,0x00,0xff,0xff,0x00,0x00,0x00,0x00,0x00,0x00,0x00,0x00,0x00,0x00,0xff,0xff
.byte 0x00,0x00,0xff,0xff,0x00,0x00,0x20,0x00
.globl _GEX_DATA_0045a9c8
_GEX_DATA_0045a9c8:
.byte 0x00,0x00,0x00,0x00,0x00,0x00,0xff,0xff,0x00,0x00,0x40,0x00,0x00,0x00,0x01,0x00
.byte 0x00,0x00,0xff,0xff,0x00,0x00,0x60,0x00,0x00,0x00,0x01,0x00,0x00,0x00,0x00,0x00
.byte 0x00,0x00,0x80,0x00,0x00,0x00,0x01,0x00,0x00,0x00,0x01,0x00,0x00,0x00,0xa0,0x00
.byte 0x00,0x00,0x00,0x00,0x00,0x00,0x01,0x00,0x00,0x00,0xc0,0xff,0x00,0x00,0xff,0xff
.byte 0x00,0x00,0x01,0x00,0x00,0x00,0xe0,0xff
.globl _GEX_DATA_0045aa10
_GEX_DATA_0045aa10:
.byte 0x00,0x00,0x00,0x00,0x00,0x00,0xff,0xff,0x00,0x00,0x01,0x00,0x00,0x00,0x00,0x00
.byte 0x00,0x00,0x00,0x00,0x00,0x00,0x01,0x00,0x00,0x00,0xff,0xff,0x00,0x00,0x00,0x00
.globl _GEX_DATA_0045aa30
_GEX_DATA_0045aa30:
.byte 0x00,0x0a,0x00,0x00,0x00,0x0c,0x00,0x00,0x00,0x08,0x00,0x00,0x00,0x0b,0x00,0x00
.byte 0x5d,0x00,0x00,0x00,0x5e,0x00,0x00,0x00,0x5f,0x00,0x00,0x00,0x71,0x01,0x00,0x00
.byte 0x6f,0x00,0x00,0x00,0x71,0x00,0x00,0x00,0x70,0x00,0x00,0x00,0x52,0x01,0x00,0x00
.byte 0x00,0x00,0x00,0x00,0x00,0x00,0x10,0x00,0x00,0x00,0xf0,0x00,0x00,0x00,0x00,0x00
.globl _GEX_DATA_0045aa70
_GEX_DATA_0045aa70:
.byte 0x01,0x02,0x05,0x06,0x07,0x08,0x09,0x0a,0x0b,0x0d,0x0e,0x0f,0x10,0x12,0x13,0x00
.byte 0x00,0x00,0x00,0x00,0x00,0x00,0x00,0x00,0x01,0x00,0x00,0x00,0x02,0x00,0x00,0x00
.byte 0x02,0x00,0x00,0x00,0x01,0x00,0x00,0x00,0x00,0x00,0x00,0x00
.globl _GEX_DATA_0045aa9c
_GEX_DATA_0045aa9c:
.byte 0x47,0x4f,0x42,0x5f,0x4b,0x65,0x65,0x70,0x4f,0x75,0x74,0x4f,0x66,0x54,0x69,0x6c
.byte 0x65,0x73,0x3a,0x20,0x45,0x52,0x52,0x4f,0x52,0x20,0x3a,0x20,0x59,0x6f,0x75,0x72
.byte 0x20,0x69,0x6e,0x73,0x69,0x64,0x65,0x20,0x74,0x6f,0x6f,0x20,0x6d,0x61,0x6e,0x79
.byte 0x20,0x74,0x68,0x69,0x6e,0x67,0x73,0x21,0x21,0x21,0x0a,0x00
.globl _GEX_DATA_0045aad8
_GEX_DATA_0045aad8:
.byte 0x70,0x73,0x74,0x61,0x74,0x65,0x20,0x77,0x61,0x73,0x20,0x3d,0x20,0x25,0x73,0x0a
.byte 0x00,0x00,0x00,0x00
.globl _GEX_DATA_0045aaec
_GEX_DATA_0045aaec:
.byte 0x45,0x72,0x72,0x6f,0x72,0x3a,0x20,0x43,0x61,0x6e,0x27,0x74,0x20,0x65,0x61,0x74
.byte 0x20,0x74,0x77,0x6f,0x20,0x6f,0x62,0x6a,0x65,0x63,0x74,0x73,0x20,0x61,0x74,0x20
.byte 0x6f,0x6e,0x63,0x65,0x0a,0x00,0x00,0x00
.globl _GEX_DATA_0045ab14
_GEX_DATA_0045ab14:
.byte 0x45,0x52,0x52,0x4f,0x52,0x3a,0x20,0x49,0x64,0x6c,0x65,0x20,0x6f,0x62,0x6a,0x65
.byte 0x63,0x74,0x20,0x68,0x61,0x73,0x20,0x6e,0x6f,0x20,0x73,0x63,0x72,0x69,0x70,0x74
.byte 0x0a,0x00,0x00,0x00
.globl _GEX_DATA_0045ab38
_GEX_DATA_0045ab38:
.byte 0x45,0x72,0x72,0x6f,0x72,0x3a,0x20,0x50,0x6c,0x61,0x79,0x65,0x72,0x54,0x75,0x72
.byte 0x6e,0x28,0x29,0x2e,0x2e,0x2e,0x67,0x6f,0x62,0x2d,0x3e,0x67,0x6f,0x62,0x5f,0x77
.byte 0x6f,0x72,0x6b,0x31,0x20,0x3d,0x20,0x25,0x6c,0x64,0x0a,0x00,0x00,0x00,0x00,0x00
.globl _GEX_DATA_0045ab68
_GEX_DATA_0045ab68:
.byte 0x00,0x00,0xe0,0x00,0x00,0x00,0x20,0x00,0x00,0x00,0xa0,0x00,0x00,0x00,0x60,0x00
.byte 0x00,0x00,0xe0,0x00,0x00,0x00,0x20,0x00,0x00,0x00,0xa0,0x00,0x00,0x00,0x60,0x00
.byte 0x00,0x00,0x00,0x00,0x00,0x00,0x00,0x00,0x00,0x00,0x80,0x00,0x00,0x00,0x80,0x00
.byte 0x00,0x00,0xc0,0x00,0x00,0x00,0xc0,0x00,0x00,0x00,0x40,0x00,0x00,0x00,0x40,0x00
.globl _GEX_DATA_0045aba8
_GEX_DATA_0045aba8:
.byte 0x3c,0x56,0x84,0xc7
.globl _GEX_DATA_0045abac
_GEX_DATA_0045abac:
.byte 0x31
.globl _GEX_DATA_0045abad
_GEX_DATA_0045abad:
.byte 0x32,0x33,0x36,0x34,0x35,0x37,0x00,0x00,0x00,0x00,0x00
.globl _GEX_DATA_0045abb8
_GEX_DATA_0045abb8:
.byte 0x03,0x00,0x01,0x02,0x06,0x0a,0x07,0x09,0x0d,0x0f,0x10,0x14,0x24,0x25,0x23,0x29
.byte 0x15,0x16,0x1b,0x00
.globl _GEX_DATA_0045abcc
_GEX_DATA_0045abcc:
.byte 0x02,0x07,0x0f,0x29
.globl _GEX_DATA_0045abd0
_GEX_DATA_0045abd0:
.byte 0x3e,0x1e,0x1f,0x8a,0x88,0x89,0x1d,0x1c
.globl _GEX_DATA_0045abd8
_GEX_DATA_0045abd8:
.byte 0x42,0x43,0x44,0x46,0x47,0x48,0x4b,0x4c,0x50,0x52,0x53,0x54,0x56,0x58,0x59,0x5a
.byte 0x47,0x6f,0x74,0x20,0x70,0x61,0x73,0x73,0x77,0x6f,0x72,0x64,0x20,0x25,0x73,0x0a
.byte 0x00,0x00,0x00,0x00
.globl _GEX_DATA_0045abfc
_GEX_DATA_0045abfc:
.byte 0x47,0x6f,0x74,0x20,0x6c,0x65,0x76,0x65,0x6c,0x20,0x6e,0x75,0x6d,0x62,0x65,0x72
.byte 0x20,0x25,0x64,0x0a,0x00,0x00,0x00,0x00
.globl _GEX_DATA_0045ac14
_GEX_DATA_0045ac14:
.byte 0x46,0x6f,0x75,0x6e,0x64,0x20,0x6c,0x65,0x76,0x65,0x6c,0x20,0x6e,0x75,0x6d,0x62
.byte 0x65,0x72,0x20,0x25,0x64,0x0a,0x00,0x00
.globl _GEX_DATA_0045ac2c
_GEX_DATA_0045ac2c:
.byte 0x73,0x69,0x7a,0x65,0x6f,0x66,0x20,0x6d,0x61,0x69,0x6e,0x5f,0x6d,0x61,0x70,0x20
.byte 0x3d,0x20,0x25,0x64,0x0a,0x00,0x00,0x00
.globl _GEX_DATA_0045ac44
_GEX_DATA_0045ac44:
.byte 0x73,0x74,0x72,0x65,0x61,0x6d,0x20,0x76,0x61,0x6c,0x75,0x65,0x20,0x6e,0x6f,0x77
.byte 0x20,0x3d,0x20,0x25,0x32,0x78,0x0a,0x00
.globl _GEX_DATA_0045ac5c
_GEX_DATA_0045ac5c:
.byte 0x45,0x72,0x72,0x6f,0x72,0x3a,0x20,0x6e,0x75,0x6d,0x62,0x69,0x74,0x73,0x20,0x25
.byte 0x64,0x20,0x74,0x6f,0x6f,0x20,0x73,0x6d,0x61,0x6c,0x6c,0x20,0x66,0x6f,0x72,0x20
.byte 0x76,0x61,0x6c,0x75,0x65,0x20,0x25,0x64,0x0a,0x00,0x00,0x00
.globl _GEX_DATA_0045ac88
_GEX_DATA_0045ac88:
.byte 0x50,0x75,0x74,0x20,0x76,0x61,0x6c,0x75,0x65,0x20,0x25,0x64,0x20,0x25,0x64,0x20
.byte 0x25,0x64,0x20,0x25,0x32,0x78,0x20,0x28,0x61,0x64,0x64,0x72,0x20,0x3d,0x20,0x25
.byte 0x78,0x29,0x0a,0x00
.globl _GEX_DATA_0045acac
_GEX_DATA_0045acac:
.byte 0x46,0x6f,0x75,0x6e,0x64,0x20,0x76,0x61,0x6c,0x75,0x65,0x20,0x25,0x64,0x0a,0x00
.byte 0x00,0x00,0x00,0x00
.globl _GEX_DATA_0045acc0
_GEX_DATA_0045acc0:
.byte 0xff,0xff,0xff,0xff
.globl _GEX_DATA_0045acc4
_GEX_DATA_0045acc4:
.zero 4
.globl _GEX_DATA_0045acc8
_GEX_DATA_0045acc8:
.byte 0x80,0x10,0x80,0x13,0x80,0x1c,0x80,0x1f
.globl _GEX_DATA_0045acd0
_GEX_DATA_0045acd0:
.byte 0x67,0x00,0x00,0x00,0x34,0x00,0x00,0x00,0x3a,0x00,0x00,0x00,0x47,0x00,0x00,0x00
.byte 0x52,0x00,0x00,0x00,0x52,0x00,0x00,0x00,0x5a,0x00,0x00,0x00,0x68,0x00,0x00,0x00
.globl _GEX_DATA_0045acf0
_GEX_DATA_0045acf0:
.zero 4
.globl _GEX_DATA_0045acf4
_GEX_DATA_0045acf4:
.byte 0x05,0x00,0x00,0x00
.globl _GEX_DATA_0045acf8
_GEX_DATA_0045acf8:
.byte 0x2d,0x00,0x00,0x00,0x00,0x00,0x00,0x00
.globl _GEX_DATA_0045ad00
_GEX_DATA_0045ad00:
.byte 0x01,0x00,0x00,0x00,0x06,0x00,0x00,0x00,0x0d,0x00,0x00,0x00,0x0b,0x00,0x00,0x00
.byte 0x08,0x00,0x00,0x00,0x08,0x00,0x00,0x00,0x0d,0x00,0x00,0x00,0x0e,0x00,0x00,0x00
.globl _GEX_DATA_0045ad20
_GEX_DATA_0045ad20:
.byte 0x05,0x00,0x00,0x00
.globl _GEX_DATA_0045ad24
_GEX_DATA_0045ad24:
.byte 0x28,0x00,0x00,0x00
.globl _GEX_DATA_0045ad28
_GEX_DATA_0045ad28:
.byte 0x07,0x00,0x00,0x00,0x00,0x00,0x00,0x00
.globl _GEX_DATA_0045ad30
_GEX_DATA_0045ad30:
.byte 0x33,0x00,0x00,0x00,0x87,0x00,0x00,0x00,0x93,0x00,0x00,0x00,0x7b,0x00,0x00,0x00
.byte 0x8d,0x00,0x00,0x00,0x8d,0x00,0x00,0x00,0x81,0x00,0x00,0x00,0x9f,0x00,0x00,0x00
.byte 0x76,0x00,0x00,0x00,0x00,0x00,0x00,0x00
.globl _GEX_DATA_0045ad58
_GEX_DATA_0045ad58:
.byte 0x33,0x00,0x00,0x00,0x83,0x00,0x00,0x00,0x8b,0x00,0x00,0x00,0x7b,0x00,0x00,0x00
.byte 0x87,0x00,0x00,0x00,0x87,0x00,0x00,0x00,0x7f,0x00,0x00,0x00,0x93,0x00,0x00,0x00
.byte 0x76,0x00,0x00,0x00,0x00,0x00,0x00,0x00
.globl _GEX_DATA_0045ad80
_GEX_DATA_0045ad80:
.byte 0x01,0x00,0x00,0x00,0x06,0x00,0x00,0x00,0x06,0x00,0x00,0x00,0x06,0x00,0x00,0x00
.byte 0x06,0x00,0x00,0x00,0x06,0x00,0x00,0x00,0x06,0x00,0x00,0x00,0x06,0x00,0x00,0x00
.byte 0x05,0x00,0x00,0x00,0x00,0x00,0x00,0x00
.globl _GEX_DATA_0045ada8
_GEX_DATA_0045ada8:
.byte 0x01,0x00,0x00,0x00,0x04,0x00,0x00,0x00,0x04,0x00,0x00,0x00,0x04,0x00,0x00,0x00
.byte 0x04,0x00,0x00,0x00,0x04,0x00,0x00,0x00,0x04,0x00,0x00,0x00,0x04,0x00,0x00,0x00
.byte 0x05,0x00,0x00,0x00,0x00,0x00,0x00,0x00
.globl _GEX_DATA_0045add0
_GEX_DATA_0045add0:
.byte 0x9d,0x00,0x00,0x00,0x9e,0x00,0x00,0x00,0x9f,0x00,0x00,0x00,0xa3,0x00,0x00,0x00
.byte 0xa2,0x00,0x00,0x00,0xa2,0x00,0x00,0x00,0xa1,0x00,0x00,0x00,0xa2,0x00,0x00,0x00
.byte 0x97,0x00,0x00,0x00
.globl _GEX_DATA_0045adf4
_GEX_DATA_0045adf4:
.byte 0x00,0x80,0xff,0xff
.globl _GEX_DATA_0045adf8
_GEX_DATA_0045adf8:
.byte 0x04,0x08,0x10,0x00,0x00,0x00,0x00
.globl _GEX_DATA_0045adff
_GEX_DATA_0045adff:
.byte 0x00,0x00,0x00,0x00,0x06,0x07,0x08,0x03,0x04,0x05,0x0c,0x0d,0x0e,0x09,0x0a,0x0b
.byte 0x0f,0x10,0x11,0x00,0x01,0x02,0x00,0x00,0x00
.globl _GEX_DATA_0045ae18
_GEX_DATA_0045ae18:
.byte 0x00,0x00,0xfd,0xff,0x00,0x00,0x00,0x00,0x00,0x00,0xfe,0xff,0x00,0x00,0xfe,0xff
.byte 0x00,0x00,0x00,0x00,0x00,0x00,0xfd,0xff,0x00,0x00,0x02,0x00,0x00,0x00,0xfe,0xff
.byte 0x00,0x00,0x03,0x00,0x00,0x00,0x00,0x00,0x00,0x00,0x02,0x00,0x00,0x00,0x02,0x00
.byte 0x00,0x00,0x00,0x00,0x00,0x00,0x03,0x00,0x00,0x00,0xfe,0xff,0x00,0x00,0x02,0x00
.globl _GEX_DATA_0045ae58
_GEX_DATA_0045ae58:
.byte 0x80,0x1f,0x00,0x00,0x80,0x13,0x00,0x00,0x80,0x1b,0x00,0x00,0x80,0x1f,0x00,0x00
.byte 0xc0,0x9b,0x00,0x00,0xc0,0x98,0x00,0x00,0xc0,0x97,0x00,0x00,0x00,0x00,0x00,0x00
.globl _GEX_DATA_0045ae78
_GEX_DATA_0045ae78:
.byte 0x14,0x00,0x00,0x00,0x00,0x00,0x00,0x00,0x80,0x00,0x80,0x03,0x80,0x04,0x80,0x07
.byte 0x80,0x08,0x80,0x0b,0x80,0x0c,0x80,0x0f,0x80,0x10,0x80,0x13,0x80,0x14,0x80,0x17
.byte 0x80,0x18,0x80,0x1b,0x80,0x1c,0x80,0x1f,0x80,0x18,0x80,0x1b,0x80,0x14,0x80,0x17
.byte 0x80,0x10,0x80,0x13,0x80,0x0c,0x80,0x0f,0x80,0x08,0x80,0x0b,0x80,0x04,0x80,0x07
.byte 0x00,0x00,0x00,0x00,0x00,0x00,0x00,0x00,0x00,0x00,0x00,0x00,0x00,0x00,0x00,0x00
.byte 0x00,0x00,0x00,0x00
.globl _GEX_DATA_0045aecc
_GEX_DATA_0045aecc:
.zero 4
.globl _GEX_DATA_0045aed0
_GEX_DATA_0045aed0:
.byte 0x00,0x40,0x00,0x00
.globl _GEX_DATA_0045aed4
_GEX_DATA_0045aed4:
.byte 0x45,0x52,0x52,0x4f,0x52,0x3a,0x20,0x52,0x65,0x6d,0x6f,0x74,0x65,0x20,0x69,0x73
.byte 0x20,0x6e,0x6f,0x74,0x20,0x66,0x6f,0x72,0x20,0x54,0x56,0x20,0x69,0x6e,0x20,0x74
.byte 0x68,0x69,0x73,0x20,0x6c,0x65,0x76,0x65,0x6c,0x21,0x21,0x21,0x0a,0x00,0x00,0x00
.globl _GEX_DATA_0045af04
_GEX_DATA_0045af04:
.byte 0x45,0x52,0x52,0x4f,0x52,0x3a,0x20,0x43,0x6f,0x75,0x6c,0x64,0x6e,0x27,0x74,0x20
.byte 0x66,0x69,0x6e,0x64,0x20,0x47,0x58,0x20,0x6f,0x6e,0x20,0x6d,0x61,0x70,0x0a,0x00
.globl _GEX_DATA_0045af24
_GEX_DATA_0045af24:
.byte 0x45,0x52,0x52,0x4f,0x52,0x3a,0x43,0x6f,0x75,0x6c,0x64,0x6e,0x27,0x74,0x20,0x63
.byte 0x72,0x65,0x61,0x74,0x65,0x20,0x62,0x61,0x72,0x20,0x6f,0x62,0x6a,0x65,0x63,0x74
.byte 0x0a,0x00,0x00,0x00,0x50,0x61,0x74,0x68,0x20,0x25,0x6c,0x64,0x27,0x73,0x20,0x64
.byte 0x65,0x73,0x74,0x69,0x6e,0x61,0x74,0x69,0x6f,0x6e,0x20,0x54,0x56,0x20,0x25,0x6c
.byte 0x64,0x20,0x64,0x6f,0x65,0x73,0x20,0x6e,0x6f,0x74,0x20,0x65,0x78,0x69,0x73,0x74
.byte 0x0a,0x00,0x00,0x00,0x54,0x56,0x20,0x25,0x6c,0x64,0x27,0x73,0x20,0x70,0x61,0x74
.byte 0x68,0x20,0x25,0x6c,0x64,0x20,0x64,0x6f,0x65,0x73,0x20,0x6e,0x6f,0x74,0x20,0x65
.byte 0x78,0x69,0x73,0x74,0x0a,0x00,0x00,0x00
.globl _GEX_DATA_0045af9c
_GEX_DATA_0045af9c:
.byte 0x45,0x52,0x52,0x4f,0x52,0x3a,0x20,0x43,0x6f,0x75,0x6c,0x64,0x6e,0x27,0x74,0x20
.byte 0x66,0x69,0x6e,0x64,0x20,0x54,0x56,0x20,0x66,0x6f,0x72,0x20,0x6c,0x65,0x76,0x65
.byte 0x6c,0x20,0x23,0x25,0x6c,0x64,0x0a,0x00,0x00,0x00,0x00,0x00
.globl _GEX_DATA_0045afc8
_GEX_DATA_0045afc8:
.byte 0x00,0x00,0x00,0x00,0x00,0x00,0x01,0x00,0x00,0x00,0x00,0x00,0x00,0x00,0x00,0x00
.globl _GEX_DATA_0045afd8
_GEX_DATA_0045afd8:
.byte 0x00,0x00,0x00,0x00,0x00,0x00,0x01,0x00,0x00,0x00,0x00,0x00,0x00,0x00,0x00,0x00
.globl _GEX_DATA_0045afe8
_GEX_DATA_0045afe8:
.zero 16
.globl _GEX_DATA_0045aff8
_GEX_DATA_0045aff8:
.byte 0x00,0x00,0x00,0x00,0x00,0x00,0x04,0x00,0x00,0x00,0x00,0x00,0x00,0x00,0x00,0x00
.globl _GEX_DATA_0045b008
_GEX_DATA_0045b008:
.zero 4
.globl _GEX_DATA_0045b00c
_GEX_DATA_0045b00c:
.byte 0x00,0x00,0x0b,0x00,0x05,0x00,0x00,0x00,0x00,0x00,0x00,0x00,0x00,0x00,0x0c,0x00
.byte 0x07,0x00,0x00,0x00,0x00,0x00,0x00,0x00,0x00,0x00,0x0d,0x00,0x09,0x00,0x00,0x00
.byte 0x00,0x00,0x00,0x00,0x00,0x00,0x0f,0x00,0x0b,0x00,0x00,0x00
.globl _GEX_DATA_0045b038
_GEX_DATA_0045b038:
.byte 0x00,0x00,0x04,0x00,0x00,0x00,0xfc,0xff,0x02,0x00,0x00,0x00,0x00,0x00,0x07,0x00
.byte 0x00,0x00,0xfa,0xff,0x04,0x00,0x00,0x00,0x00,0x00,0x0a,0x00,0x00,0x00,0xf8,0xff
.byte 0x06,0x00,0x00,0x00,0x00,0x00,0x0d,0x00,0x00,0x00,0xf6,0xff,0x08,0x00,0x00,0x00
.globl _GEX_DATA_0045b068
_GEX_DATA_0045b068:
.byte 0x52,0x65,0x6d,0x6f,0x76,0x65,0x20,0x74,0x68,0x69,0x73,0x20,0x74,0x69,0x6c,0x65
.byte 0x21,0x21,0x20,0x61,0x74,0x20,0x28,0x25,0x6c,0x64,0x2c,0x20,0x25,0x6c,0x64,0x29
.byte 0x0a,0x00,0x00,0x00
.globl _GEX_DATA_0045b08c
_GEX_DATA_0045b08c:
.byte 0x00,0xf0,0xff,0xff
.globl _GEX_DATA_0045b090
_GEX_DATA_0045b090:
.byte 0x0a,0x00,0x00,0x00,0x00,0x00,0x00,0x00
.globl _GEX_DATA_0045b098
_GEX_DATA_0045b098:
.byte 0xff,0xff,0xff,0xff
.globl _GEX_DATA_0045b09c
_GEX_DATA_0045b09c:
.zero 4
.globl _GEX_DATA_0045b0a0
_GEX_DATA_0045b0a0:
.zero 4
.globl _GEX_DATA_0045b0a4
_GEX_DATA_0045b0a4:
.zero 4
.globl _GEX_DATA_0045b0a8
_GEX_DATA_0045b0a8:
.zero 4
.globl _GEX_DATA_0045b0ac
_GEX_DATA_0045b0ac:
.zero 4
.globl _GEX_DATA_0045b0b0
_GEX_DATA_0045b0b0:
.byte 0x01,0x00,0x00,0x00,0x02,0x00,0x00,0x00,0x03,0x00,0x00,0x00,0x02,0x00,0x00,0x00
.byte 0x01,0x00,0x00,0x00,0xff,0xff,0xff,0xff,0xfe,0xff,0xff,0xff,0xfd,0xff,0xff,0xff
.byte 0xfe,0xff,0xff,0xff,0xff,0xff,0xff,0xff,0x7e,0x01,0x00,0x00,0xbe,0x01,0x00,0x00
.byte 0x00,0x02,0x00,0x00,0x42,0x02,0x00,0x00,0x80,0x02,0x00,0x00,0xbe,0x02,0x00,0x00
.byte 0x00,0x00,0x00,0x00,0x00,0x00,0x00,0x00,0x00,0x00,0x00,0x00,0x00,0x00,0x00,0x00
.globl _GEX_DATA_0045b100
_GEX_DATA_0045b100:
.zero 4
.globl _GEX_DATA_0045b104
_GEX_DATA_0045b104:
.byte 0x00,0x00,0x30,0x03
.globl _GEX_DATA_0045b108
_GEX_DATA_0045b108:
.byte 0x00,0x00,0x20,0x02
.globl _GEX_DATA_0045b10c
_GEX_DATA_0045b10c:
.zero 4
.globl _GEX_DATA_0045b110
_GEX_DATA_0045b110:
.zero 4
.globl _GEX_DATA_0045b114
_GEX_DATA_0045b114:
.zero 4
.globl _GEX_DATA_0045b118
_GEX_DATA_0045b118:
.byte 0x00,0x00,0x01,0x00
.globl _GEX_DATA_0045b11c
_GEX_DATA_0045b11c:
.byte 0x00,0x00,0x02,0x00
.globl _GEX_DATA_0045b120
_GEX_DATA_0045b120:
.zero 4
.globl _GEX_DATA_0045b124
_GEX_DATA_0045b124:
.zero 4
.globl _GEX_DATA_0045b128
_GEX_DATA_0045b128:
.zero 4
.globl _GEX_DATA_0045b12c
_GEX_DATA_0045b12c:
.zero 4
.globl _GEX_DATA_0045b130
_GEX_DATA_0045b130:
.zero 4
.globl _GEX_DATA_0045b134
_GEX_DATA_0045b134:
.zero 4
.globl _GEX_DATA_0045b138
_GEX_DATA_0045b138:
.zero 4
.globl _GEX_DATA_0045b13c
_GEX_DATA_0045b13c:
.zero 4
.globl _GEX_DATA_0045b140
_GEX_DATA_0045b140:
.byte 0x44,0x61,0x6d,0x61,0x67,0x65,0x20,0x54,0x6f,0x20,0x47,0x45,0x58,0x0a,0x00,0x00
.globl _GEX_DATA_0045b150
_GEX_DATA_0045b150:
.byte 0x02,0x00,0x00,0x00,0x00,0x00,0x00,0x00
.globl _GEX_DATA_0045b158
_GEX_DATA_0045b158:
.byte 0x00,0x00,0xff,0xff,0x00,0x00,0xbd,0xef,0xbd,0xe7,0xbd,0xdf,0xbe,0xd7,0xbe,0xcf
.byte 0xde,0xc7,0xde,0xbf,0xde,0xb3,0xde,0xab,0xde,0xa3,0xdf,0x9b,0xdf,0x93,0xdf,0x87
.byte 0xdf,0x83,0x9f,0x83,0x5f,0x83,0x3f,0x83,0xff,0x82,0xbf,0x82,0x7f,0x82,0x3f,0x82
.byte 0xff,0x81,0xdf,0x81,0x9f,0x81,0x5f,0x81,0x1f,0x81,0xdf,0x80,0xbf,0x80,0x7f,0x80
.byte 0x3f,0x80,0x1f,0x80,0x1d,0x80,0x1c,0x80,0x1a,0x80,0x19,0x80,0x17,0x80,0x14,0x80
.byte 0x13,0x80,0x11,0x80,0x0e,0x80,0x0b,0x80,0x08,0x80,0x08,0x80,0x08,0x80,0x08,0x80
.byte 0x08,0x80,0x08,0x80,0x08,0x80,0x08,0x80,0x08,0x80,0x08,0x80,0x08,0x80,0x08,0x80
.byte 0x08,0x80,0x08,0x80,0x00,0x80,0x00,0x80,0x00,0x80,0x00,0x80,0x00,0x80,0x00,0x80
.byte 0x00,0x80,0x00,0x80,0x00,0x80,0x00,0x80,0x00,0x80,0x00,0x80,0x00,0x80,0x00,0x80
.byte 0x00,0x80,0x00,0x80,0x00,0x80,0x00,0x80,0x00,0x80,0x00,0x80,0x00,0x80,0x00,0x80
.byte 0x00,0x80,0x00,0x80,0x00,0x80,0x00,0x80,0x00,0x80,0x00,0x80,0x00,0x80,0x00,0x80
.byte 0x00,0x80,0x00,0x80,0xff,0xff,0x00,0x00
.globl _GEX_DATA_0045b210
_GEX_DATA_0045b210:
.long _GEX_DATA_0045b158
.byte 0x00,0x00,0x00,0x00,0x00,0x00,0xff,0xff,0x00,0x00,0xff,0xff,0xff,0xff,0xff,0xff
.byte 0xff,0xff,0xff,0xff,0xff,0xff,0xff,0xff,0xff,0xff,0xff,0xff,0xff,0xff,0xff,0xff
.byte 0xff,0xff,0xff,0xff,0xff,0xff,0xff,0xff,0x00,0x00,0x00,0x00,0x00,0x00,0xff,0xff
.byte 0x00,0x00,0x00,0x80,0x00,0x80,0x00,0x80,0x00,0x80,0x00,0x80,0x00,0x80,0x00,0x80
.byte 0x00,0x80,0x00,0x80,0x00,0x80,0x00,0x80,0x00,0x80,0x00,0x80,0x00,0x80,0x00,0x80
.byte 0x00,0x00,0x00,0x00
.globl _GEX_DATA_0045b268
_GEX_DATA_0045b268:
.byte 0x00,0x00,0xfc,0xff,0x00,0x00,0xfd,0xff,0x00,0x80,0xff,0xff,0x00,0x00,0xfc,0xff
.byte 0x00,0x00,0x04,0x00,0x00,0x80,0xfc,0xff,0x00,0x80,0xfb,0xff,0x00,0x80,0xfd,0xff
.byte 0x00,0x00,0xfe,0xff,0x00,0x00,0xfd,0xff,0x00,0x80,0x01,0x00,0x00,0x80,0xfc,0xff
.byte 0x00,0x80,0x04,0x00,0x00,0x00,0xfd,0xff,0x00,0x00,0xfb,0xff,0x00,0x00,0xfe,0xff
.byte 0x00,0x80,0xfc,0xff,0x00,0x00,0xfd,0xff,0x00,0x00,0x02,0x00,0x00,0x00,0xfc,0xff
.byte 0x00,0x00,0x05,0x00,0x00,0x80,0xfd,0xff,0x00,0x80,0xfa,0xff,0x00,0x00,0xff,0xff
.byte 0x00,0x80,0xfe,0xff,0x00,0x80,0xff,0xff,0x00,0x80,0x02,0x00,0x00,0x00,0xff,0xff
.byte 0x00,0x00,0x06,0x00,0x00,0x80,0xfe,0xff,0x00,0x00,0xff,0xff
.globl _GEX_DATA_0045b2e4
_GEX_DATA_0045b2e4:
.byte 0x00,0x00,0x00,0xfc,0x00,0xfc,0x00,0xfc,0x00,0xfc,0x00,0xfc,0x00,0xfc,0x00,0xfc
.byte 0x00,0xfc,0x00,0xfc,0x00,0xfc,0x00,0xfc,0x00,0xfc,0x00,0xfc,0x00,0xfc,0x00,0xfc
.byte 0x00,0xfc,0x00,0xfc,0x00,0xfc,0x00,0xfc,0x00,0xfc,0x00,0xfc,0x00,0xfc,0x00,0xfc
.byte 0x00,0xfc,0x00,0xfc,0x00,0xfc,0x00,0xfc,0x00,0xfc,0x00,0xfc,0x00,0xfc,0x00,0xfc
.byte 0xff,0xff,0x00,0x00,0x00,0x00,0xd2,0xff
.globl _GEX_DATA_0045b32c
_GEX_DATA_0045b32c:
.byte 0x00,0x00,0xd8,0xff,0x00,0x00,0xff,0xff,0x00,0x00,0xfe,0xff,0x00,0x00,0xd2,0xff
.byte 0x00,0x00,0xf1,0xff,0x00,0x00,0xff,0xff,0x00,0x00,0xff,0xff,0x00,0x00,0xd2,0xff
.byte 0x00,0x00,0x0f,0x00,0x00,0x00,0xfe,0xff,0x00,0x00,0x00,0x00,0x00,0x00,0xd2,0xff
.byte 0x00,0x00,0x28,0x00,0x00,0x00,0xfe,0xff,0x00,0x00,0x01,0x00,0x00,0x00,0x2e,0x00
.byte 0x00,0x00,0xdd,0xff,0x00,0x00,0x01,0x00,0x00,0x00,0xfe,0xff,0x00,0x00,0x2e,0x00
.byte 0x00,0x00,0xf6,0xff,0x00,0x00,0x01,0x00,0x00,0x00,0xff,0xff,0x00,0x00,0x2e,0x00
.byte 0x00,0x00,0x14,0x00,0x00,0x00,0x02,0x00,0x00,0x00,0x00,0x00,0x00,0x00,0x2e,0x00
.byte 0x00,0x00,0x2d,0x00,0x00,0x00,0x02,0x00,0x00,0x00,0x01,0x00
.globl _GEX_DATA_0045b3a8
_GEX_DATA_0045b3a8:
.byte 0x45,0x56,0x45,0x4e
.globl _GEX_DATA_0045b3ac
_GEX_DATA_0045b3ac:
.byte 0x54,0x5f,0x52,0x45,0x4d,0x4f,0x56,0x45,0x44,0x00,0x00,0x00
.globl _GEX_DATA_0045b3b8
_GEX_DATA_0045b3b8:
.byte 0x45,0x56,0x45,0x4e,0x54,0x5f,0x57,0x41,0x4c,0x4c,0x42,0x52,0x45,0x41,0x4b,0x00
.globl _GEX_DATA_0045b3c8
_GEX_DATA_0045b3c8:
.byte 0x45,0x56,0x45,0x4e,0x54,0x5f,0x56,0x4f,0x49,0x43,0x45,0x46,0x49,0x4e,0x49,0x53
.byte 0x48,0x45,0x44,0x00
.globl _GEX_DATA_0045b3dc
_GEX_DATA_0045b3dc:
.byte 0x45,0x56,0x45,0x4e,0x54,0x5f,0x42,0x55,0x54,0x54,0x4f,0x4e,0x50,0x52,0x45,0x53
.byte 0x53,0x45,0x44,0x00
.globl _GEX_DATA_0045b3f0
_GEX_DATA_0045b3f0:
.byte 0x45,0x56,0x45,0x4e,0x54,0x5f,0x46,0x4c,0x41,0x4d,0x45,0x44,0x00,0x00,0x00,0x00
.globl _GEX_DATA_0045b400
_GEX_DATA_0045b400:
.byte 0x45,0x56,0x45,0x4e,0x54,0x5f,0x43,0x4f,0x4e,0x54,0x4f,0x55,0x52,0x47,0x4f,0x4e
.byte 0x45,0x00,0x00,0x00
.globl _GEX_DATA_0045b414
_GEX_DATA_0045b414:
.byte 0x45,0x56,0x45,0x4e,0x54,0x5f,0x48,0x49,0x54,0x43,0x4f,0x4e,0x54,0x4f,0x55,0x52
.byte 0x00,0x00,0x00,0x00
.globl _GEX_DATA_0045b428
_GEX_DATA_0045b428:
.byte 0x45,0x56,0x45,0x4e,0x54,0x5f,0x48,0x49,0x54,0x4d,0x4f,0x4e,0x53,0x54,0x45,0x52
.byte 0x00,0x00,0x00,0x00
.globl _GEX_DATA_0045b43c
_GEX_DATA_0045b43c:
.byte 0x45,0x56,0x45,0x4e,0x54,0x5f,0x57,0x48,0x41,0x43,0x4b,0x45,0x44,0x00,0x00,0x00
.globl _GEX_DATA_0045b44c
_GEX_DATA_0045b44c:
.byte 0x45,0x56,0x45,0x4e,0x54,0x5f,0x45,0x4e,0x44,0x50,0x41,0x54,0x48,0x00,0x00,0x00
.globl _GEX_DATA_0045b45c
_GEX_DATA_0045b45c:
.byte 0x45,0x56,0x45,0x4e,0x54,0x5f,0x48,0x49,0x54,0x50,0x4c,0x41,0x54,0x00,0x00,0x00
.globl _GEX_DATA_0045b46c
_GEX_DATA_0045b46c:
.byte 0x45,0x56,0x45,0x4e,0x54,0x5f,0x47,0x4f,0x54,0x53,0x50,0x49,0x54,0x00,0x00,0x00
.globl _GEX_DATA_0045b47c
_GEX_DATA_0045b47c:
.byte 0x45,0x56,0x45,0x4e,0x54,0x5f,0x54,0x4f,0x50,0x57,0x41,0x4c,0x4c,0x00,0x00,0x00
.globl _GEX_DATA_0045b48c
_GEX_DATA_0045b48c:
.byte 0x45,0x56,0x45,0x4e,0x54,0x5f,0x48,0x49,0x54,0x47,0x58,0x00
.globl _GEX_DATA_0045b498
_GEX_DATA_0045b498:
.byte 0x45,0x56,0x45,0x4e,0x54,0x5f,0x48,0x49,0x54,0x43,0x45,0x49,0x4c,0x49,0x4e,0x47
.byte 0x00,0x00,0x00,0x00
.globl _GEX_DATA_0045b4ac
_GEX_DATA_0045b4ac:
.byte 0x45,0x56,0x45,0x4e,0x54,0x5f,0x50,0x43,0x41,0x4c,0x4c,0x00
.globl _GEX_DATA_0045b4b8
_GEX_DATA_0045b4b8:
.byte 0x45,0x56,0x45,0x4e,0x54,0x5f,0x34,0x35,0x4c,0x45,0x46,0x54,0x00,0x00,0x00,0x00
.globl _GEX_DATA_0045b4c8
_GEX_DATA_0045b4c8:
.byte 0x45,0x56,0x45,0x4e,0x54,0x5f,0x34,0x35,0x52,0x49,0x47,0x48,0x54,0x00,0x00,0x00
.globl _GEX_DATA_0045b4d8
_GEX_DATA_0045b4d8:
.byte 0x45,0x56,0x45,0x4e,0x54,0x5f,0x4c,0x45,0x44,0x47,0x45,0x4c,0x45,0x46,0x54,0x00
.globl _GEX_DATA_0045b4e8
_GEX_DATA_0045b4e8:
.byte 0x45,0x56,0x45,0x4e,0x54,0x5f,0x4c,0x45,0x44,0x47,0x45,0x52,0x49,0x47,0x48,0x54
.byte 0x00,0x00,0x00,0x00
.globl _GEX_DATA_0045b4fc
_GEX_DATA_0045b4fc:
.byte 0x45,0x56,0x45,0x4e,0x54,0x5f,0x48,0x49,0x54,0x34,0x35,0x44,0x4f,0x57,0x4e,0x00
.globl _GEX_DATA_0045b50c
_GEX_DATA_0045b50c:
.byte 0x45,0x56,0x45,0x4e,0x54,0x5f,0x48,0x49,0x54,0x34,0x35,0x55,0x50,0x00,0x00,0x00
.globl _GEX_DATA_0045b51c
_GEX_DATA_0045b51c:
.byte 0x45,0x56,0x45,0x4e,0x54,0x5f,0x48,0x49,0x54,0x47,0x52,0x4f,0x55,0x4e,0x44,0x00
.globl _GEX_DATA_0045b52c
_GEX_DATA_0045b52c:
.byte 0x45,0x56,0x45,0x4e,0x54,0x5f,0x48,0x49,0x54,0x4c,0x45,0x46,0x54,0x00,0x00,0x00
.globl _GEX_DATA_0045b53c
_GEX_DATA_0045b53c:
.byte 0x45,0x56,0x45,0x4e,0x54,0x5f,0x48,0x49,0x54,0x52,0x49,0x47,0x48,0x54,0x00,0x00
.globl _GEX_DATA_0045b54c
_GEX_DATA_0045b54c:
.byte 0x45,0x56,0x45,0x4e,0x54,0x5f,0x47,0x58,0x48,0x49,0x54,0x00
.globl _GEX_DATA_0045b558
_GEX_DATA_0045b558:
.byte 0x53,0x43,0x52,0x49,0x50,0x54,0x20,0x31,0x00,0x00,0x00,0x00
.globl _GEX_DATA_0045b564
_GEX_DATA_0045b564:
.byte 0x53,0x43,0x52,0x49,0x50,0x54,0x20,0x32,0x00,0x00,0x00,0x00
.globl _GEX_DATA_0045b570
_GEX_DATA_0045b570:
.zero 8
.long _GEX_DATA_0045b564
.globl _GEX_DATA_0045b57c
_GEX_DATA_0045b57c:
.long _GEX_DATA_0045b558
.long _GEX_DATA_0045b54c
.long _GEX_DATA_0045b53c
.long _GEX_DATA_0045b52c
.long _GEX_DATA_0045b51c
.long _GEX_DATA_0045b50c
.long _GEX_DATA_0045b4fc
.long _GEX_DATA_0045b4e8
.long _GEX_DATA_0045b4d8
.long _GEX_DATA_0045b4c8
.long _GEX_DATA_0045b4b8
.long _GEX_DATA_0045b4ac
.long _GEX_DATA_0045b498
.long _GEX_DATA_0045b48c
.long _GEX_DATA_0045b47c
.long _GEX_DATA_0045b46c
.long _GEX_DATA_0045b45c
.long _GEX_DATA_0045b44c
.long _GEX_DATA_0045b43c
.long _GEX_DATA_0045b428
.long _GEX_DATA_0045b414
.long _GEX_DATA_0045b400
.long _GEX_DATA_0045b3f0
.long _GEX_DATA_0045b3dc
.long _GEX_DATA_0045b3c8
.long _GEX_DATA_0045b3b8
.long _GEX_DATA_0045b3a8
.globl _GEX_DATA_0045b5e8
_GEX_DATA_0045b5e8:
.byte 0x03,0x00,0x00,0x00
.globl _GEX_DATA_0045b5ec
_GEX_DATA_0045b5ec:
.zero 4
.globl _GEX_DATA_0045b5f0
_GEX_DATA_0045b5f0:
.byte 0x53,0x63,0x72,0x69,0x70,0x74,0x20,0x66,0x6f,0x72,0x20,0x27,0x25,0x73,0x27,0x20
.byte 0x61,0x74,0x20,0x25,0x70,0x0a,0x00,0x00
.globl _GEX_DATA_0045b608
_GEX_DATA_0045b608:
.long _GEX_FN_004344a0
.long _GEX_FN_004344d0
.long _GEX_FN_00434550
.zero 4
.globl _GEX_DATA_0045b618
_GEX_DATA_0045b618:
.long _GEX_FN_00434260
.long _GEX_FN_004344b0
.long _GEX_FN_00434540
.byte 0x00,0x00,0x00,0x00,0xff,0xff,0xff,0xff,0x01,0x00,0x00,0x00,0x02,0x00,0x00,0x00
.byte 0xff,0xff,0xff,0xff,0x00,0x00,0x00,0x00,0x01,0x00,0x00,0x00,0x02,0x00,0x00,0x00
.byte 0xff,0xff,0xff,0xff,0x03,0x00,0x00,0x00,0x01,0x00,0x00,0x00,0x02,0x00,0x00,0x00
.byte 0xff,0xff,0xff,0xff,0xff,0xff,0xff,0xff,0xff,0xff,0xff,0xff,0xff,0xff,0xff,0xff
.byte 0xff,0xff,0xff,0xff,0xff,0xff,0xff,0xff,0x01,0x00,0x00,0x00,0x02,0x00,0x00,0x00
.byte 0xff,0xff,0xff,0xff,0x00,0x00,0x00,0x00,0x00,0x00,0x00,0x00,0x00,0x00,0x00,0x00
.byte 0xff,0xff,0xff,0xff,0x03,0x00,0x00,0x00,0x03,0x00,0x00,0x00,0x03,0x00,0x00,0x00
.byte 0xff,0xff,0xff,0xff,0xff,0xff,0xff,0xff,0xff,0xff,0xff,0xff,0xff,0xff,0xff,0xff
.byte 0xff,0xff,0xff,0xff,0x6f,0x74,0x68,0x65,0x72,0x4f,0x62,0x2d,0x3e,0x67,0x6f,0x62
.byte 0x5f,0x79,0x56,0x65,0x6c,0x20,0x3d,0x20,0x25,0x6c,0x64,0x0a,0x00,0x00,0x00,0x00
.byte 0x20,0x20,0x20,0x20,0x20,0x20,0x20,0x20,0x20,0x20,0x20,0x74,0x6f,0x70,0x6f,0x6c
.byte 0x64,0x20,0x3d,0x20,0x25,0x6c,0x64,0x0a,0x00,0x00,0x00,0x00,0x20,0x20,0x20,0x20
.byte 0x20,0x20,0x20,0x20,0x20,0x20,0x20,0x20,0x20,0x20,0x74,0x6f,0x70,0x20,0x3d,0x20
.byte 0x25,0x6c,0x64,0x0a,0x00,0x00,0x00,0x00,0x6f,0x74,0x68,0x65,0x72,0x4f,0x62,0x2d
.byte 0x3e,0x67,0x6f,0x62,0x5f,0x79,0x70,0x6f,0x73,0x20,0x3d,0x20,0x25,0x6c,0x64,0x0a
.byte 0x00,0x00,0x00,0x00,0x2d,0x2d,0x2d,0x0a,0x4e,0x65,0x77,0x20,0x63,0x6f,0x6c,0x6c
.byte 0x69,0x73,0x69,0x6f,0x6e,0x00,0x00,0x00,0x2d,0x2d,0x2d,0x0a,0x70,0x6c,0x61,0x74
.byte 0x66,0x6f,0x72,0x6d,0x73,0x20,0x61,0x72,0x65,0x20,0x61,0x6c,0x72,0x65,0x61,0x64
.byte 0x79,0x20,0x63,0x6f,0x6c,0x6c,0x69,0x64,0x69,0x6e,0x67,0x00,0x42,0x61,0x64,0x20
.byte 0x43,0x6f,0x6e,0x74,0x6f,0x75,0x72,0x20,0x69,0x6e,0x20,0x4f,0x62,0x6a,0x65,0x63
.byte 0x74,0x20,0x54,0x79,0x70,0x65,0x20,0x23,0x25,0x6c,0x64,0x3a,0x20,0x4e,0x6f,0x6e
.byte 0x20,0x50,0x65,0x72,0x66,0x65,0x63,0x74,0x20,0x47,0x72,0x65,0x65,0x6e,0x20,0x70
.byte 0x69,0x78,0x65,0x6c,0x20,0x61,0x74,0x20,0x6f,0x66,0x66,0x73,0x65,0x74,0x20,0x25
.byte 0x6c,0x64,0x0a,0x00
.globl _GEX_DATA_0045b798
_GEX_DATA_0045b798:
.byte 0x00,0x00,0x08,0x00,0x00,0x00,0xe0,0xff
.globl _GEX_DATA_0045b7a0
_GEX_DATA_0045b7a0:
.byte 0x00,0x00,0x01,0x00
.globl _GEX_DATA_0045b7a4
_GEX_DATA_0045b7a4:
.byte 0x00,0x00,0xf8,0xff
.globl _GEX_DATA_0045b7a8
_GEX_DATA_0045b7a8:
.byte 0x00,0x00,0x01,0x00
.globl _GEX_DATA_0045b7ac
_GEX_DATA_0045b7ac:
.byte 0x00,0x00,0x0e,0x00
.globl _GEX_DATA_0045b7b0
_GEX_DATA_0045b7b0:
.byte 0x00,0x80,0x00,0x00
.globl _GEX_DATA_0045b7b4
_GEX_DATA_0045b7b4:
.byte 0x00,0x00,0x08,0x00
.globl _GEX_DATA_0045b7b8
_GEX_DATA_0045b7b8:
.byte 0x00,0x80,0x00,0x00,0x00,0x00,0x00,0x00
.globl _GEX_DATA_0045b7c0
_GEX_DATA_0045b7c0:
.byte 0x00,0x1f,0x00,0x1f,0x80,0x1f,0x80,0x17,0x80,0x18,0x80,0x18
.globl _GEX_DATA_0045b7cc
_GEX_DATA_0045b7cc:
.zero 4
.globl _GEX_DATA_0045b7d0
_GEX_DATA_0045b7d0:
.zero 8
.globl _GEX_DATA_0045b7d8
_GEX_DATA_0045b7d8:
.byte 0x03,0x00,0x00,0x00,0x02,0x00,0x00,0x00,0x01,0x00,0x00,0x00,0x04,0x00,0x00,0x00
.byte 0x09,0x00,0x00,0x00,0x07,0x00,0x00,0x00,0x05,0x00,0x00,0x00,0x06,0x00,0x00,0x00
.byte 0x08,0x00,0x00,0x00,0x00,0x00,0x00,0x00,0x00,0x00,0x00,0x00,0x00,0x00,0x00,0x00
.globl _GEX_DATA_0045b808
_GEX_DATA_0045b808:
.long _GEX_DATA_004a2ac8
.long _GEX_DATA_00456af0
.long _GEX_DATA_00456af4
.long _GEX_DATA_00456af8
.long _GEX_DATA_004a2964
.long _GEX_DATA_00455c3c
.long _GEX_DATA_004a2994
.long _GEX_DATA_004a2a38
.long _GEX_DATA_004a2a1c
.long _GEX_DATA_004a2948
.long _GEX_DATA_004a2a7c
.long _GEX_DATA_004a02c8
.long _GEX_DATA_004a2804
.long _GEX_DATA_004a284c
.long _GEX_DATA_004a2870
.long _GEX_DATA_004a2800
.long _GEX_DATA_004a287c
.long _GEX_DATA_004a27bc
.long _GEX_DATA_004a27cc
.long _GEX_DATA_004a27c8
.long _GEX_DATA_004a27c0
.long _GEX_DATA_004a27c4
.long _GEX_DATA_004a27d0
.long _GEX_DATA_004a23c4
.long _GEX_DATA_004a281c
.long _GEX_DATA_00456afc
.long _GEX_DATA_00456b00
.long _GEX_DATA_004a2884
.long _GEX_DATA_004a2a90
.long _GEX_DATA_004a2940
.long _GEX_DATA_00458c78
.long _GEX_DATA_00458c7c
.long _GEX_DATA_004a27f8
.long _GEX_DATA_004a282c
.long _GEX_DATA_004a2830
.long _GEX_DATA_00458c80
.long _GEX_DATA_00458c84
.long _GEX_DATA_00455b9c
.long _GEX_DATA_00455ba0
.long _GEX_DATA_00455ba4
.long _GEX_DATA_00455ba8
.long _GEX_DATA_00455bac
.long _GEX_DATA_00455bb0
.long _GEX_DATA_00455bb4
.long _GEX_DATA_00455bb8
.long _GEX_DATA_00455bbc
.long _GEX_DATA_00455bc0
.long _GEX_DATA_00455bc4
.long _GEX_DATA_00455bc8
.long _GEX_DATA_00455bcc
.long _GEX_DATA_00455bd0
.long _GEX_DATA_00455bd4
.long _GEX_DATA_00455bd8
.long _GEX_DATA_00455bdc
.long _GEX_DATA_00455be0
.long _GEX_DATA_004a2808
.long _GEX_DATA_004a02cc
.long _GEX_DATA_0045acc0
.long _GEX_DATA_00458c88
.long _GEX_DATA_004a2acc
.long _GEX_DATA_004a2a20
.long _GEX_DATA_004a2950
.long _GEX_DATA_004a2b04
.long _GEX_DATA_004a2a24
.long _GEX_DATA_00455c48
.long _GEX_DATA_004593bc
.long _GEX_DATA_004593c0
.long _GEX_DATA_004593c4
.long _GEX_DATA_004593c8
.long _GEX_DATA_00455b8c
.long _GEX_DATA_00455b90
.long _GEX_DATA_004a2ad4
.long _GEX_DATA_004a2a10
.long _GEX_DATA_004a2a04
.long _GEX_DATA_004a29a0
.long _GEX_DATA_004a2ac0
.long _GEX_DATA_004a2aa0
.long _GEX_DATA_004a27fc
.long _GEX_DATA_0045a6d0
.long _GEX_DATA_0045a6d4
.long _GEX_DATA_004a023c
.long _GEX_DATA_004a2abc
.long _GEX_DATA_004a293c
.long _GEX_DATA_004a2978
.long _GEX_DATA_00458c8c
.long _GEX_DATA_00455c4c
.long _GEX_DATA_004a2970
.long _GEX_DATA_004a27e4
.long _GEX_DATA_00456b04
.byte 0x53,0x43,0x52,0x49,0x50,0x54,0x20,0x4d,0x45,0x53,0x53,0x41,0x47,0x45,0x20,0x3a
.byte 0x20,0x25,0x73,0x0a,0x00,0x00,0x00,0x00,0x53,0x50,0x41,0x57,0x4e,0x00,0x00,0x00
.globl _GEX_DATA_0045b98c
_GEX_DATA_0045b98c:
.byte 0x53,0x43,0x52,0x49,0x50,0x54,0x20,0x45,0x52,0x52,0x4f,0x52,0x3a,0x20,0x25,0x73
.byte 0x0a,0x00,0x00,0x00
.globl _GEX_DATA_0045b9a0
_GEX_DATA_0045b9a0:
.zero 4
.globl _GEX_DATA_0045b9a4
_GEX_DATA_0045b9a4:
.zero 8
.globl _GEX_DATA_0045b9ac
_GEX_DATA_0045b9ac:
.zero 4
.globl _GEX_DATA_0045b9b0
_GEX_DATA_0045b9b0:
.byte 0x00,0x00,0x00,0x00,0x00,0x00,0x00,0x00,0x00,0x00,0x00,0x00,0x00,0x00,0x00,0x00
.byte 0x00,0x00,0x80,0x80,0x00,0x00,0x00,0x00
.long _GEX_FN_0042d7b0
.long _GEX_FN_0042d4e0
.long _GEX_FN_0042d5c0
.long _GEX_FN_0042d680
.long _GEX_FN_0042d6e0
.long _GEX_FN_0042d7b0
.byte 0x00,0x00,0x0f,0x00,0x00,0x00,0x00,0x00,0x00,0x00,0x00,0x00,0x00,0x00,0x00,0x00
.byte 0x00,0x00,0x00,0x00,0x00,0x00,0x00,0x00,0x00,0x00,0x00,0x00,0x00,0x00,0x00,0x00
.byte 0x00,0x00,0x00,0x00,0x00,0x00,0x00,0x00
.long _GEX_FN_0042df10
.long _GEX_FN_0042de50
.long _GEX_FN_0042de80
.long _GEX_FN_0042deb0
.long _GEX_FN_0042dee0
.long _GEX_FN_0042df10
.zero 8
.long _GEX_FN_0042ddd0
.long _GEX_FN_0042dd10
.long _GEX_FN_0042dd40
.long _GEX_FN_0042dd70
.long _GEX_FN_0042dda0
.long _GEX_FN_0042ddd0
.byte 0x00,0x00,0x80,0xc0,0x00,0x00,0x00,0x00
.long _GEX_FN_0042db90
.long _GEX_FN_0042d7c0
.long _GEX_FN_0042d910
.long _GEX_FN_0042da40
.long _GEX_FN_0042dab0
.long _GEX_FN_0042db90
.byte 0x00,0x00,0x80,0xc4,0x01,0x00,0x00,0x00
.long _GEX_FN_0042dce0
.long _GEX_FN_0042dbb0
.long _GEX_FN_0042dbc0
.zero 8
.long _GEX_FN_0042dce0
.byte 0x00,0x00,0x80,0xc8,0x02,0x00,0x00,0x00
.long _GEX_FN_0042dce0
.long _GEX_FN_0042dbb0
.long _GEX_FN_0042dbc0
.zero 8
.long _GEX_FN_0042dce0
.byte 0x00,0x00,0x80,0xc2,0x03,0x00,0x00,0x00
.long _GEX_FN_0042d7b0
.long _GEX_FN_0042d4e0
.long _GEX_FN_0042d5c0
.long _GEX_FN_0042d680
.long _GEX_FN_0042d6e0
.long _GEX_FN_0042d7b0
.byte 0x00,0x00,0x80,0xc1,0x04,0x00,0x00,0x00
.long _GEX_FN_0042d7b0
.long _GEX_FN_0042d4e0
.long _GEX_FN_0042d5c0
.long _GEX_FN_0042d680
.long _GEX_FN_0042d6e0
.long _GEX_FN_0042d7b0
.byte 0x00,0x00,0x10,0x00,0x00,0x00,0x00,0x00,0x00,0x00,0x00,0x00,0x00,0x00,0x00,0x00
.byte 0x00,0x00,0x00,0x00,0x00,0x00,0x00,0x00,0x00,0x00,0x00,0x00,0x00,0x00,0x00,0x00
.byte 0x00,0x00,0x1f,0x00,0x00,0x00,0x00,0x00,0x00,0x00,0x00,0x00,0x00,0x00,0x00,0x00
.byte 0x00,0x00,0x00,0x00,0x00,0x00,0x00,0x00,0x00,0x00,0x00,0x00,0x00,0x00,0x00,0x00
.byte 0x00,0x00,0x90,0xc0,0x00,0x00,0x00,0x00
.long _GEX_FN_0042db90
.long _GEX_FN_0042d7c0
.long _GEX_FN_0042d910
.long _GEX_FN_0042da40
.long _GEX_FN_0042dab0
.long _GEX_FN_0042db90
.byte 0x00,0x00,0x20,0x00,0x00,0x00,0x00,0x00,0x00,0x00,0x00,0x00,0x00,0x00,0x00,0x00
.byte 0x00,0x00,0x00,0x00,0x00,0x00,0x00,0x00,0x00,0x00,0x00,0x00,0x00,0x00,0x00,0x00
.byte 0x00,0x00,0x2f,0x00,0x00,0x00,0x00,0x00,0x00,0x00,0x00,0x00,0x00,0x00,0x00,0x00
.byte 0x00,0x00,0x00,0x00,0x00,0x00,0x00,0x00,0x00,0x00,0x00,0x00,0x00,0x00,0x00,0x00
.byte 0x00,0x00,0xa0,0xc0,0x00,0x00,0x00,0x00
.long _GEX_FN_0042db90
.long _GEX_FN_0042d7c0
.long _GEX_FN_0042d910
.long _GEX_FN_0042da40
.long _GEX_FN_0042dab0
.long _GEX_FN_0042db90
.zero 8
.long _GEX_FN_0042de30
.long _GEX_FN_0042de30
.long _GEX_FN_0042de30
.long _GEX_FN_0042de30
.long _GEX_FN_0042de30
.long _GEX_FN_0042de30
.byte 0x00,0x00,0x80,0x84,0x00,0x00,0x00,0x00
.long _GEX_FN_0042dce0
.long _GEX_FN_0042dbb0
.long _GEX_FN_0042dbc0
.zero 8
.long _GEX_FN_0042dce0
.byte 0x00,0x00,0x80,0x88,0x00,0x00,0x00,0x00
.long _GEX_FN_0042dce0
.long _GEX_FN_0042dbb0
.long _GEX_FN_0042dbc0
.zero 8
.long _GEX_FN_0042dce0
.byte 0x00,0x00,0x8f,0xc0,0x00,0x00,0x00,0x00
.long _GEX_FN_0042db90
.long _GEX_FN_0042d7c0
.long _GEX_FN_0042d910
.long _GEX_FN_0042da40
.long _GEX_FN_0042dab0
.long _GEX_FN_0042db90
.byte 0x00,0x00,0x00,0x20,0x00,0x00,0x00,0x00,0x00,0x00,0x00,0x00,0x00,0x00,0x00,0x00
.byte 0x00,0x00,0x00,0x00,0x00,0x00,0x00,0x00,0x00,0x00,0x00,0x00,0x00,0x00,0x00,0x00
.byte 0x00,0x80,0x80,0xc0,0x00,0x00,0x00,0x00
.long _GEX_FN_0042d7b0
.long _GEX_FN_0042d4e0
.long _GEX_FN_0042d5c0
.long _GEX_FN_0042d680
.long _GEX_FN_0042d6e0
.long _GEX_FN_0042d7b0
.byte 0x00,0x00,0x80,0xc1,0x05,0x00,0x00,0x00
.long _GEX_FN_0042dce0
.long _GEX_FN_0042dbb0
.long _GEX_FN_0042dbc0
.long _GEX_FN_0042dbd0
.zero 4
.long _GEX_FN_0042dce0
.byte 0x00,0x00,0x80,0xc2,0x06,0x00,0x00,0x00
.long _GEX_FN_0042dce0
.long _GEX_FN_0042dbb0
.long _GEX_FN_0042dbc0
.long _GEX_FN_0042dbd0
.zero 4
.long _GEX_FN_0042dce0
.byte 0x00,0x00,0x80,0xc8,0x07,0x00,0x00,0x00
.long _GEX_FN_0042d7b0
.zero 16
.long _GEX_FN_0042d7b0
.byte 0x00,0x00,0x80,0xc4,0x08,0x00,0x00,0x00
.long _GEX_FN_0042d7b0
.zero 16
.long _GEX_FN_0042d7b0
.byte 0x00,0x00,0x90,0x80,0x00,0x00,0x00,0x00
.long _GEX_FN_0042d7b0
.long _GEX_FN_0042d4e0
.long _GEX_FN_0042d5c0
.long _GEX_FN_0042d680
.long _GEX_FN_0042d6e0
.long _GEX_FN_0042d7b0
.byte 0x00,0x00,0x10,0x00,0x00,0x00,0x00,0x00
.long _GEX_FN_0042ddd0
.long _GEX_FN_0042dd10
.long _GEX_FN_0042dd40
.long _GEX_FN_0042dd70
.long _GEX_FN_0042dda0
.long _GEX_FN_0042ddd0
.byte 0x00,0x80,0x90,0xc0,0x00,0x00,0x00,0x00
.long _GEX_FN_0042d7b0
.long _GEX_FN_0042d4e0
.long _GEX_FN_0042d5c0
.long _GEX_FN_0042d680
.long _GEX_FN_0042d6e0
.long _GEX_FN_0042d7b0
.byte 0x00,0x00,0xa0,0x80,0x00,0x00,0x00,0x00
.long _GEX_FN_0042d7b0
.long _GEX_FN_0042d4e0
.long _GEX_FN_0042d5c0
.long _GEX_FN_0042d680
.long _GEX_FN_0042d6e0
.long _GEX_FN_0042d7b0
.byte 0x00,0x00,0x20,0x00,0x00,0x00,0x00,0x00
.long _GEX_FN_0042ddd0
.long _GEX_FN_0042dd10
.long _GEX_FN_0042dd40
.long _GEX_FN_0042dd70
.long _GEX_FN_0042dda0
.long _GEX_FN_0042ddd0
.byte 0x00,0x80,0xa0,0xc0,0x00,0x00,0x00,0x00
.long _GEX_FN_0042d7b0
.long _GEX_FN_0042d4e0
.long _GEX_FN_0042d5c0
.long _GEX_FN_0042d680
.long _GEX_FN_0042d6e0
.long _GEX_FN_0042d7b0
.zero 8
.long _GEX_FN_0042dcf0
.long _GEX_FN_0042dcf0
.long _GEX_FN_0042dcf0
.long _GEX_FN_0042dcf0
.long _GEX_FN_0042dcf0
.long _GEX_FN_0042dcf0
.byte 0x00,0x00,0x80,0x84,0x00,0x00,0x00,0x00
.long _GEX_FN_0042d7b0
.long _GEX_FN_0042d4e0
.zero 4
.long _GEX_FN_0042d680
.zero 4
.long _GEX_FN_0042d7b0
.byte 0x00,0x00,0x80,0x88,0x00,0x00,0x00,0x00
.long _GEX_FN_0042d7b0
.zero 4
.long _GEX_FN_0042d5c0
.long _GEX_FN_0042d680
.zero 4
.long _GEX_FN_0042d7b0
.byte 0x00,0x00,0x0a,0x00,0x00,0x00,0x00,0x00,0x00,0x00,0x00,0x00,0x00,0x00,0x00,0x00
.byte 0x00,0x00,0x00,0x00,0x00,0x00,0x00,0x00,0x00,0x00,0x00,0x00,0x00,0x00,0x00,0x00
.byte 0x00,0x00,0x05,0x00,0x00,0x00,0x00,0x00,0x00,0x00,0x00,0x00,0x00,0x00,0x00,0x00
.byte 0x00,0x00,0x00,0x00,0x00,0x00,0x00,0x00,0x00,0x00,0x00,0x00,0x00,0x00,0x00,0x00
.byte 0x00,0x00,0x01,0x00,0x00,0x00,0x00,0x00,0x00,0x00,0x00,0x00,0x00,0x00,0x00,0x00
.byte 0x00,0x00,0x00,0x00,0x00,0x00,0x00,0x00,0x00,0x00,0x00,0x00,0x00,0x00,0x00,0x00
.byte 0x00,0x00,0x02,0x00,0x00,0x00,0x00,0x00,0x00,0x00,0x00,0x00,0x00,0x00,0x00,0x00
.byte 0x00,0x00,0x00,0x00,0x00,0x00,0x00,0x00,0x00,0x00,0x00,0x00,0x00,0x00,0x00,0x00
.byte 0x00,0x00,0x0e,0x00,0x00,0x00,0x00,0x00,0x00,0x00,0x00,0x00,0x00,0x00,0x00,0x00
.byte 0x00,0x00,0x00,0x00,0x00,0x00,0x00,0x00,0x00,0x00,0x00,0x00,0x00,0x00,0x00,0x00
.byte 0x00,0x00,0x0d,0x00,0x00,0x00,0x00,0x00,0x00,0x00,0x00,0x00,0x00,0x00,0x00,0x00
.byte 0x00,0x00,0x00,0x00,0x00,0x00,0x00,0x00,0x00,0x00,0x00,0x00,0x00,0x00,0x00,0x00
.byte 0x00,0x00,0x06,0x00,0x00,0x00,0x00,0x00,0x00,0x00,0x00,0x00,0x00,0x00,0x00,0x00
.byte 0x00,0x00,0x00,0x00,0x00,0x00,0x00,0x00,0x00,0x00,0x00,0x00,0x00,0x00,0x00,0x00
.byte 0x00,0x00,0x30,0x00,0x00,0x00,0x00,0x00,0x00,0x00,0x00,0x00,0x00,0x00,0x00,0x00
.byte 0x00,0x00,0x00,0x00,0x00,0x00,0x00,0x00,0x00,0x00,0x00,0x00,0x00,0x00,0x00,0x00
.byte 0x00,0x00,0x3f,0x00,0x00,0x00,0x00,0x00,0x00,0x00,0x00,0x00,0x00,0x00,0x00,0x00
.byte 0x00,0x00,0x00,0x00,0x00,0x00,0x00,0x00,0x00,0x00,0x00,0x00,0x00,0x00,0x00,0x00
.byte 0x00,0x00,0xb0,0xc0,0x00,0x00,0x00,0x00
.long _GEX_FN_0042db90
.long _GEX_FN_0042d7c0
.long _GEX_FN_0042d910
.long _GEX_FN_0042da40
.long _GEX_FN_0042dab0
.long _GEX_FN_0042db90
.byte 0x00,0x00,0x80,0xc0,0x00,0x00,0x00,0x00
.long _GEX_FN_0042db90
.long _GEX_FN_0042d7c0
.long _GEX_FN_0042d910
.long _GEX_FN_0042da40
.long _GEX_FN_0042dab0
.long _GEX_FN_0042db90
.byte 0x00,0x00,0x80,0xc0,0x00,0x00,0x00,0x00
.long _GEX_FN_0042db90
.long _GEX_FN_0042d7c0
.long _GEX_FN_0042d910
.long _GEX_FN_0042da40
.long _GEX_FN_0042dab0
.long _GEX_FN_0042db90
.byte 0x00,0x00,0x10,0x20,0x00,0x00,0x00,0x00,0x00,0x00,0x00,0x00,0x00,0x00,0x00,0x00
.byte 0x00,0x00,0x00,0x00,0x00,0x00,0x00,0x00,0x00,0x00,0x00,0x00,0x00,0x00,0x00,0x00
.byte 0x00,0x00,0x00,0x00,0x00,0x00,0x00,0x00,0x00,0x00,0x00,0x00,0x00,0x00,0x00,0x00
.byte 0x00,0x00,0x00,0x00,0x00,0x00,0x00,0x00,0x00,0x00,0x00,0x00,0x00,0x00,0x00,0x00
.byte 0x00,0x00,0x00,0x04,0x00,0x00,0x00,0x00,0x00,0x00,0x00,0x00,0x00,0x00,0x00,0x00
.byte 0x00,0x00,0x00,0x00,0x00,0x00,0x00,0x00,0x00,0x00,0x00,0x00,0x00,0x00,0x00,0x00
.byte 0x00,0x00,0x00,0x08,0x00,0x00,0x00,0x00,0x00,0x00,0x00,0x00,0x00,0x00,0x00,0x00
.byte 0x00,0x00,0x00,0x00,0x00,0x00,0x00,0x00,0x00,0x00,0x00,0x00,0x00,0x00,0x00,0x00
.byte 0x00,0x00,0x03,0x00,0x00,0x00,0x00,0x00,0x00,0x00,0x00,0x00,0x00,0x00,0x00,0x00
.byte 0x00,0x00,0x00,0x00,0x00,0x00,0x00,0x00,0x00,0x00,0x00,0x00,0x00,0x00,0x00,0x00
.byte 0x00,0x00,0x0c,0x00,0x00,0x00,0x00,0x00,0x00,0x00,0x00,0x00,0x00,0x00,0x00,0x00
.byte 0x00,0x00,0x00,0x00,0x00,0x00,0x00,0x00,0x00,0x00,0x00,0x00,0x00,0x00,0x00,0x00
.byte 0x00,0x00,0x04,0x00,0x00,0x00,0x00,0x00,0x00,0x00,0x00,0x00,0x00,0x00,0x00,0x00
.byte 0x00,0x00,0x00,0x00,0x00,0x00,0x00,0x00,0x00,0x00,0x00,0x00,0x00,0x00,0x00,0x00
.byte 0x00,0x00,0x08,0x00,0x00,0x00,0x00,0x00,0x00,0x00,0x00,0x00,0x00,0x00,0x00,0x00
.byte 0x00,0x00,0x00,0x00,0x00,0x00,0x00,0x00,0x00,0x00,0x00,0x00,0x00,0x00,0x00,0x00
.byte 0x00,0x00,0x0b,0x00,0x00,0x00,0x00,0x00,0x00,0x00,0x00,0x00,0x00,0x00,0x00,0x00
.byte 0x00,0x00,0x00,0x00,0x00,0x00,0x00,0x00,0x00,0x00,0x00,0x00,0x00,0x00,0x00,0x00
.byte 0x00,0x00,0x07,0x00,0x00,0x00,0x00,0x00,0x00,0x00,0x00,0x00,0x00,0x00,0x00,0x00
.byte 0x00,0x00,0x00,0x00,0x00,0x00,0x00,0x00,0x00,0x00,0x00,0x00,0x00,0x00,0x00,0x00
.byte 0x00,0x00,0x09,0x00,0x00,0x00,0x00,0x00,0x00,0x00,0x00,0x00,0x00,0x00,0x00,0x00
.byte 0x00,0x00,0x00,0x00,0x00,0x00,0x00,0x00,0x00,0x00,0x00,0x00,0x00,0x00,0x00,0x00
.byte 0x00,0x00,0xb0,0x80,0x00,0x00,0x00,0x00
.long _GEX_FN_0042d7b0
.long _GEX_FN_0042d4e0
.long _GEX_FN_0042d5c0
.long _GEX_FN_0042d680
.long _GEX_FN_0042d6e0
.long _GEX_FN_0042d7b0
.byte 0x00,0x00,0x30,0x00,0x00,0x00,0x00,0x00
.long _GEX_FN_0042ddd0
.long _GEX_FN_0042dd10
.long _GEX_FN_0042dd40
.long _GEX_FN_0042dd70
.long _GEX_FN_0042dda0
.long _GEX_FN_0042ddd0
.byte 0x00,0x80,0xb0,0xc0,0x00,0x00,0x00,0x00
.long _GEX_FN_0042d7b0
.long _GEX_FN_0042d4e0
.long _GEX_FN_0042d5c0
.long _GEX_FN_0042d680
.long _GEX_FN_0042d6e0
.long _GEX_FN_0042d7b0
.byte 0x00,0x00,0x20,0x20,0x00,0x00,0x00,0x00,0x00,0x00,0x00,0x00,0x00,0x00,0x00,0x00
.byte 0x00,0x00,0x00,0x00,0x00,0x00,0x00,0x00,0x00,0x00,0x00,0x00,0x00,0x00,0x00,0x00
.byte 0x00,0x00,0x30,0x20,0x00,0x00,0x00,0x00,0x00,0x00,0x00,0x00,0x00,0x00,0x00,0x00
.byte 0x00,0x00,0x00,0x00,0x00,0x00,0x00,0x00,0x00,0x00,0x00,0x00,0x00,0x00,0x00,0x00
.byte 0x00,0x00,0x00,0x00,0x00,0x00,0x00,0x00
.long _GEX_FN_0042df40
.long _GEX_FN_0042df40
.long _GEX_FN_0042df40
.long _GEX_FN_0042df40
.long _GEX_FN_0042df40
.long _GEX_FN_0042df40
.byte 0x00,0x00,0x80,0xd0,0x00,0x00,0x00,0x00
.long _GEX_FN_0042db90
.long _GEX_FN_0042d7c0
.long _GEX_FN_0042d910
.long _GEX_FN_0042da40
.long _GEX_FN_0042dab0
.long _GEX_FN_0042db90
.byte 0x00,0x00,0x80,0xd0,0x00,0x00,0x00,0x00
.long _GEX_FN_0042db90
.long _GEX_FN_0042d7c0
.long _GEX_FN_0042d910
.long _GEX_FN_0042da40
.long _GEX_FN_0042dab0
.long _GEX_FN_0042db90
.byte 0x00,0x00,0x80,0xd0,0x00,0x00,0x00,0x00
.long _GEX_FN_0042db90
.long _GEX_FN_0042d7c0
.long _GEX_FN_0042d910
.long _GEX_FN_0042da40
.long _GEX_FN_0042dab0
.long _GEX_FN_0042db90
.byte 0x00,0x00,0x80,0xd0,0x00,0x00,0x00,0x00
.long _GEX_FN_0042db90
.long _GEX_FN_0042d7c0
.long _GEX_FN_0042d910
.long _GEX_FN_0042da40
.long _GEX_FN_0042dab0
.long _GEX_FN_0042db90
.byte 0x00,0x00,0x80,0xd0,0x00,0x00,0x00,0x00
.long _GEX_FN_0042db90
.long _GEX_FN_0042d7c0
.long _GEX_FN_0042d910
.long _GEX_FN_0042da40
.long _GEX_FN_0042dab0
.long _GEX_FN_0042db90
.byte 0x00,0x00,0x80,0xd0,0x00,0x00,0x00,0x00
.long _GEX_FN_0042db90
.long _GEX_FN_0042d7c0
.long _GEX_FN_0042d910
.long _GEX_FN_0042da40
.long _GEX_FN_0042dab0
.long _GEX_FN_0042db90
.byte 0x00,0x00,0x80,0xd0,0x00,0x00,0x00,0x00
.long _GEX_FN_0042db90
.long _GEX_FN_0042d7c0
.long _GEX_FN_0042d910
.long _GEX_FN_0042da40
.long _GEX_FN_0042dab0
.long _GEX_FN_0042db90
.byte 0x00,0x00,0x80,0xd0,0x00,0x00,0x00,0x00
.long _GEX_FN_0042db90
.long _GEX_FN_0042d7c0
.long _GEX_FN_0042d910
.long _GEX_FN_0042da40
.long _GEX_FN_0042dab0
.long _GEX_FN_0042db90
.byte 0x00,0x00,0x80,0xd0,0x00,0x00,0x00,0x00
.long _GEX_FN_0042db90
.long _GEX_FN_0042d7c0
.long _GEX_FN_0042d910
.long _GEX_FN_0042da40
.long _GEX_FN_0042dab0
.long _GEX_FN_0042db90
.byte 0x00,0x00,0x80,0xd0,0x00,0x00,0x00,0x00
.long _GEX_FN_0042db90
.long _GEX_FN_0042d7c0
.long _GEX_FN_0042d910
.long _GEX_FN_0042da40
.long _GEX_FN_0042dab0
.long _GEX_FN_0042db90
.byte 0x00,0x00,0x80,0xd0,0x00,0x00,0x00,0x00
.long _GEX_FN_0042db90
.long _GEX_FN_0042d7c0
.long _GEX_FN_0042d910
.long _GEX_FN_0042da40
.long _GEX_FN_0042dab0
.long _GEX_FN_0042db90
.byte 0x00,0x00,0x80,0xd0,0x00,0x00,0x00,0x00
.long _GEX_FN_0042db90
.long _GEX_FN_0042d7c0
.long _GEX_FN_0042d910
.long _GEX_FN_0042da40
.long _GEX_FN_0042dab0
.long _GEX_FN_0042db90
.byte 0x00,0x00,0x00,0x00,0x00,0x00,0x00,0x00,0x00,0x00,0x00,0x00,0x00,0x00,0x00,0x00
.byte 0x00,0x00,0x00,0x00,0x00,0x00,0x00,0x00,0x00,0x00,0x00,0x00,0x00,0x00,0x00,0x00
.byte 0x00,0x00,0x00,0x00,0x00,0x00,0x00,0x00,0x00,0x00,0x00,0x00,0x00,0x00,0x00,0x00
.byte 0x00,0x00,0x00,0x00,0x00,0x00,0x00,0x00,0x00,0x00,0x00,0x00,0x00,0x00,0x00,0x00
.byte 0x00,0x00,0x80,0xc0,0x00,0x00,0x00,0x00
.long _GEX_FN_0042db90
.long _GEX_FN_0042d7c0
.long _GEX_FN_0042d910
.long _GEX_FN_0042da40
.long _GEX_FN_0042dab0
.long _GEX_FN_0042db90
.byte 0x00,0x00,0x80,0xc0,0x00,0x00,0x00,0x00
.long _GEX_FN_0042db90
.long _GEX_FN_0042d7c0
.long _GEX_FN_0042d910
.long _GEX_FN_0042da40
.long _GEX_FN_0042dab0
.long _GEX_FN_0042db90
.byte 0x01,0x00,0x00,0x00,0x00,0x00,0x00,0x00,0x00,0x00,0x00,0x00,0x00,0x00,0x00,0x00
.byte 0x00,0x00,0x00,0x00,0x00,0x00,0x00,0x00,0x00,0x00,0x00,0x00,0x00,0x00,0x00,0x00
.byte 0x01,0x00,0x10,0x00,0x00,0x00,0x00,0x00,0x00,0x00,0x00,0x00,0x00,0x00,0x00,0x00
.byte 0x00,0x00,0x00,0x00,0x00,0x00,0x00,0x00,0x00,0x00,0x00,0x00,0x00,0x00,0x00,0x00
.byte 0x00,0x00,0x00,0x00,0x00,0x00,0x00,0x00,0x00,0x00,0x00,0x00,0x00,0x00,0x00,0x00
.byte 0x00,0x00,0x00,0x00,0x00,0x00,0x00,0x00,0x00,0x00,0x00,0x00,0x00,0x00,0x00,0x00
.byte 0x01,0x00,0x00,0x00,0x00,0x00,0x00,0x00
.long _GEX_FN_0042de30
.long _GEX_FN_0042de30
.long _GEX_FN_0042de30
.long _GEX_FN_0042de30
.long _GEX_FN_0042de30
.long _GEX_FN_0042de30
.byte 0x00,0x00,0x00,0x00,0x00,0x00,0x00,0x00,0x00,0x00,0x00,0x00,0x00,0x00,0x00,0x00
.byte 0x00,0x00,0x00,0x00,0x00,0x00,0x00,0x00,0x00,0x00,0x00,0x00,0x00,0x00,0x00,0x00
.byte 0x00,0x00,0x00,0x00,0x00,0x00,0x00,0x00,0x00,0x00,0x00,0x00,0x00,0x00,0x00,0x00
.byte 0x00,0x00,0x00,0x00,0x00,0x00,0x00,0x00,0x00,0x00,0x00,0x00,0x00,0x00,0x00,0x00
.byte 0x00,0x00,0x0f,0x00,0x00,0x00,0x00,0x00,0x00,0x00,0x00,0x00,0x00,0x00,0x00,0x00
.byte 0x00,0x00,0x00,0x00,0x00,0x00,0x00,0x00,0x00,0x00,0x00,0x00,0x00,0x00,0x00,0x00
.byte 0x00,0x00,0x00,0x00,0x00,0x00,0x00,0x00,0x00,0x00,0x00,0x00,0x00,0x00,0x00,0x00
.byte 0x00,0x00,0x00,0x00,0x00,0x00,0x00,0x00,0x00,0x00,0x00,0x00,0x00,0x00,0x00,0x00
.byte 0x00,0x00,0x00,0x00,0x00,0x00,0x00,0x00,0x00,0x00,0x00,0x00,0x00,0x00,0x00,0x00
.byte 0x00,0x00,0x00,0x00,0x00,0x00,0x00,0x00,0x00,0x00,0x00,0x00,0x00,0x00,0x00,0x00
.byte 0x00,0x00,0x00,0x00,0x00,0x00,0x00,0x00,0x00,0x00,0x00,0x00,0x00,0x00,0x00,0x00
.byte 0x00,0x00,0x00,0x00,0x00,0x00,0x00,0x00,0x00,0x00,0x00,0x00,0x00,0x00,0x00,0x00
.byte 0x00,0x00,0x00,0x00,0x00,0x00,0x00,0x00,0x00,0x00,0x00,0x00,0x00,0x00,0x00,0x00
.byte 0x00,0x00,0x00,0x00,0x00,0x00,0x00,0x00,0x00,0x00,0x00,0x00,0x00,0x00,0x00,0x00
.byte 0x00,0x00,0x00,0x00,0x00,0x00,0x00,0x00,0x00,0x00,0x00,0x00,0x00,0x00,0x00,0x00
.byte 0x00,0x00,0x00,0x00,0x00,0x00,0x00,0x00,0x00,0x00,0x00,0x00,0x00,0x00,0x00,0x00
.byte 0x00,0x00,0x00,0x00,0x00,0x00,0x00,0x00,0x00,0x00,0x00,0x00,0x00,0x00,0x00,0x00
.byte 0x00,0x00,0x00,0x00,0x00,0x00,0x00,0x00,0x00,0x00,0x00,0x00,0x00,0x00,0x00,0x00
.byte 0x00,0x00,0x00,0x00,0x00,0x00,0x00,0x00,0x00,0x00,0x00,0x00,0x00,0x00,0x00,0x00
.byte 0x00,0x00,0x00,0x00,0x00,0x00,0x00,0x00,0x00,0x00,0x00,0x00,0x00,0x00,0x00,0x00
.byte 0x00,0x00,0x00,0x00,0x00,0x00,0x00,0x00,0x00,0x00,0x00,0x00,0x00,0x00,0x00,0x00
.byte 0x00,0x00,0x00,0x00,0x00,0x00,0x00,0x00,0x00,0x00,0x00,0x00,0x00,0x00,0x00,0x00
.byte 0x00,0x00,0x00,0x00,0x00,0x00,0x00,0x00,0x00,0x00,0x00,0x00,0x00,0x00,0x00,0x00
.byte 0x00,0x00,0x00,0x00,0x00,0x00,0x00,0x00,0x00,0x00,0x00,0x00,0x00,0x00,0x00,0x00
.byte 0x00,0x00,0x00,0x00,0x00,0x00,0x00,0x00,0x00,0x00,0x00,0x00,0x00,0x00,0x00,0x00
.byte 0x00,0x00,0x00,0x00,0x00,0x00,0x00,0x00,0x00,0x00,0x00,0x00,0x00,0x00,0x00,0x00
.byte 0x00,0x00,0x80,0x80,0x00,0x00,0x00,0x00,0x00,0x00,0x00,0x00
.long _GEX_FN_0042d7c0
.long _GEX_FN_0042d910
.long _GEX_FN_0042da40
.long _GEX_FN_0042df80
.byte 0x00,0x00,0x00,0x00,0x00,0x00,0x80,0x80,0x01,0x00,0x00,0x00,0x00,0x00,0x00,0x00
.long _GEX_FN_0042d7c0
.long _GEX_FN_0042d910
.long _GEX_FN_0042da40
.long _GEX_FN_0042df80
.byte 0x00,0x00,0x00,0x00,0x00,0x00,0x80,0x80,0x00,0x00,0x00,0x00
.long _GEX_FN_0042db90
.long _GEX_FN_0042d7c0
.long _GEX_FN_0042d910
.long _GEX_FN_0042da40
.long _GEX_FN_0042dab0
.long _GEX_FN_0042db90
.zero 12
.long _GEX_FN_0042d7c0
.long _GEX_FN_0042d910
.long _GEX_FN_0042e040
.long _GEX_FN_0042dab0
.byte 0x00,0x00,0x00,0x00,0x00,0x00,0x00,0x00,0x01,0x00,0x00,0x00,0x00,0x00,0x00,0x00
.long _GEX_FN_0042d7c0
.long _GEX_FN_0042d910
.long _GEX_FN_0042e040
.long _GEX_FN_0042dab0
.byte 0x00,0x00,0x00,0x00,0x00,0x00,0x00,0x00,0x00,0x00,0x00,0x00,0x00,0x00,0x00,0x00
.byte 0x00,0x00,0x00,0x00,0x00,0x00,0x00,0x00,0x00,0x00,0x00,0x00,0x00,0x00,0x00,0x00
.byte 0x00,0x00,0x00,0x00,0x00,0x00,0x00,0x00,0x00,0x00,0x00,0x00,0x00,0x00,0x00,0x00
.byte 0x00,0x00,0x00,0x00,0x00,0x00,0x00,0x00,0x00,0x00,0x00,0x00,0x00,0x00,0x00,0x00
.byte 0x00,0x00,0x00,0x00,0x00,0x00,0x00,0x00,0x00,0x00,0x00,0x00,0x00,0x00,0x00,0x00
.byte 0x00,0x00,0x00,0x00,0x00,0x00,0x00,0x00,0x00,0x00,0x00,0x00,0x00,0x00,0x00,0x00
.byte 0x00,0x00,0x00,0x00,0x00,0x00,0x80,0x80,0x00,0x00,0x00,0x00
.long _GEX_FN_0042dab0
.long _GEX_FN_0042d7c0
.long _GEX_FN_0042e1e0
.long _GEX_FN_0042da40
.long _GEX_FN_0042dab0
.long _GEX_FN_0042dab0
.byte 0x00,0x00,0x80,0x80,0x00,0x00,0x00,0x00,0x00,0x00,0x00,0x00
.long _GEX_FN_0042e110
.long _GEX_FN_0042d910
.long _GEX_FN_0042da40
.long _GEX_FN_0042dab0
.byte 0x00,0x00,0x00,0x00,0x00,0x00,0x00,0x00,0x00,0x00,0x00,0x00,0x00,0x00,0x00,0x00
.byte 0x00,0x00,0x00,0x00,0x00,0x00,0x00,0x00,0x00,0x00,0x00,0x00,0x00,0x00,0x00,0x00
.byte 0x00,0x00,0x00,0x00,0x00,0x00,0x00,0x00,0x00,0x00,0x00,0x00,0x00,0x00,0x00,0x00
.byte 0x00,0x00,0x00,0x00,0x00,0x00,0x00,0x00,0x00,0x00,0x00,0x00,0x00,0x00,0x00,0x00
.byte 0x00,0x00,0x00,0x00,0x00,0x00,0x80,0x80,0x01,0x00,0x00,0x00,0x00,0x00,0x00,0x00
.long _GEX_FN_0042d7c0
.long _GEX_FN_0042e1e0
.long _GEX_FN_0042da40
.long _GEX_FN_0042dab0
.byte 0x00,0x00,0x00,0x00,0x00,0x00,0x80,0x80,0x01,0x00,0x00,0x00,0x00,0x00,0x00,0x00
.long _GEX_FN_0042e110
.long _GEX_FN_0042d910
.long _GEX_FN_0042da40
.long _GEX_FN_0042dab0
.byte 0x00,0x00,0x00,0x00,0x00,0x00,0x00,0x00,0x00,0x00,0x00,0x00,0x00,0x00,0x00,0x00
.byte 0x00,0x00,0x00,0x00,0x00,0x00,0x00,0x00,0x00,0x00,0x00,0x00,0x00,0x00,0x00,0x00
.byte 0x00,0x00,0x00,0x00,0x00,0x00,0x00,0x00,0x00,0x00,0x00,0x00,0x00,0x00,0x00,0x00
.byte 0x00,0x00,0x00,0x00,0x00,0x00,0x00,0x00,0x00,0x00,0x00,0x00,0x00,0x00,0x00,0x00
.byte 0x00,0x00,0x00,0x00,0x04,0x00,0x80,0xc0,0x00,0x00,0x00,0x00,0x00,0x00,0x00,0x00
.byte 0x00,0x00,0x00,0x00,0x00,0x00,0x00,0x00,0x00,0x00,0x00,0x00,0x00,0x00,0x00,0x00
.byte 0x00,0x00,0x00,0x00,0x02,0x00,0x80,0xc0,0x00,0x00,0x00,0x00,0x00,0x00,0x00,0x00
.byte 0x00,0x00,0x00,0x00,0x00,0x00,0x00,0x00,0x00,0x00,0x00,0x00,0x00,0x00,0x00,0x00
.byte 0x00,0x00,0x00,0x00,0x00,0x00,0x00,0x00,0x00,0x00,0x00,0x00
.long _GEX_FN_0042de00
.long _GEX_FN_0042de00
.long _GEX_FN_0042de00
.long _GEX_FN_0042de00
.long _GEX_FN_0042de00
.long _GEX_FN_0042de00
.byte 0x00,0x00,0x80,0xc0,0x00,0x00,0x00,0x00
.long _GEX_FN_0042db90
.long _GEX_FN_0042d7c0
.long _GEX_FN_0042d910
.long _GEX_FN_0042da40
.long _GEX_FN_0042dab0
.long _GEX_FN_0042db90
.byte 0x00,0x00,0x80,0xc0,0x00,0x00,0x00,0x00
.long _GEX_FN_0042db90
.long _GEX_FN_0042d7c0
.long _GEX_FN_0042d910
.long _GEX_FN_0042da40
.long _GEX_FN_0042dab0
.long _GEX_FN_0042db90
.byte 0x00,0x00,0x80,0xc0,0x00,0x00,0x00,0x00
.long _GEX_FN_0042db90
.long _GEX_FN_0042d7c0
.long _GEX_FN_0042d910
.long _GEX_FN_0042da40
.long _GEX_FN_0042dab0
.long _GEX_FN_0042db90
.byte 0x00,0x00,0x80,0xc0,0x00,0x00,0x00,0x00
.long _GEX_FN_0042db90
.long _GEX_FN_0042d7c0
.long _GEX_FN_0042d910
.long _GEX_FN_0042da40
.long _GEX_FN_0042dab0
.long _GEX_FN_0042db90
.byte 0x00,0x00,0x80,0xd0,0x00,0x00,0x00,0x00
.long _GEX_FN_0042db90
.long _GEX_FN_0042d7c0
.long _GEX_FN_0042d910
.long _GEX_FN_0042da40
.long _GEX_FN_0042dab0
.long _GEX_FN_0042db90
.byte 0x00,0x00,0x80,0xd0,0x00,0x00,0x00,0x00
.long _GEX_FN_0042db90
.long _GEX_FN_0042d7c0
.long _GEX_FN_0042d910
.long _GEX_FN_0042da40
.long _GEX_FN_0042dab0
.long _GEX_FN_0042db90
.byte 0x00,0x00,0x80,0xd0,0x00,0x00,0x00,0x00
.long _GEX_FN_0042db90
.long _GEX_FN_0042d7c0
.long _GEX_FN_0042d910
.long _GEX_FN_0042da40
.long _GEX_FN_0042dab0
.long _GEX_FN_0042db90
.byte 0x00,0x00,0x80,0x00,0x00,0x00,0x00,0x00,0x00,0x00,0x00,0x00,0x00,0x00,0x00,0x00
.byte 0x00,0x00,0x00,0x00,0x00,0x00,0x00,0x00,0x00,0x00,0x00,0x00,0x00,0x00,0x00,0x00
.byte 0x00,0x00,0x00,0x00,0x00,0x00,0x00,0x00
.long _GEX_FN_0042d7b0
.long _GEX_FN_0042d4e0
.long _GEX_FN_0042d5c0
.long _GEX_FN_0042d680
.long _GEX_FN_0042d6e0
.long _GEX_FN_0042d7b0
.zero 32
.globl _GEX_DATA_0045c960
_GEX_DATA_0045c960:
.byte 0x80,0x04,0x80,0x04,0x80,0x08,0x80,0x08,0x80,0x0c,0x80,0x0c,0x80,0x10,0x80,0x10
.byte 0x80,0x14,0x80,0x14,0x80,0x18,0x80,0x18,0x80,0x1c,0x80,0x1c,0x80,0x13,0x80,0x13
.byte 0x80,0x17,0x80,0x17,0x80,0x1b,0x80,0x1b
.globl _GEX_DATA_0045c988
_GEX_DATA_0045c988:
.byte 0x80,0x1f,0x80,0x1f,0x00,0x00,0x00,0x00
.globl _GEX_DATA_0045c990
_GEX_DATA_0045c990:
.zero 4
.globl _GEX_DATA_0045c994
_GEX_DATA_0045c994:
.zero 4
.globl _GEX_DATA_0045c998
_GEX_DATA_0045c998:
.zero 4
.globl _GEX_DATA_0045c99c
_GEX_DATA_0045c99c:
.zero 4
.globl _GEX_DATA_0045c9a0
_GEX_DATA_0045c9a0:
.byte 0x00,0x00,0x00,0x00,0x00,0x00,0x00,0x00,0x00,0x00,0x00,0x00,0xc8,0x00,0x00,0x00
.byte 0xb4,0x00,0x00,0x00,0xb4,0x00,0x00,0x00,0xec,0xff,0xff,0xff,0x00,0x00,0x00,0x00
.byte 0x00,0x00,0x00,0x00,0x00,0x00,0x00,0x00,0xba,0xff,0xff,0xff,0x46,0x00,0x00,0x00
.byte 0x64,0x00,0x00,0x00
.globl _GEX_DATA_0045c9d4
_GEX_DATA_0045c9d4:
.byte 0x01,0x00,0x00,0x00
.globl _GEX_DATA_0045c9d8
_GEX_DATA_0045c9d8:
.zero 4
.globl _GEX_DATA_0045c9dc
_GEX_DATA_0045c9dc:
.byte 0x54,0x68,0x69,0x73,0x20,0x73,0x75,0x63,0x6b,0x73,0x2e,0x20,0x20,0x54,0x68,0x65
.byte 0x20,0x4b,0x46,0x42,0x6f,0x73,0x73,0x53,0x74,0x61,0x74,0x65,0x20,0x69,0x73,0x20
.byte 0x42,0x41,0x44,0x21,0x20,0x20,0x49,0x74,0x20,0x65,0x71,0x75,0x61,0x6c,0x73,0x3a
.byte 0x20,0x25,0x64,0x20,0x77,0x68,0x69,0x63,0x68,0x20,0x69,0x73,0x20,0x6f,0x62,0x76
.byte 0x69,0x6f,0x75,0x73,0x6c,0x79,0x20,0x61,0x6e,0x20,0x75,0x6e,0x6c,0x75,0x63,0x6b
.byte 0x79,0x20,0x6e,0x75,0x6d,0x62,0x65,0x72,0x21,0x0a,0x00,0x00
.globl _GEX_DATA_0045ca38
_GEX_DATA_0045ca38:
.long _GEX_FN_0043cca0
.long _GEX_FN_0043cd00
.long _GEX_FN_0043cde0
.long _GEX_FN_0043ce10
.globl _GEX_DATA_0045ca48
_GEX_DATA_0045ca48:
.byte 0xfa,0x00,0x00,0x00,0x00,0x00,0x00,0x00
.long _GEX_FN_00417780
.long _GEX_FN_00415e80
.long _GEX_FN_00417500
.long _GEX_FN_00417970
.byte 0xfa,0x00,0x00,0x00,0x74,0x02,0x00,0x00
.long _GEX_FN_00435ab0
.long _GEX_FN_00435760
.long _GEX_FN_00435980
.long _GEX_FN_004356e0
.byte 0xfa,0x00,0x00,0x00,0x30,0x08,0x00,0x00
.long _GEX_FN_00434a50
.long _GEX_FN_00434570
.long _GEX_FN_00434670
.long _GEX_FN_004355d0
.byte 0xfa,0x00,0x00,0x00,0x10,0x03,0x00,0x00
.long _GEX_FN_0041fdd0
.zero 4
.long _GEX_FN_0041fec0
.byte 0x00,0x00,0x00,0x00,0xfa,0x00,0x00,0x00,0x00,0x00,0x80,0x00
.long _GEX_FN_0041feb0
.zero 4
.long _GEX_FN_0041fec0
.byte 0x00,0x00,0x00,0x00,0xfa,0x00,0x00,0x00,0x00,0x00,0x80,0x00
.long _GEX_FN_004335f0
.long _GEX_FN_004339c0
.long _GEX_FN_00433b20
.long _GEX_FN_00433690
.byte 0xfa,0x00,0x00,0x00,0x00,0x0a,0x40,0x00
.long _GEX_FN_004335f0
.long _GEX_FN_004339c0
.long _GEX_FN_00433b20
.long _GEX_FN_00433690
.byte 0xfa,0x00,0x00,0x00,0x00,0x0a,0x40,0x00
.long _GEX_FN_004335f0
.long _GEX_FN_004339c0
.long _GEX_FN_00433b20
.long _GEX_FN_00433690
.byte 0xfa,0x00,0x00,0x00,0x00,0x0a,0x40,0x00
.long _GEX_FN_004335f0
.long _GEX_FN_004339c0
.long _GEX_FN_00433b20
.long _GEX_FN_00433690
.byte 0xfa,0x00,0x00,0x00,0x00,0x0a,0x40,0x00
.long _GEX_FN_004335f0
.long _GEX_FN_004339c0
.long _GEX_FN_00433b20
.long _GEX_FN_00433690
.byte 0xfa,0x00,0x00,0x00,0x00,0x0a,0x40,0x00
.long _GEX_FN_004335f0
.long _GEX_FN_004339c0
.long _GEX_FN_00433b20
.long _GEX_FN_00433690
.byte 0xfa,0x00,0x00,0x00,0x00,0x0a,0x40,0x00
.long _GEX_FN_004335f0
.long _GEX_FN_004339c0
.long _GEX_FN_00433b20
.long _GEX_FN_00433690
.byte 0xfa,0x00,0x00,0x00,0x00,0x0a,0x00,0x00
.long _GEX_FN_004335f0
.long _GEX_FN_004339c0
.long _GEX_FN_00433b20
.long _GEX_FN_00433690
.byte 0xfa,0x00,0x00,0x00,0x00,0x0a,0x40,0x00
.long _GEX_FN_004335f0
.long _GEX_FN_004339c0
.long _GEX_FN_00433b20
.long _GEX_FN_00433690
.byte 0xfa,0x00,0x00,0x00,0x00,0x0a,0x40,0x00
.long _GEX_FN_004335f0
.long _GEX_FN_004339c0
.long _GEX_FN_00433b20
.long _GEX_FN_00433690
.byte 0xfa,0x00,0x00,0x00,0x00,0x0a,0x40,0x00
.long _GEX_FN_004335f0
.long _GEX_FN_004339c0
.long _GEX_FN_00433b20
.long _GEX_FN_00433690
.byte 0xfa,0x00,0x00,0x00,0x00,0x0a,0x40,0x00
.long _GEX_FN_004335f0
.long _GEX_FN_004339c0
.long _GEX_FN_00433b20
.long _GEX_FN_00433690
.byte 0xfa,0x00,0x00,0x00,0x00,0x0a,0x40,0x00
.long _GEX_FN_004335f0
.long _GEX_FN_004339c0
.long _GEX_FN_00433b20
.long _GEX_FN_00433690
.byte 0xfa,0x00,0x00,0x00,0x00,0x0a,0x40,0x00
.long _GEX_FN_004335f0
.long _GEX_FN_004339c0
.long _GEX_FN_00433b20
.long _GEX_FN_00433690
.byte 0xfa,0x00,0x00,0x00,0x00,0x0a,0x40,0x00
.long _GEX_FN_004335f0
.long _GEX_FN_004339c0
.long _GEX_FN_00433b20
.long _GEX_FN_00433690
.byte 0xfa,0x00,0x00,0x00,0x00,0x0a,0x40,0x00
.long _GEX_FN_004335f0
.long _GEX_FN_004339c0
.long _GEX_FN_00433b20
.long _GEX_FN_00433690
.byte 0xfa,0x00,0x00,0x00,0x00,0x0a,0x40,0x00
.long _GEX_FN_004335f0
.long _GEX_FN_004339c0
.long _GEX_FN_00433b20
.long _GEX_FN_00433690
.byte 0xfa,0x00,0x00,0x00,0x00,0x0a,0x40,0x00
.long _GEX_FN_004335f0
.long _GEX_FN_004339c0
.long _GEX_FN_00433b20
.long _GEX_FN_00433690
.byte 0xfa,0x00,0x00,0x00,0x00,0x0a,0x40,0x00
.long _GEX_FN_004335f0
.long _GEX_FN_004339c0
.long _GEX_FN_00433b20
.long _GEX_FN_00433690
.byte 0xfa,0x00,0x00,0x00,0x00,0x0a,0x40,0x00
.long _GEX_FN_004335f0
.long _GEX_FN_004339c0
.long _GEX_FN_00433b20
.long _GEX_FN_00433690
.byte 0xfa,0x00,0x00,0x00,0x00,0x0a,0x40,0x00
.long _GEX_FN_004335f0
.long _GEX_FN_004339c0
.long _GEX_FN_00433b20
.long _GEX_FN_00433690
.byte 0xfa,0x00,0x00,0x00,0x00,0x0a,0x00,0x00
.long _GEX_FN_00433670
.long _GEX_FN_00433a70
.long _GEX_FN_00433b20
.long _GEX_FN_004338d0
.byte 0xfa,0x00,0x00,0x00,0x00,0x0a,0x40,0x00
.long _GEX_FN_004335f0
.long _GEX_FN_004339c0
.long _GEX_FN_00433b20
.long _GEX_FN_00433690
.byte 0xfa,0x00,0x00,0x00,0x00,0x0a,0x40,0x00
.long _GEX_FN_004335f0
.long _GEX_FN_004339c0
.long _GEX_FN_00433b20
.long _GEX_FN_00433690
.byte 0xfa,0x00,0x00,0x00,0x00,0x0a,0x40,0x00
.long _GEX_FN_004335f0
.long _GEX_FN_004339c0
.long _GEX_FN_00433b20
.long _GEX_FN_00433690
.byte 0xfa,0x00,0x00,0x00,0x00,0x0a,0x40,0x00
.long _GEX_FN_004335f0
.long _GEX_FN_004339c0
.long _GEX_FN_00433b20
.long _GEX_FN_00433690
.byte 0xfa,0x00,0x00,0x00,0x00,0x0a,0x00,0x00
.long _GEX_FN_004335f0
.long _GEX_FN_004339c0
.long _GEX_FN_00433b20
.long _GEX_FN_00433690
.byte 0xfa,0x00,0x00,0x00,0x00,0x0a,0x40,0x00
.long _GEX_FN_004335f0
.long _GEX_FN_004339c0
.long _GEX_FN_00433b20
.long _GEX_FN_00433690
.byte 0xfa,0x00,0x00,0x00,0x00,0x0a,0x40,0x00
.long _GEX_FN_00433670
.long _GEX_FN_00433a70
.long _GEX_FN_00433b20
.long _GEX_FN_004338d0
.byte 0xfa,0x00,0x00,0x00,0x00,0x0a,0x40,0x00
.long _GEX_FN_004335f0
.long _GEX_FN_004339c0
.long _GEX_FN_00433b20
.long _GEX_FN_00433690
.byte 0xfa,0x00,0x00,0x00,0x00,0x0b,0x40,0x00
.long _GEX_FN_004335f0
.long _GEX_FN_004339c0
.long _GEX_FN_00433b20
.long _GEX_FN_00433690
.byte 0xfa,0x00,0x00,0x00,0x00,0x0a,0x40,0x00
.long _GEX_FN_00433670
.long _GEX_FN_00433a70
.long _GEX_FN_00433b20
.long _GEX_FN_00433690
.byte 0xfa,0x00,0x00,0x00,0x00,0x0a,0x40,0x00
.long _GEX_FN_004335f0
.long _GEX_FN_004339c0
.long _GEX_FN_00433b20
.long _GEX_FN_00433690
.byte 0xfa,0x00,0x00,0x00,0x00,0x0a,0x40,0x00
.long _GEX_FN_004335f0
.long _GEX_FN_004339c0
.long _GEX_FN_00433b20
.long _GEX_FN_00433690
.byte 0xfa,0x00,0x00,0x00,0x00,0x0a,0x40,0x00
.long _GEX_FN_004335f0
.long _GEX_FN_004339c0
.long _GEX_FN_00433b20
.long _GEX_FN_00433690
.byte 0xfa,0x00,0x00,0x00,0x00,0x0a,0x40,0x00
.long _GEX_FN_004335f0
.long _GEX_FN_004339c0
.long _GEX_FN_00433b20
.long _GEX_FN_00433690
.byte 0xfa,0x00,0x00,0x00,0x00,0x0a,0x40,0x00
.long _GEX_FN_004335f0
.long _GEX_FN_004339c0
.long _GEX_FN_00433b20
.long _GEX_FN_00433690
.byte 0xfa,0x00,0x00,0x00,0x00,0x0a,0x40,0x00
.long _GEX_FN_004335f0
.long _GEX_FN_004339c0
.long _GEX_FN_00433b20
.long _GEX_FN_00433690
.byte 0xfa,0x00,0x00,0x00,0x00,0x0a,0x40,0x00
.long _GEX_FN_004335f0
.long _GEX_FN_004339c0
.long _GEX_FN_00433b20
.long _GEX_FN_00433690
.byte 0xfa,0x00,0x00,0x00,0x00,0x0a,0x40,0x00
.long _GEX_FN_004335f0
.long _GEX_FN_004339c0
.long _GEX_FN_00433b20
.long _GEX_FN_00433690
.byte 0xfa,0x00,0x00,0x00,0x00,0x0a,0x40,0x00
.long _GEX_FN_004335f0
.long _GEX_FN_004339c0
.long _GEX_FN_00433b20
.long _GEX_FN_00433690
.byte 0xfa,0x00,0x00,0x00,0x00,0x0a,0x40,0x00
.long _GEX_FN_004335f0
.long _GEX_FN_004339c0
.long _GEX_FN_00433b20
.long _GEX_FN_00433690
.byte 0xfa,0x00,0x00,0x00,0x00,0x0a,0x40,0x00
.long _GEX_FN_004335f0
.long _GEX_FN_004339c0
.long _GEX_FN_00433b20
.long _GEX_FN_00433690
.byte 0xfa,0x00,0x00,0x00,0x00,0x0a,0x40,0x00
.long _GEX_FN_00433670
.long _GEX_FN_00433a70
.long _GEX_FN_00433b20
.long _GEX_FN_004338d0
.byte 0xfa,0x00,0x00,0x00,0x00,0x0a,0x40,0x00
.long _GEX_FN_004335f0
.long _GEX_FN_004339c0
.long _GEX_FN_00433b20
.long _GEX_FN_00433690
.byte 0xfa,0x00,0x00,0x00,0x00,0x0a,0x40,0x00
.long _GEX_FN_004335f0
.long _GEX_FN_004339c0
.long _GEX_FN_00433b20
.long _GEX_FN_00433690
.byte 0xfa,0x00,0x00,0x00,0x00,0x0a,0x40,0x00
.long _GEX_FN_004335f0
.long _GEX_FN_004339c0
.long _GEX_FN_00433b20
.long _GEX_FN_00433690
.byte 0xfa,0x00,0x00,0x00,0x00,0x0a,0x40,0x00
.long _GEX_FN_004335f0
.long _GEX_FN_004339c0
.long _GEX_FN_00433b20
.long _GEX_FN_00433690
.byte 0xfa,0x00,0x00,0x00,0x00,0x0a,0x40,0x00
.long _GEX_FN_004335f0
.long _GEX_FN_004339c0
.long _GEX_FN_00433b20
.long _GEX_FN_00433690
.byte 0xfa,0x00,0x00,0x00,0x00,0x0a,0x40,0x00
.long _GEX_FN_004335f0
.long _GEX_FN_004339c0
.long _GEX_FN_00433b20
.long _GEX_FN_00433690
.byte 0xfa,0x00,0x00,0x00,0x00,0x0a,0x40,0x00
.long _GEX_FN_004335f0
.long _GEX_FN_004339c0
.long _GEX_FN_00433b20
.long _GEX_FN_00433690
.byte 0xfa,0x00,0x00,0x00,0x00,0x0a,0x40,0x00
.long _GEX_FN_00435ab0
.long _GEX_FN_00435760
.long _GEX_FN_00435980
.long _GEX_FN_004356e0
.byte 0xfa,0x00,0x00,0x00,0x00,0x08,0x20,0x00
.long _GEX_FN_00435ab0
.long _GEX_FN_00435760
.long _GEX_FN_00435980
.long _GEX_FN_004356e0
.byte 0xfa,0x00,0x00,0x00,0x00,0x08,0x20,0x00
.long _GEX_FN_00435ab0
.long _GEX_FN_00435760
.long _GEX_FN_00435980
.long _GEX_FN_004356e0
.byte 0xfa,0x00,0x00,0x00,0x00,0x08,0x20,0x00
.long _GEX_FN_00435ab0
.long _GEX_FN_00435760
.long _GEX_FN_00435980
.long _GEX_FN_004356e0
.byte 0xfa,0x00,0x00,0x00,0x00,0x08,0x20,0x00
.long _GEX_FN_00435ab0
.long _GEX_FN_00435760
.long _GEX_FN_00435980
.long _GEX_FN_004356e0
.byte 0xfa,0x00,0x00,0x00,0x00,0x08,0x20,0x00
.long _GEX_FN_00435ab0
.long _GEX_FN_00435760
.long _GEX_FN_00435980
.long _GEX_FN_004356e0
.byte 0xfa,0x00,0x00,0x00,0x00,0x08,0x20,0x00
.long _GEX_FN_00435ab0
.long _GEX_FN_00435760
.long _GEX_FN_00435980
.long _GEX_FN_004356e0
.byte 0xfa,0x00,0x00,0x00,0x00,0x08,0x20,0x00
.long _GEX_FN_00435ab0
.long _GEX_FN_00435760
.long _GEX_FN_00435980
.long _GEX_FN_004356e0
.byte 0xfa,0x00,0x00,0x00,0x00,0x08,0x20,0x00
.long _GEX_FN_00435ab0
.long _GEX_FN_00435760
.long _GEX_FN_00435980
.long _GEX_FN_004356e0
.byte 0xfa,0x00,0x00,0x00,0x00,0x08,0x20,0x00
.long _GEX_FN_00435ab0
.long _GEX_FN_00435760
.long _GEX_FN_00435980
.long _GEX_FN_004356e0
.byte 0xfa,0x00,0x00,0x00,0x00,0x08,0x20,0x00
.long _GEX_FN_004335f0
.long _GEX_FN_004339c0
.long _GEX_FN_00433b20
.long _GEX_FN_00433690
.byte 0xfa,0x00,0x00,0x00,0x00,0x0a,0x00,0x00
.long _GEX_FN_004335f0
.long _GEX_FN_004339c0
.long _GEX_FN_00433b20
.long _GEX_FN_00433690
.byte 0xfa,0x00,0x00,0x00,0x00,0x0a,0x00,0x00
.long _GEX_FN_004335f0
.long _GEX_FN_004339c0
.long _GEX_FN_00433b20
.long _GEX_FN_00433690
.byte 0xfa,0x00,0x00,0x00,0x00,0x0a,0x00,0x00
.long _GEX_FN_004335f0
.long _GEX_FN_004339c0
.long _GEX_FN_00433b20
.long _GEX_FN_00433690
.byte 0xfa,0x00,0x00,0x00,0x00,0x0a,0x00,0x00
.long _GEX_FN_004335f0
.long _GEX_FN_004339c0
.long _GEX_FN_00433b20
.long _GEX_FN_00433690
.byte 0xfa,0x00,0x00,0x00,0x00,0x0a,0x00,0x00
.long _GEX_FN_004335f0
.long _GEX_FN_004339c0
.long _GEX_FN_00433b20
.long _GEX_FN_00433690
.byte 0xfa,0x00,0x00,0x00,0x00,0x0a,0x00,0x00
.long _GEX_FN_004335f0
.long _GEX_FN_004339c0
.long _GEX_FN_00433b20
.long _GEX_FN_00433690
.byte 0xfa,0x00,0x00,0x00,0x00,0x0a,0x00,0x00
.long _GEX_FN_004335f0
.long _GEX_FN_004339c0
.long _GEX_FN_00433b20
.long _GEX_FN_00433690
.byte 0xfa,0x00,0x00,0x00,0x00,0x0a,0x00,0x00
.long _GEX_FN_004335f0
.long _GEX_FN_004339c0
.long _GEX_FN_00433b20
.long _GEX_FN_00433690
.byte 0xfa,0x00,0x00,0x00,0x00,0x0a,0x00,0x00
.long _GEX_FN_004335f0
.long _GEX_FN_004339c0
.long _GEX_FN_00433b20
.long _GEX_FN_00433690
.byte 0xfa,0x00,0x00,0x00,0x00,0x0a,0x00,0x00
.long _GEX_FN_004335f0
.long _GEX_FN_004339c0
.long _GEX_FN_00433b20
.long _GEX_FN_00433690
.byte 0xfa,0x00,0x00,0x00,0x00,0x0a,0x00,0x00
.long _GEX_FN_004335f0
.long _GEX_FN_004339c0
.long _GEX_FN_00433b20
.long _GEX_FN_00433690
.byte 0xfa,0x00,0x00,0x00,0x00,0x0a,0x00,0x00
.long _GEX_FN_004335f0
.long _GEX_FN_004339c0
.long _GEX_FN_00433b20
.long _GEX_FN_00433690
.byte 0xfa,0x00,0x00,0x00,0x00,0x0a,0x00,0x00
.long _GEX_FN_004335f0
.long _GEX_FN_004339c0
.long _GEX_FN_00433b20
.long _GEX_FN_00433690
.byte 0xfa,0x00,0x00,0x00,0x00,0x0a,0x00,0x00
.long _GEX_FN_004335f0
.long _GEX_FN_004339c0
.long _GEX_FN_00433b20
.long _GEX_FN_00433690
.byte 0xfa,0x00,0x00,0x00,0x00,0x0a,0x40,0x00
.long _GEX_FN_004335f0
.long _GEX_FN_004339c0
.long _GEX_FN_00433b20
.long _GEX_FN_00433690
.byte 0xfa,0x00,0x00,0x00,0x00,0x0a,0x00,0x00
.long _GEX_FN_004335f0
.long _GEX_FN_004339c0
.long _GEX_FN_00433b20
.long _GEX_FN_00433690
.byte 0xfa,0x00,0x00,0x00,0x00,0x0a,0x00,0x00
.long _GEX_FN_004335f0
.long _GEX_FN_004339c0
.long _GEX_FN_00433b20
.long _GEX_FN_00433690
.byte 0xfa,0x00,0x00,0x00,0x00,0x0a,0x00,0x00
.long _GEX_FN_004335f0
.long _GEX_FN_004339c0
.long _GEX_FN_00433b20
.long _GEX_FN_00433690
.byte 0xfa,0x00,0x00,0x00,0x00,0x0a,0x00,0x00
.long _GEX_FN_004335f0
.long _GEX_FN_004339c0
.long _GEX_FN_00433b20
.long _GEX_FN_00433690
.byte 0xfa,0x00,0x00,0x00,0x00,0x0a,0x00,0x00
.long _GEX_FN_004335f0
.long _GEX_FN_004339c0
.long _GEX_FN_00433b20
.long _GEX_FN_00433690
.byte 0xfa,0x00,0x00,0x00,0x00,0x0a,0x00,0x00
.long _GEX_FN_004335f0
.long _GEX_FN_004339c0
.long _GEX_FN_00433b20
.long _GEX_FN_00433690
.byte 0xfa,0x00,0x00,0x00,0x00,0x0a,0x00,0x00
.long _GEX_FN_0043ce20
.long _GEX_FN_0043ce90
.long _GEX_FN_0043cfb0
.long _GEX_FN_0043cfc0
.byte 0xfa,0x00,0x00,0x00,0x00,0x03,0x00,0x00
.long _GEX_FN_0043cfe0
.long _GEX_FN_0043d050
.long _GEX_FN_0043d160
.long _GEX_FN_0043d170
.byte 0xfa,0x00,0x00,0x00,0x00,0x04,0x00,0x00
.long _GEX_FN_0040dda0
.long _GEX_FN_0040dee0
.long _GEX_FN_0040def0
.byte 0x00,0x00,0x00,0x00,0xfa,0x00,0x00,0x00,0x00,0x00,0x00,0x00,0x00,0x00,0x00,0x00
.byte 0x00,0x00,0x00,0x00
.long _GEX_FN_0042e2b0
.byte 0x00,0x00,0x00,0x00,0xfa,0x00,0x00,0x00,0x00,0x00,0x00,0x00
.long _GEX_FN_00431dc0
.long _GEX_FN_00431e00
.long _GEX_FN_00431f90
.long _GEX_FN_00432390
.byte 0xfa,0x00,0x00,0x00,0x00,0x05,0x00,0x00
.long _GEX_FN_00432650
.long _GEX_FN_00432680
.long _GEX_FN_004327e0
.long _GEX_FN_004329f0
.byte 0xfa,0x00,0x00,0x00,0x00,0x05,0x00,0x00
.long _GEX_FN_00432a70
.long _GEX_FN_00432ab0
.long _GEX_FN_00432c80
.long _GEX_FN_00433170
.byte 0xfa,0x00,0x00,0x00,0x00,0x05,0x00,0x00
.long _GEX_FN_00433670
.long _GEX_FN_00433a70
.long _GEX_FN_00433b20
.long _GEX_FN_004338d0
.byte 0xfa,0x00,0x00,0x00,0x00,0x03,0x00,0x00
.long _GEX_FN_00433670
.long _GEX_FN_00433a70
.long _GEX_FN_00433b20
.long _GEX_FN_004338d0
.byte 0xfa,0x00,0x00,0x00,0x00,0x03,0x00,0x00
.long _GEX_FN_004335f0
.long _GEX_FN_004339c0
.long _GEX_FN_00433b20
.long _GEX_FN_00433690
.byte 0xfa,0x00,0x00,0x00,0x00,0x0a,0x00,0x00
.long _GEX_FN_004335f0
.long _GEX_FN_004339c0
.long _GEX_FN_00433b20
.long _GEX_FN_00433690
.byte 0xfa,0x00,0x00,0x00,0x00,0x0a,0x00,0x00
.long _GEX_FN_004335f0
.long _GEX_FN_004339c0
.long _GEX_FN_00433b20
.long _GEX_FN_00433690
.byte 0xfa,0x00,0x00,0x00,0x00,0x0a,0x00,0x00
.long _GEX_FN_004335f0
.long _GEX_FN_004339c0
.long _GEX_FN_00433b20
.long _GEX_FN_00433690
.byte 0xfa,0x00,0x00,0x00,0x00,0x0a,0x00,0x00
.long _GEX_FN_004335f0
.long _GEX_FN_004339c0
.long _GEX_FN_00433b20
.long _GEX_FN_00433690
.byte 0xfa,0x00,0x00,0x00,0x00,0x0a,0x00,0x00
.long _GEX_FN_00433670
.long _GEX_FN_00433a70
.long _GEX_FN_00433b20
.long _GEX_FN_004338d0
.byte 0xfa,0x00,0x00,0x00,0x00,0x04,0x00,0x00
.long _GEX_FN_004335f0
.long _GEX_FN_004339c0
.long _GEX_FN_00433b20
.long _GEX_FN_00433690
.byte 0xfa,0x00,0x00,0x00,0x00,0x03,0x00,0x00
.long _GEX_FN_004335f0
.long _GEX_FN_004339c0
.long _GEX_FN_00433b20
.long _GEX_FN_00433690
.byte 0xfa,0x00,0x00,0x00,0x00,0x0a,0x00,0x00
.long _GEX_FN_004335f0
.long _GEX_FN_004339c0
.long _GEX_FN_00433b20
.long _GEX_FN_00433690
.byte 0xfa,0x00,0x00,0x00,0x00,0x0a,0x00,0x00
.long _GEX_FN_004335f0
.long _GEX_FN_004339c0
.long _GEX_FN_00433b20
.long _GEX_FN_00433690
.byte 0xfa,0x00,0x00,0x00,0x00,0x0a,0x00,0x00
.long _GEX_FN_004335f0
.long _GEX_FN_004339c0
.long _GEX_FN_00433b20
.long _GEX_FN_00433690
.byte 0xfa,0x00,0x00,0x00,0x00,0x0a,0x00,0x00
.long _GEX_FN_0040ba50
.long _GEX_FN_0040baa0
.long _GEX_FN_0040bab0
.byte 0x00,0x00,0x00,0x00,0xfa,0x00,0x00,0x00,0x00,0x00,0x00,0x00
.long _GEX_FN_0040bc20
.long _GEX_FN_0040bc30
.long _GEX_FN_0040bc40
.byte 0x00,0x00,0x00,0x00,0xfa,0x00,0x00,0x00,0x00,0x00,0x00,0x00
.long _GEX_FN_004335f0
.long _GEX_FN_004339c0
.long _GEX_FN_00433b20
.long _GEX_FN_00433690
.byte 0xfa,0x00,0x00,0x00,0x00,0x09,0x00,0x00
.long _GEX_FN_004335f0
.long _GEX_FN_004339c0
.long _GEX_FN_00433e60
.long _GEX_FN_00433690
.byte 0xfa,0x00,0x00,0x00,0x00,0x06,0x00,0x00
.long _GEX_FN_004335f0
.long _GEX_FN_004339c0
.long _GEX_FN_00433b20
.long _GEX_FN_00433690
.byte 0xfa,0x00,0x00,0x00,0x00,0x0a,0x00,0x00
.long _GEX_FN_0041abb0
.long _GEX_FN_0041ac70
.long _GEX_FN_0041b010
.long _GEX_FN_0041aea0
.byte 0xfa,0x00,0x00,0x00,0x00,0x06,0x00,0x00
.long _GEX_FN_0043d570
.long _GEX_FN_004339c0
.long _GEX_FN_00433e60
.long _GEX_FN_00433690
.byte 0xfa,0x00,0x00,0x00,0x00,0x06,0x00,0x00
.long _GEX_FN_004335f0
.long _GEX_FN_004339c0
.long _GEX_FN_00433b20
.long _GEX_FN_00433690
.byte 0xfa,0x00,0x00,0x00,0x00,0x0a,0x00,0x00
.long _GEX_FN_0041b040
.long _GEX_FN_0041b070
.long _GEX_FN_0041b0d0
.long _GEX_FN_0041b0a0
.byte 0xfa,0x00,0x00,0x00,0x00,0x06,0x00,0x00
.long _GEX_FN_004335f0
.long _GEX_FN_004339c0
.long _GEX_FN_00433b20
.long _GEX_FN_00433690
.byte 0xfa,0x00,0x00,0x00,0x00,0x0a,0x00,0x00
.long _GEX_FN_004335f0
.long _GEX_FN_004339c0
.long _GEX_FN_00433b20
.long _GEX_FN_00433690
.byte 0xfa,0x00,0x00,0x00,0x00,0x03,0x00,0x00
.long _GEX_FN_0043d1e0
.long _GEX_FN_0043d230
.long _GEX_FN_0043d320
.long _GEX_FN_0043d330
.byte 0xfa,0x00,0x00,0x00,0x00,0x03,0x00,0x00
.long _GEX_FN_0043d350
.long _GEX_FN_0043d3e0
.long _GEX_FN_0043d4f0
.long _GEX_FN_0043d500
.byte 0xfa,0x00,0x00,0x00,0x00,0x04,0x00,0x00
.long _GEX_FN_0040c170
.long _GEX_FN_0040c180
.long _GEX_FN_0040c190
.byte 0x00,0x00,0x00,0x00,0xfa,0x00,0x00,0x00,0x00,0x00,0x00,0x00
.long _GEX_FN_0040c210
.long _GEX_FN_0040c330
.long _GEX_FN_0040c340
.byte 0x00,0x00,0x00,0x00,0xfa,0x00,0x00,0x00,0x00,0x00,0x00,0x00
.long _GEX_FN_004335f0
.long _GEX_FN_004339c0
.long _GEX_FN_00433b20
.long _GEX_FN_00433690
.byte 0xfa,0x00,0x00,0x00,0x00,0x0a,0x00,0x00
.long _GEX_FN_004335f0
.long _GEX_FN_004339c0
.long _GEX_FN_00433b20
.long _GEX_FN_00433690
.byte 0xfa,0x00,0x00,0x00,0x00,0x0a,0x00,0x00
.long _GEX_FN_004335f0
.long _GEX_FN_004339c0
.long _GEX_FN_00433b20
.long _GEX_FN_00433690
.byte 0xfa,0x00,0x00,0x00,0x00,0x0a,0x00,0x00
.long _GEX_FN_004335f0
.long _GEX_FN_004339c0
.long _GEX_FN_00433b20
.long _GEX_FN_00433690
.byte 0xfa,0x00,0x00,0x00,0x00,0x03,0x00,0x00
.long _GEX_FN_004335f0
.long _GEX_FN_004339c0
.long _GEX_FN_00433b20
.long _GEX_FN_00433690
.byte 0xfa,0x00,0x00,0x00,0x00,0x03,0x00,0x00
.long _GEX_FN_0043d570
.long _GEX_FN_004339c0
.long _GEX_FN_00433b20
.long _GEX_FN_00433690
.byte 0xfa,0x00,0x00,0x00,0x00,0x0a,0x00,0x00
.long _GEX_FN_004335f0
.long _GEX_FN_004339c0
.long _GEX_FN_00433b20
.long _GEX_FN_00433690
.byte 0xfa,0x00,0x00,0x00,0x00,0x0a,0x00,0x00
.long _GEX_FN_004335f0
.long _GEX_FN_004339c0
.long _GEX_FN_00433b20
.long _GEX_FN_00433690
.byte 0xfa,0x00,0x00,0x00,0x00,0x0a,0x00,0x00
.long _GEX_FN_004335f0
.long _GEX_FN_004339c0
.long _GEX_FN_00433b20
.long _GEX_FN_00433690
.byte 0xfa,0x00,0x00,0x00,0x00,0x0a,0x00,0x00
.long _GEX_FN_004335f0
.long _GEX_FN_004339c0
.long _GEX_FN_00433b20
.long _GEX_FN_00433690
.byte 0xfa,0x00,0x00,0x00,0x00,0x0a,0x00,0x00
.long _GEX_FN_004335f0
.long _GEX_FN_004339c0
.long _GEX_FN_00433b20
.long _GEX_FN_00433690
.byte 0xfa,0x00,0x00,0x00,0x00,0x03,0x00,0x00
.long _GEX_FN_004335f0
.long _GEX_FN_004339c0
.long _GEX_FN_00433b20
.long _GEX_FN_00433690
.byte 0xfa,0x00,0x00,0x00,0x00,0x03,0x00,0x00
.long _GEX_FN_004335f0
.long _GEX_FN_004339c0
.long _GEX_FN_00433b20
.long _GEX_FN_00433690
.byte 0xfa,0x00,0x00,0x00,0x00,0x0a,0x00,0x00
.long _GEX_FN_004335f0
.long _GEX_FN_004339c0
.long _GEX_FN_00433b20
.long _GEX_FN_004338d0
.byte 0xfa,0x00,0x00,0x00,0x00,0x03,0x00,0x00
.long _GEX_FN_004335f0
.long _GEX_FN_004339c0
.long _GEX_FN_00433b20
.long _GEX_FN_00433690
.byte 0xfa,0x00,0x00,0x00,0x00,0x03,0x00,0x00
.long _GEX_FN_004335f0
.long _GEX_FN_004339c0
.long _GEX_FN_00433b20
.long _GEX_FN_00433690
.byte 0xfa,0x00,0x00,0x00,0x00,0x0a,0x00,0x00
.long _GEX_FN_004335f0
.long _GEX_FN_004339c0
.long _GEX_FN_00433b20
.long _GEX_FN_00433690
.byte 0xfa,0x00,0x00,0x00,0x00,0x03,0x00,0x00
.long _GEX_FN_004335f0
.long _GEX_FN_004339c0
.long _GEX_FN_00433b20
.long _GEX_FN_00433690
.byte 0xfa,0x00,0x00,0x00,0x00,0x0a,0x00,0x00
.long _GEX_FN_004335f0
.long _GEX_FN_004339c0
.long _GEX_FN_00433b20
.long _GEX_FN_00433690
.byte 0xfa,0x00,0x00,0x00,0x00,0x0a,0x00,0x00
.long _GEX_FN_004335f0
.long _GEX_FN_004339c0
.long _GEX_FN_00433b20
.long _GEX_FN_00433690
.byte 0xfa,0x00,0x00,0x00,0x00,0x03,0x00,0x00
.long _GEX_FN_004335f0
.long _GEX_FN_004339c0
.long _GEX_FN_00433b20
.long _GEX_FN_00433690
.byte 0xfa,0x00,0x00,0x00,0x00,0x0a,0x00,0x00
.long _GEX_FN_004335f0
.long _GEX_FN_004339c0
.long _GEX_FN_00433b20
.long _GEX_FN_00433690
.byte 0xfa,0x00,0x00,0x00,0x00,0x0a,0x00,0x00
.long _GEX_FN_004335f0
.long _GEX_FN_004339c0
.long _GEX_FN_00433b20
.long _GEX_FN_00433690
.byte 0xfa,0x00,0x00,0x00,0x00,0x03,0x00,0x00
.long _GEX_FN_004335f0
.long _GEX_FN_004339c0
.long _GEX_FN_00433b20
.long _GEX_FN_00433690
.byte 0xfa,0x00,0x00,0x00,0x00,0x0a,0x00,0x00
.long _GEX_FN_004335f0
.long _GEX_FN_004339c0
.long _GEX_FN_00433b20
.long _GEX_FN_00433690
.byte 0xfa,0x00,0x00,0x00,0x00,0x03,0x00,0x00
.long _GEX_FN_004335f0
.long _GEX_FN_004339c0
.long _GEX_FN_00433b20
.long _GEX_FN_00433690
.byte 0xfa,0x00,0x00,0x00,0x00,0x03,0x00,0x00
.long _GEX_FN_004335f0
.long _GEX_FN_004339c0
.long _GEX_FN_00433b20
.long _GEX_FN_00433690
.byte 0xfa,0x00,0x00,0x00,0x00,0x03,0x00,0x00
.long _GEX_FN_004335f0
.long _GEX_FN_004339c0
.long _GEX_FN_00433b20
.long _GEX_FN_00433690
.byte 0xfa,0x00,0x00,0x00,0x00,0x03,0x00,0x00
.long _GEX_FN_004335f0
.long _GEX_FN_004339c0
.long _GEX_FN_00433b20
.long _GEX_FN_00433690
.byte 0xfa,0x00,0x00,0x00,0x00,0x0a,0x00,0x00
.long _GEX_FN_004335f0
.long _GEX_FN_004339c0
.long _GEX_FN_00433b20
.long _GEX_FN_00433690
.byte 0xfa,0x00,0x00,0x00,0x00,0x0a,0x00,0x00
.long _GEX_FN_004335f0
.long _GEX_FN_004339c0
.long _GEX_FN_00433b20
.long _GEX_FN_00433690
.byte 0xfa,0x00,0x00,0x00,0x00,0x0a,0x00,0x00
.long _GEX_FN_00433670
.long _GEX_FN_00433a70
.long _GEX_FN_00433b20
.long _GEX_FN_004338d0
.byte 0xfa,0x00,0x00,0x00,0x00,0x0a,0x00,0x00
.long _GEX_FN_004335f0
.long _GEX_FN_004339c0
.long _GEX_FN_00433b20
.long _GEX_FN_00433690
.byte 0xfa,0x00,0x00,0x00,0x00,0x0a,0x00,0x00
.long _GEX_FN_004335f0
.long _GEX_FN_004339c0
.long _GEX_FN_00433b20
.long _GEX_FN_00433690
.byte 0xfa,0x00,0x00,0x00,0x00,0x03,0x00,0x00
.long _GEX_FN_004335f0
.long _GEX_FN_004339c0
.long _GEX_FN_00433b20
.long _GEX_FN_00433690
.byte 0xfa,0x00,0x00,0x00,0x00,0x03,0x00,0x00
.long _GEX_FN_004335f0
.long _GEX_FN_004339c0
.long _GEX_FN_00433b20
.long _GEX_FN_00433690
.byte 0xfa,0x00,0x00,0x00,0x00,0x0a,0x00,0x00
.long _GEX_FN_004335f0
.long _GEX_FN_004339c0
.long _GEX_FN_00433b20
.long _GEX_FN_00433690
.byte 0xfa,0x00,0x00,0x00,0x00,0x0a,0x00,0x00
.long _GEX_FN_004335f0
.long _GEX_FN_004339c0
.long _GEX_FN_00433b20
.long _GEX_FN_00433690
.byte 0xfa,0x00,0x00,0x00,0x00,0x0a,0x00,0x00
.long _GEX_FN_004335f0
.long _GEX_FN_004339c0
.long _GEX_FN_00433b20
.long _GEX_FN_00433690
.byte 0xfa,0x00,0x00,0x00,0x00,0x0a,0x00,0x00
.long _GEX_FN_00433670
.long _GEX_FN_00433a70
.long _GEX_FN_00433b20
.long _GEX_FN_004338d0
.byte 0xfa,0x00,0x00,0x00,0x00,0x04,0x00,0x00
.long _GEX_FN_004335f0
.long _GEX_FN_004339c0
.long _GEX_FN_00433b20
.long _GEX_FN_00433690
.byte 0xfa,0x00,0x00,0x00,0x00,0x0a,0x00,0x00
.long _GEX_FN_004335f0
.long _GEX_FN_004339c0
.long _GEX_FN_00433b20
.long _GEX_FN_00433690
.byte 0xfa,0x00,0x00,0x00,0x00,0x0a,0x00,0x00
.long _GEX_FN_004335f0
.long _GEX_FN_004339c0
.long _GEX_FN_00433b20
.long _GEX_FN_00433690
.byte 0xfa,0x00,0x00,0x00,0x00,0x0a,0x00,0x00
.long _GEX_FN_004335f0
.long _GEX_FN_004339c0
.long _GEX_FN_00433b20
.long _GEX_FN_00433690
.byte 0xfa,0x00,0x00,0x00,0x00,0x0a,0x00,0x00
.long _GEX_FN_004335f0
.long _GEX_FN_004339c0
.long _GEX_FN_00433b20
.long _GEX_FN_004338d0
.byte 0xfa,0x00,0x00,0x00,0x00,0x03,0x00,0x00
.long _GEX_FN_004335f0
.long _GEX_FN_004339c0
.long _GEX_FN_00433b20
.long _GEX_FN_004338d0
.byte 0xfa,0x00,0x00,0x00,0x00,0x03,0x00,0x00
.long _GEX_FN_004335f0
.long _GEX_FN_004339c0
.long _GEX_FN_00433b20
.long _GEX_FN_00433690
.byte 0xfa,0x00,0x00,0x00,0x00,0x0a,0x00,0x00
.long _GEX_FN_004335f0
.long _GEX_FN_004339c0
.long _GEX_FN_00433b20
.long _GEX_FN_00433690
.byte 0xfa,0x00,0x00,0x00,0x00,0x0a,0x00,0x00
.long _GEX_FN_004335f0
.long _GEX_FN_004339c0
.long _GEX_FN_00433b20
.long _GEX_FN_00433690
.byte 0xfa,0x00,0x00,0x00,0x00,0x0a,0x00,0x00
.long _GEX_FN_004335f0
.long _GEX_FN_004339c0
.long _GEX_FN_00433b20
.long _GEX_FN_00433690
.byte 0xfa,0x00,0x00,0x00,0x00,0x0a,0x00,0x00
.long _GEX_FN_004335f0
.long _GEX_FN_004339c0
.long _GEX_FN_00433b20
.long _GEX_FN_00433690
.byte 0xfa,0x00,0x00,0x00,0x00,0x0a,0x00,0x00
.long _GEX_FN_004335f0
.long _GEX_FN_004339c0
.long _GEX_FN_00433b20
.long _GEX_FN_00433690
.byte 0xfa,0x00,0x00,0x00,0x00,0x0a,0x00,0x00
.long _GEX_FN_004335f0
.long _GEX_FN_004339c0
.long _GEX_FN_00433b20
.long _GEX_FN_00433690
.byte 0xfa,0x00,0x00,0x00,0x00,0x03,0x00,0x00
.long _GEX_FN_004335f0
.long _GEX_FN_004339c0
.long _GEX_FN_00433b20
.long _GEX_FN_00433690
.byte 0xfa,0x00,0x00,0x00,0x00,0x0a,0x00,0x00
.long _GEX_FN_004335f0
.long _GEX_FN_004339c0
.long _GEX_FN_00433b20
.long _GEX_FN_00433690
.byte 0xfa,0x00,0x00,0x00,0x00,0x03,0x00,0x00
.long _GEX_FN_004335f0
.long _GEX_FN_004339c0
.long _GEX_FN_00433b20
.long _GEX_FN_00433690
.byte 0xfa,0x00,0x00,0x00,0x00,0x0a,0x00,0x00
.long _GEX_FN_004335f0
.long _GEX_FN_004339c0
.long _GEX_FN_00433b20
.long _GEX_FN_00433690
.byte 0xfa,0x00,0x00,0x00,0x00,0x0a,0x00,0x00
.long _GEX_FN_004335f0
.long _GEX_FN_004339c0
.long _GEX_FN_00433b20
.long _GEX_FN_00433690
.byte 0xfa,0x00,0x00,0x00,0x00,0x0a,0x00,0x00
.long _GEX_FN_004335f0
.long _GEX_FN_004339c0
.long _GEX_FN_00433b20
.long _GEX_FN_00433690
.byte 0xfa,0x00,0x00,0x00,0x00,0x0b,0x00,0x00
.long _GEX_FN_004335f0
.long _GEX_FN_004339c0
.long _GEX_FN_00433b20
.long _GEX_FN_00433690
.byte 0xfa,0x00,0x00,0x00,0x00,0x0a,0x00,0x00
.long _GEX_FN_004335f0
.long _GEX_FN_004339c0
.long _GEX_FN_00433b20
.long _GEX_FN_00433690
.byte 0xfa,0x00,0x00,0x00,0x00,0x0a,0x00,0x00
.long _GEX_FN_004335f0
.long _GEX_FN_004339c0
.long _GEX_FN_00433b20
.long _GEX_FN_00433690
.byte 0xfa,0x00,0x00,0x00,0x00,0x0a,0x00,0x00
.long _GEX_FN_004335f0
.long _GEX_FN_004339c0
.long _GEX_FN_00433b20
.long _GEX_FN_00433690
.byte 0xfa,0x00,0x00,0x00,0x00,0x0a,0x00,0x00
.long _GEX_FN_004335f0
.long _GEX_FN_004339c0
.long _GEX_FN_00433b20
.long _GEX_FN_00433690
.byte 0xfa,0x00,0x00,0x00,0x00,0x03,0x00,0x00
.long _GEX_FN_004335f0
.long _GEX_FN_004339c0
.long _GEX_FN_00433b20
.long _GEX_FN_00433690
.byte 0xfa,0x00,0x00,0x00,0x00,0x0a,0x00,0x00
.long _GEX_FN_004335f0
.long _GEX_FN_004339c0
.long _GEX_FN_00433b20
.long _GEX_FN_00433690
.byte 0xfa,0x00,0x00,0x00,0x00,0x0a,0x00,0x00
.long _GEX_FN_004335f0
.long _GEX_FN_004339c0
.long _GEX_FN_00433b20
.long _GEX_FN_00433690
.byte 0xfa,0x00,0x00,0x00,0x00,0x03,0x00,0x00
.long _GEX_FN_004335f0
.long _GEX_FN_004339c0
.long _GEX_FN_00433b20
.long _GEX_FN_00433690
.byte 0xfa,0x00,0x00,0x00,0x00,0x03,0x00,0x00
.long _GEX_FN_004335f0
.long _GEX_FN_004339c0
.long _GEX_FN_00433b20
.long _GEX_FN_00433690
.byte 0xfa,0x00,0x00,0x00,0x00,0x0a,0x00,0x00
.long _GEX_FN_004335f0
.long _GEX_FN_004339c0
.long _GEX_FN_00433b20
.long _GEX_FN_00433690
.byte 0xfa,0x00,0x00,0x00,0x00,0x0a,0x00,0x00
.long _GEX_FN_004335f0
.long _GEX_FN_004339c0
.long _GEX_FN_00433b20
.long _GEX_FN_00433690
.byte 0xfa,0x00,0x00,0x00,0x00,0x0a,0x00,0x00
.long _GEX_FN_00433670
.long _GEX_FN_00433a70
.long _GEX_FN_00433b20
.long _GEX_FN_004338d0
.byte 0xfa,0x00,0x00,0x00,0x00,0x03,0x00,0x00
.long _GEX_FN_004335f0
.long _GEX_FN_004339c0
.long _GEX_FN_00433b20
.long _GEX_FN_00433690
.byte 0xfa,0x00,0x00,0x00,0x00,0x0a,0x00,0x00
.long _GEX_FN_004335f0
.long _GEX_FN_004339c0
.long _GEX_FN_00433b20
.long _GEX_FN_00433690
.byte 0xfa,0x00,0x00,0x00,0x00,0x0a,0x00,0x00
.long _GEX_FN_00433670
.long _GEX_FN_00433a70
.long _GEX_FN_00433b20
.long _GEX_FN_00433690
.byte 0xfa,0x00,0x00,0x00,0x00,0x0a,0x00,0x00
.long _GEX_FN_004335f0
.long _GEX_FN_004339c0
.long _GEX_FN_00433b20
.long _GEX_FN_00433690
.byte 0xfa,0x00,0x00,0x00,0x00,0x0a,0x00,0x00
.long _GEX_FN_004335f0
.long _GEX_FN_004339c0
.long _GEX_FN_00433b20
.long _GEX_FN_00433690
.byte 0xfa,0x00,0x00,0x00,0x00,0x0a,0x00,0x00
.long _GEX_FN_004335f0
.long _GEX_FN_004339c0
.long _GEX_FN_00433b20
.long _GEX_FN_00433690
.byte 0xfa,0x00,0x00,0x00,0x00,0x03,0x00,0x00
.long _GEX_FN_004335f0
.long _GEX_FN_004339c0
.long _GEX_FN_00433b20
.long _GEX_FN_00433690
.byte 0xfa,0x00,0x00,0x00,0x00,0x03,0x00,0x00
.long _GEX_FN_004335f0
.long _GEX_FN_004339c0
.long _GEX_FN_00433b20
.long _GEX_FN_00433690
.byte 0xfa,0x00,0x00,0x00,0x00,0x0a,0x00,0x00
.long _GEX_FN_004335f0
.long _GEX_FN_004339c0
.long _GEX_FN_00433b20
.long _GEX_FN_00433690
.byte 0xfa,0x00,0x00,0x00,0x00,0x0a,0x00,0x00
.long _GEX_FN_004335f0
.long _GEX_FN_004339c0
.long _GEX_FN_00433b20
.long _GEX_FN_00433690
.byte 0xfa,0x00,0x00,0x00,0x00,0x03,0x00,0x00
.long _GEX_FN_0040fe00
.long _GEX_FN_004101d0
.byte 0x00,0x00,0x00,0x00,0x00,0x00,0x00,0x00,0xfa,0x00,0x00,0x00,0x00,0x00,0x00,0x00
.long _GEX_FN_004335f0
.long _GEX_FN_004339c0
.long _GEX_FN_00433b20
.long _GEX_FN_00433690
.byte 0xfa,0x00,0x00,0x00,0x00,0x0a,0x00,0x00
.long _GEX_FN_004335f0
.long _GEX_FN_004339c0
.long _GEX_FN_00433b20
.long _GEX_FN_00433690
.byte 0xfa,0x00,0x00,0x00,0x00,0x03,0x00,0x00
.long _GEX_FN_004335f0
.long _GEX_FN_004339c0
.long _GEX_FN_00433b20
.long _GEX_FN_00433690
.byte 0xfa,0x00,0x00,0x00,0x00,0x03,0x00,0x00
.long _GEX_FN_0043d570
.long _GEX_FN_00433a70
.long _GEX_FN_00433b20
.long _GEX_FN_004338d0
.byte 0xfa,0x00,0x00,0x00,0x00,0x0a,0x00,0x00
.long _GEX_FN_004335f0
.long _GEX_FN_004339c0
.long _GEX_FN_00433b20
.long _GEX_FN_00433690
.byte 0xfa,0x00,0x00,0x00,0x00,0x0a,0x00,0x00
.long _GEX_FN_0040c4d0
.long _GEX_FN_0040c540
.long _GEX_FN_0040cd30
.byte 0x00,0x00,0x00,0x00,0xfa,0x00,0x00,0x00,0x00,0x00,0x00,0x00
.long _GEX_FN_004335f0
.long _GEX_FN_004339c0
.long _GEX_FN_00433b20
.long _GEX_FN_00433690
.byte 0xfa,0x00,0x00,0x00,0x00,0x0a,0x00,0x00
.long _GEX_FN_0041b750
.zero 4
.long _GEX_FN_0041b770
.byte 0x00,0x00,0x00,0x00,0xfa,0x00,0x00,0x00,0x00,0x00,0x00,0x00
.long _GEX_FN_0041bce0
.zero 4
.long _GEX_FN_0041bcf0
.byte 0x00,0x00,0x00,0x00,0xfa,0x00,0x00,0x00,0x00,0x00,0x00,0x00
.long _GEX_FN_004335f0
.long _GEX_FN_004339c0
.long _GEX_FN_00433b20
.long _GEX_FN_00433690
.byte 0xfa,0x00,0x00,0x00,0x00,0x0a,0x00,0x00,0x00,0x00,0x00,0x00,0x00,0x00,0x00,0x00
.byte 0x00,0x00,0x00,0x00,0x00,0x00,0x00,0x00,0xfa,0x00,0x00,0x00,0x00,0x0a,0x00,0x00
.long _GEX_FN_0043dad0
.long _GEX_FN_0043d630
.long _GEX_FN_0043d320
.long _GEX_FN_0043d330
.byte 0xfa,0x00,0x00,0x00,0x00,0x03,0x00,0x00
.long _GEX_FN_0043dad0
.long _GEX_FN_0043d630
.long _GEX_FN_0043d4f0
.long _GEX_FN_0043d500
.byte 0xfa,0x00,0x00,0x00,0x00,0x04,0x00,0x00
.long _GEX_FN_00429a00
.long _GEX_FN_00429ac0
.long _GEX_FN_00429b30
.byte 0x00,0x00,0x00,0x00,0xfa,0x00,0x00,0x00,0x00,0x00,0x00,0x00,0x00,0x00,0x00,0x00
.byte 0x00,0x00,0x00,0x00,0x00,0x00,0x00,0x00,0x00,0x00,0x00,0x00,0xfa,0x00,0x00,0x00
.byte 0x00,0x00,0x00,0x00
.long _GEX_FN_004335f0
.long _GEX_FN_004339c0
.long _GEX_FN_00433b20
.long _GEX_FN_004338d0
.byte 0xfa,0x00,0x00,0x00,0x00,0x03,0x00,0x00
.long _GEX_FN_0042b530
.long _GEX_FN_0042b7f0
.long _GEX_FN_0042c230
.long _GEX_FN_0042cba0
.byte 0xfa,0x00,0x00,0x00,0x00,0x02,0x00,0x00
.long _GEX_FN_004335f0
.long _GEX_FN_004339c0
.long _GEX_FN_00433b20
.long _GEX_FN_00433690
.byte 0xfa,0x00,0x00,0x00,0x00,0x0a,0x00,0x00
.long _GEX_FN_004335f0
.long _GEX_FN_004339c0
.long _GEX_FN_00433b20
.long _GEX_FN_00433690
.byte 0xfa,0x00,0x00,0x00,0x00,0x0a,0x00,0x00
.long _GEX_FN_004335f0
.long _GEX_FN_004339c0
.long _GEX_FN_00433b20
.long _GEX_FN_00433690
.byte 0xfa,0x00,0x00,0x00,0x00,0x0a,0x00,0x00
.long _GEX_FN_004335f0
.long _GEX_FN_004339c0
.long _GEX_FN_00433b20
.long _GEX_FN_00433690
.byte 0xfa,0x00,0x00,0x00,0x00,0x03,0x00,0x00
.long _GEX_FN_004335f0
.long _GEX_FN_004339c0
.long _GEX_FN_00433b20
.long _GEX_FN_00433690
.byte 0xfa,0x00,0x00,0x00,0x00,0x0a,0x00,0x00
.long _GEX_FN_0042ff10
.long _GEX_FN_00430090
.long _GEX_FN_004308d0
.long _GEX_FN_00430c50
.byte 0xfa,0x00,0x00,0x00,0x05,0x0a,0x80,0x00,0x00,0x00,0x00,0x00,0x00,0x00,0x00,0x00
.long _GEX_FN_00430d70
.byte 0x00,0x00,0x00,0x00,0xfa,0x00,0x00,0x00,0x00,0x00,0x00,0x00
.long _GEX_FN_00430de0
.long _GEX_FN_00430e20
.long _GEX_FN_00430ea0
.byte 0x00,0x00,0x00,0x00,0xfa,0x00,0x00,0x00,0x00,0x00,0x00,0x00
.long _GEX_FN_004335f0
.long _GEX_FN_00430f20
.long _GEX_FN_00431220
.long _GEX_FN_004355d0
.byte 0xfa,0x00,0x00,0x00,0x00,0x03,0x00,0x00
.long _GEX_FN_00431280
.long _GEX_FN_00431300
.byte 0x00,0x00,0x00,0x00,0x00,0x00,0x00,0x00,0xfa,0x00,0x00,0x00,0x00,0x00,0x00,0x00
.long _GEX_FN_004313d0
.long _GEX_FN_00431470
.long _GEX_FN_00430d70
.long _GEX_FN_00431640
.byte 0xfa,0x00,0x00,0x00,0x00,0x0a,0x00,0x00
.long _GEX_FN_00433670
.long _GEX_FN_00433a70
.long _GEX_FN_00433b20
.long _GEX_FN_004338d0
.byte 0xfa,0x00,0x00,0x00,0x00,0x03,0x00,0x00
.long _GEX_FN_004335f0
.long _GEX_FN_004339c0
.zero 4
.long _GEX_FN_00433690
.byte 0xfa,0x00,0x00,0x00,0x00,0x0a,0x00,0x00
.long _GEX_FN_0041b3e0
.zero 8
.long _GEX_FN_004338d0
.byte 0xfa,0x00,0x00,0x00,0x00,0x00,0x00,0x00
.long _GEX_FN_004335f0
.long _GEX_FN_004339c0
.long _GEX_FN_00433b20
.long _GEX_FN_00433690
.byte 0xfa,0x00,0x00,0x00,0x00,0x0a,0x40,0x00,0x00,0x00,0x00,0x00,0x00,0x00,0x00,0x00
.long _GEX_FN_00410200
.byte 0x00,0x00,0x00,0x00,0xfa,0x00,0x00,0x00,0x00,0x00,0x00,0x00
.long _GEX_FN_004316d0
.long _GEX_FN_004316e0
.long _GEX_FN_004316f0
.byte 0x00,0x00,0x00,0x00,0xfa,0x00,0x00,0x00,0x00,0x00,0x00,0x00
.long _GEX_FN_004335f0
.long _GEX_FN_004339c0
.long _GEX_FN_00433b20
.long _GEX_FN_00433690
.byte 0xfa,0x00,0x00,0x00,0x00,0x0a,0x00,0x00
.long _GEX_FN_004335f0
.long _GEX_FN_004339c0
.long _GEX_FN_00433b20
.long _GEX_FN_00433690
.byte 0xfa,0x00,0x00,0x00,0x00,0x0a,0x00,0x00
.long _GEX_FN_004335f0
.long _GEX_FN_004339c0
.long _GEX_FN_00433b20
.long _GEX_FN_00433690
.byte 0xfa,0x00,0x00,0x00,0x00,0x0a,0x00,0x00
.long _GEX_FN_004335f0
.long _GEX_FN_004339c0
.long _GEX_FN_00433b20
.long _GEX_FN_00433690
.byte 0xfa,0x00,0x00,0x00,0x00,0x0a,0x00,0x00
.long _GEX_FN_004335f0
.long _GEX_FN_004339c0
.long _GEX_FN_00433b20
.long _GEX_FN_00433690
.byte 0xfa,0x00,0x00,0x00,0x00,0x0a,0x00,0x00
.long _GEX_FN_004335f0
.long _GEX_FN_004339c0
.long _GEX_FN_00433b20
.long _GEX_FN_00433690
.byte 0xfa,0x00,0x00,0x00,0x00,0x0a,0x00,0x00
.long _GEX_FN_004335f0
.long _GEX_FN_004339c0
.long _GEX_FN_00433b20
.long _GEX_FN_00433690
.byte 0xfa,0x00,0x00,0x00,0x00,0x0a,0x00,0x00
.long _GEX_FN_004335f0
.long _GEX_FN_004339c0
.long _GEX_FN_00433b20
.long _GEX_FN_00433690
.byte 0xfa,0x00,0x00,0x00,0x00,0x0a,0x00,0x00
.long _GEX_FN_004335f0
.long _GEX_FN_004339c0
.long _GEX_FN_00433b20
.long _GEX_FN_00433690
.byte 0xfa,0x00,0x00,0x00,0x00,0x0a,0x00,0x00
.long _GEX_FN_004335f0
.long _GEX_FN_004339c0
.long _GEX_FN_00433b20
.long _GEX_FN_00433690
.byte 0xfa,0x00,0x00,0x00,0x00,0x0a,0x00,0x00
.long _GEX_FN_004335f0
.long _GEX_FN_004339c0
.long _GEX_FN_00433b20
.long _GEX_FN_00433690
.byte 0xfa,0x00,0x00,0x00,0x00,0x0a,0x00,0x00
.long _GEX_FN_004335f0
.long _GEX_FN_004339c0
.long _GEX_FN_00433b20
.long _GEX_FN_00433690
.byte 0xfa,0x00,0x00,0x00,0x00,0x0a,0x00,0x00
.long _GEX_FN_004335f0
.long _GEX_FN_004339c0
.long _GEX_FN_00433b20
.long _GEX_FN_00433690
.byte 0xfa,0x00,0x00,0x00,0x00,0x0a,0x00,0x00
.long _GEX_FN_004335f0
.long _GEX_FN_004339c0
.long _GEX_FN_00433b20
.long _GEX_FN_00433690
.byte 0xfa,0x00,0x00,0x00,0x00,0x03,0x00,0x00
.long _GEX_FN_004335f0
.long _GEX_FN_004339c0
.long _GEX_FN_00433b20
.long _GEX_FN_00433690
.byte 0xfa,0x00,0x00,0x00,0x00,0x0a,0x00,0x00
.long _GEX_FN_0040cf60
.long _GEX_FN_0040d050
.long _GEX_FN_0040d470
.long _GEX_FN_00433690
.byte 0xfa,0x00,0x00,0x00,0x00,0x0a,0x00,0x00
.long _GEX_FN_0041a6f0
.long _GEX_FN_0041a920
.long _GEX_FN_0041ab00
.long _GEX_FN_0041ab10
.byte 0xfa,0x00,0x00,0x00,0x00,0x09,0x00,0x00
.long _GEX_FN_0043b3c0
.long _GEX_FN_0043b630
.long _GEX_FN_0043b890
.long _GEX_FN_0043b900
.byte 0xfa,0x00,0x00,0x00,0x00,0x0a,0x80,0x00
.long _GEX_FN_0043b920
.long _GEX_FN_0043b9e0
.long _GEX_FN_0043bb70
.byte 0x00,0x00,0x00,0x00,0xfa,0x00,0x00,0x00,0x00,0x00,0x80,0x00
.long _GEX_FN_004335f0
.long _GEX_FN_004339c0
.long _GEX_FN_00433b20
.long _GEX_FN_00433690
.byte 0xfa,0x00,0x00,0x00,0x00,0x0a,0x00,0x00
.long _GEX_FN_0043bba0
.long _GEX_FN_0043bc80
.long _GEX_FN_0043c490
.long _GEX_FN_0043cbd0
.byte 0xfa,0x00,0x00,0x00,0x00,0x0a,0x00,0x00
.long _GEX_FN_0042ab90
.long _GEX_FN_0042aba0
.long _GEX_FN_0042acb0
.byte 0x00,0x00,0x00,0x00,0xfa,0x00,0x00,0x00,0x00,0x00,0x00,0x00
.long _GEX_FN_004335f0
.long _GEX_FN_004339c0
.long _GEX_FN_00433b20
.long _GEX_FN_00433690
.byte 0xfa,0x00,0x00,0x00,0x00,0x0a,0x00,0x00
.long _GEX_FN_004335f0
.long _GEX_FN_004339c0
.long _GEX_FN_00433b20
.long _GEX_FN_00433690
.byte 0xfa,0x00,0x00,0x00,0x00,0x0a,0x00,0x00
.long _GEX_FN_004335f0
.long _GEX_FN_004339c0
.long _GEX_FN_00433b20
.long _GEX_FN_00433690
.byte 0xfa,0x00,0x00,0x00,0x00,0x0a,0x00,0x00
.long _GEX_FN_004335f0
.long _GEX_FN_004339c0
.long _GEX_FN_00433b20
.long _GEX_FN_00433690
.byte 0xfa,0x00,0x00,0x00,0x00,0x0a,0x00,0x00
.long _GEX_FN_004335f0
.long _GEX_FN_004339c0
.long _GEX_FN_00433b20
.long _GEX_FN_00433690
.byte 0xfa,0x00,0x00,0x00,0x00,0x0a,0x00,0x00
.long _GEX_FN_004335f0
.long _GEX_FN_004339c0
.long _GEX_FN_00433b20
.long _GEX_FN_00433690
.byte 0xfa,0x00,0x00,0x00,0x00,0x0a,0x00,0x00
.long _GEX_FN_004335f0
.long _GEX_FN_004339c0
.long _GEX_FN_00433b20
.long _GEX_FN_00433690
.byte 0xfa,0x00,0x00,0x00,0x00,0x0a,0x00,0x00
.long _GEX_FN_0042ad00
.long _GEX_FN_0042ad40
.long _GEX_FN_0042b180
.byte 0x00,0x00,0x00,0x00,0xfa,0x00,0x00,0x00,0x00,0x00,0x00,0x00
.long _GEX_FN_0043b280
.long _GEX_FN_0043b2d0
.long _GEX_FN_0043b370
.long _GEX_FN_0043b2e0
.byte 0xfa,0x00,0x00,0x00,0x00,0x06,0x00,0x00
.long _GEX_FN_004335f0
.long _GEX_FN_004339c0
.long _GEX_FN_00433b20
.byte 0x00,0x00,0x00,0x00,0xfa,0x00,0x00,0x00,0x00,0x00,0x00,0x00
.long _GEX_FN_004335f0
.long _GEX_FN_004339c0
.long _GEX_FN_00433b20
.long _GEX_FN_00433690
.byte 0xfa,0x00,0x00,0x00,0x00,0x0a,0x40,0x00
.long _GEX_FN_004335f0
.long _GEX_FN_004339c0
.long _GEX_FN_00433b20
.long _GEX_FN_00433690
.byte 0xfa,0x00,0x00,0x00,0x00,0x0a,0x40,0x00
.long _GEX_FN_004335f0
.long _GEX_FN_004339c0
.long _GEX_FN_00433b20
.long _GEX_FN_00433690
.byte 0xfa,0x00,0x00,0x00,0x00,0x0a,0x40,0x00
.long _GEX_FN_004335f0
.long _GEX_FN_004339c0
.long _GEX_FN_00433b20
.long _GEX_FN_00433690
.byte 0xfa,0x00,0x00,0x00,0x00,0x0a,0x40,0x00
.long _GEX_FN_004335f0
.long _GEX_FN_004339c0
.long _GEX_FN_00433b20
.long _GEX_FN_00433690
.byte 0xfa,0x00,0x00,0x00,0x00,0x03,0x00,0x00
.long _GEX_FN_0040e530
.long _GEX_FN_0040e560
.long _GEX_FN_0040e570
.byte 0x00,0x00,0x00,0x00,0xfa,0x00,0x00,0x00,0x00,0x00,0x00,0x00
.long _GEX_FN_004335f0
.long _GEX_FN_004339c0
.long _GEX_FN_00433b20
.long _GEX_FN_00433690
.byte 0xfa,0x00,0x00,0x00,0x00,0x0a,0x40,0x00
.long _GEX_FN_004335f0
.long _GEX_FN_004339c0
.long _GEX_FN_00433b20
.long _GEX_FN_00433690
.byte 0xfa,0x00,0x00,0x00,0x00,0x0a,0x40,0x00
.long _GEX_FN_004335f0
.long _GEX_FN_004339c0
.long _GEX_FN_00433b20
.long _GEX_FN_00433690
.byte 0xfa,0x00,0x00,0x00,0x00,0x0a,0x40,0x00
.long _GEX_FN_004335f0
.long _GEX_FN_004339c0
.long _GEX_FN_00433b20
.long _GEX_FN_00433690
.byte 0xfa,0x00,0x00,0x00,0x00,0x0a,0x40,0x00
.long _GEX_FN_00433670
.long _GEX_FN_00433a70
.long _GEX_FN_00433b20
.long _GEX_FN_004338d0
.byte 0xfa,0x00,0x00,0x00,0x00,0x0a,0x40,0x00
.long _GEX_FN_0041b4d0
.long _GEX_FN_0041b500
.byte 0x00,0x00,0x00,0x00,0x00,0x00,0x00,0x00,0xfa,0x00,0x00,0x00,0x00,0x00,0x00,0x00
.long _GEX_FN_004335f0
.long _GEX_FN_004339c0
.long _GEX_FN_00433b20
.long _GEX_FN_00433690
.byte 0xfa,0x00,0x00,0x00,0x00,0x0a,0x40,0x00
.long _GEX_FN_00433670
.long _GEX_FN_00433a70
.long _GEX_FN_00433b20
.long _GEX_FN_004338d0
.byte 0xfa,0x00,0x00,0x00,0x00,0x0b,0x40,0x00
.long _GEX_FN_0043b090
.long _GEX_FN_0043b0c0
.long _GEX_FN_0043b210
.byte 0x00,0x00,0x00,0x00,0xfa,0x00,0x00,0x00,0x00,0x00,0x00,0x00
.long _GEX_FN_0042e550
.long _GEX_FN_0042e560
.long _GEX_FN_0042e570
.byte 0x00,0x00,0x00,0x00,0xfa,0x00,0x00,0x00,0x00,0x00,0x00,0x00
.long _GEX_FN_0042e580
.long _GEX_FN_0042e590
.long _GEX_FN_0042e5a0
.byte 0x00,0x00,0x00,0x00,0xfa,0x00,0x00,0x00,0x00,0x00,0x00,0x00
.long _GEX_FN_0042e5b0
.long _GEX_FN_0042e5c0
.long _GEX_FN_0042e5d0
.byte 0x00,0x00,0x00,0x00,0xfa,0x00,0x00,0x00,0x00,0x00,0x00,0x00
.long _GEX_FN_00431700
.long _GEX_FN_00431710
.long _GEX_FN_00431720
.byte 0x00,0x00,0x00,0x00,0xfa,0x00,0x00,0x00,0x00,0x00,0x00,0x00
.long _GEX_FN_004335f0
.long _GEX_FN_004339c0
.byte 0x00,0x00,0x00,0x00,0x00,0x00,0x00,0x00,0xfa,0x00,0x00,0x00,0x00,0x00,0x00,0x00
.long _GEX_FN_004335f0
.long _GEX_FN_004339c0
.long _GEX_FN_00433b20
.long _GEX_FN_00433690
.byte 0xfa,0x00,0x00,0x00,0x00,0x0a,0x40,0x00
.long _GEX_FN_00433670
.long _GEX_FN_00433a70
.long _GEX_FN_00433b20
.long _GEX_FN_004338d0
.byte 0xfa,0x00,0x00,0x00,0x00,0x0a,0x40,0x00
.long _GEX_FN_004335f0
.long _GEX_FN_004339c0
.long _GEX_FN_00433b20
.long _GEX_FN_00433690
.byte 0xfa,0x00,0x00,0x00,0x00,0x00,0x40,0x00
.long _GEX_FN_004335f0
.long _GEX_FN_004339c0
.long _GEX_FN_00433b20
.long _GEX_FN_00433690
.byte 0xfa,0x00,0x00,0x00,0x00,0x0a,0x40,0x00
.long _GEX_FN_004335f0
.long _GEX_FN_004339c0
.long _GEX_FN_00433b20
.long _GEX_FN_00433690
.byte 0xfa,0x00,0x00,0x00,0x00,0x0a,0x40,0x00
.long _GEX_FN_004335f0
.long _GEX_FN_004339c0
.long _GEX_FN_00433b20
.long _GEX_FN_00433690
.byte 0xfa,0x00,0x00,0x00,0x00,0x0a,0x40,0x00
.long _GEX_FN_00433670
.long _GEX_FN_00433a70
.long _GEX_FN_00433b20
.long _GEX_FN_004338d0
.byte 0xfa,0x00,0x00,0x00,0x00,0x03,0x40,0x00
.long _GEX_FN_00433670
.long _GEX_FN_00433a70
.long _GEX_FN_00433b20
.long _GEX_FN_004338d0
.byte 0xfa,0x00,0x00,0x00,0x00,0x03,0x40,0x00,0x00,0x00,0x00,0x00,0x00,0x00,0x00,0x00
.byte 0x00,0x00,0x00,0x00,0x00,0x00,0x00,0x00,0xfa,0x00,0x00,0x00,0x00,0x08,0x20,0x00
.byte 0x00,0x00,0x00,0x00,0x00,0x00,0x00,0x00,0x00,0x00,0x00,0x00
.long _GEX_FN_00417920
.byte 0xfa,0x00,0x00,0x00,0x00,0x02,0x00,0x00,0x00,0x00,0x00,0x00,0x00,0x00,0x00,0x00
.byte 0x00,0x00,0x00,0x00
.long _GEX_FN_00417960
.byte 0xfa,0x00,0x00,0x00,0x00,0x02,0x00,0x00
.long _GEX_FN_00435ab0
.long _GEX_FN_00435760
.long _GEX_FN_00435980
.long _GEX_FN_004356e0
.byte 0xfa,0x00,0x00,0x00,0x00,0x08,0x20,0x00
.long _GEX_FN_0043acd0
.long _GEX_FN_0043ad00
.long _GEX_FN_0043ae10
.byte 0x00,0x00,0x00,0x00,0xfa,0x00,0x00,0x00,0x00,0x00,0x00,0x00
.long _GEX_FN_0043ae20
.long _GEX_FN_0043ae70
.long _GEX_FN_0043ae80
.byte 0x00,0x00,0x00,0x00,0xfa,0x00,0x00,0x00,0x00,0x00,0x80,0x00
.long _GEX_FN_0043ae90
.long _GEX_FN_0043af00
.long _GEX_FN_0043b050
.byte 0x00,0x00,0x00,0x00,0xfa,0x00,0x00,0x00,0x00,0x00,0x80,0x00
.long _GEX_FN_0043b060
.long _GEX_FN_0043b070
.long _GEX_FN_0043b080
.byte 0x00,0x00,0x00,0x00,0xfa,0x00,0x00,0x00,0x00,0x00,0x00,0x00
.long _GEX_FN_004335f0
.long _GEX_FN_004339c0
.long _GEX_FN_00433b20
.byte 0x00,0x00,0x00,0x00,0xfa,0x00,0x00,0x00,0x00,0x00,0x00,0x00
.long _GEX_FN_004335f0
.long _GEX_FN_004339c0
.long _GEX_FN_00433b20
.long _GEX_FN_00433690
.byte 0xfa,0x00,0x00,0x00,0x00,0x0a,0x40,0x00
.long _GEX_FN_00435b90
.long _GEX_FN_00435ba0
.long _GEX_FN_00435cb0
.long _GEX_FN_00435cc0
.byte 0xfa,0x00,0x00,0x00,0x00,0x09,0x00,0x00
.long _GEX_FN_004335f0
.long _GEX_FN_004339c0
.long _GEX_FN_00433b20
.long _GEX_FN_00433690
.byte 0xfa,0x00,0x00,0x00,0x00,0x0a,0x00,0x00
.long _GEX_FN_004335f0
.long _GEX_FN_004339c0
.long _GEX_FN_00433b20
.long _GEX_FN_00433690
.byte 0xfa,0x00,0x00,0x00,0x00,0x0a,0x00,0x00
.long _GEX_FN_004335f0
.long _GEX_FN_004339c0
.long _GEX_FN_00433b20
.long _GEX_FN_00433690
.byte 0xfa,0x00,0x00,0x00,0x00,0x0a,0x00,0x00
.long _GEX_FN_0043a240
.long _GEX_FN_0043a410
.long _GEX_FN_0043a780
.long _GEX_FN_0043a7c0
.byte 0xfa,0x00,0x00,0x00,0x00,0x0a,0x00,0x00
.long _GEX_FN_004335f0
.long _GEX_FN_004339c0
.long _GEX_FN_00433b20
.long _GEX_FN_00433690
.byte 0xfa,0x00,0x00,0x00,0x00,0x0a,0x00,0x00
.long _GEX_FN_004335f0
.long _GEX_FN_004339c0
.long _GEX_FN_00433b20
.long _GEX_FN_00433690
.byte 0xfa,0x00,0x00,0x00,0x00,0x0b,0x00,0x00,0x00,0x00,0x00,0x00,0x00,0x00,0x00,0x00
.byte 0x00,0x00,0x00,0x00,0x00,0x00,0x00,0x00,0xfa,0x00,0x00,0x00,0x00,0x00,0x00,0x00
.long _GEX_FN_004335f0
.long _GEX_FN_004339c0
.long _GEX_FN_00433b20
.long _GEX_FN_00433690
.byte 0xfa,0x00,0x00,0x00,0x00,0x00,0x00,0x00
.long _GEX_FN_004335f0
.long _GEX_FN_004339c0
.long _GEX_FN_00433b20
.long _GEX_FN_00433690
.byte 0xfa,0x00,0x00,0x00,0x00,0x00,0x00,0x00
.long _GEX_FN_0043ac10
.long _GEX_FN_0043ac60
.long _GEX_FN_0043acb0
.long _GEX_FN_0043acc0
.byte 0xfa,0x00,0x00,0x00,0x00,0x00,0x80,0x00
.long _GEX_FN_004335f0
.long _GEX_FN_004339c0
.long _GEX_FN_00433b20
.long _GEX_FN_00433690
.byte 0xfa,0x00,0x00,0x00,0x00,0x00,0x00,0x00
.long _GEX_FN_004335f0
.long _GEX_FN_004339c0
.long _GEX_FN_00433b20
.long _GEX_FN_00433690
.byte 0xfa,0x00,0x00,0x00,0x00,0x03,0x00,0x00
.long _GEX_FN_004335f0
.long _GEX_FN_004339c0
.long _GEX_FN_00433b20
.long _GEX_FN_00433690
.byte 0xfa,0x00,0x00,0x00,0x00,0x08,0x00,0x00
.long _GEX_FN_004335f0
.long _GEX_FN_004339c0
.long _GEX_FN_00433b20
.long _GEX_FN_00433690
.byte 0xfa,0x00,0x00,0x00,0x00,0x03,0x00,0x00
.long _GEX_FN_004335f0
.long _GEX_FN_004339c0
.long _GEX_FN_00433b20
.long _GEX_FN_00433690
.byte 0xfa,0x00,0x00,0x00,0x00,0x00,0x00,0x00
.long _GEX_FN_004335f0
.long _GEX_FN_004339c0
.long _GEX_FN_00433b20
.long _GEX_FN_00433690
.byte 0xfa,0x00,0x00,0x00,0x00,0x0a,0x00,0x00
.long _GEX_FN_004335f0
.long _GEX_FN_004339c0
.long _GEX_FN_00433b20
.long _GEX_FN_00433690
.byte 0xfa,0x00,0x00,0x00,0x00,0x0a,0x40,0x00
.long _GEX_FN_0040d5c0
.long _GEX_FN_0040d5d0
.long _GEX_FN_0040d5e0
.byte 0x00,0x00,0x00,0x00,0xfa,0x00,0x00,0x00,0x00,0x00,0x00,0x00
.long _GEX_FN_004335f0
.long _GEX_FN_004339c0
.long _GEX_FN_00433b20
.long _GEX_FN_00433690
.byte 0xfa,0x00,0x00,0x00,0x00,0x0a,0x40,0x00
.long _GEX_FN_004335f0
.long _GEX_FN_004339c0
.long _GEX_FN_00433b20
.long _GEX_FN_00433690
.byte 0xfa,0x00,0x00,0x00,0x00,0x0a,0x40,0x00
.long _GEX_FN_004335f0
.long _GEX_FN_004339c0
.long _GEX_FN_00433b20
.long _GEX_FN_00433690
.byte 0xfa,0x00,0x00,0x00,0x00,0x0a,0x40,0x00
.long _GEX_FN_004335f0
.long _GEX_FN_004339c0
.long _GEX_FN_00433b20
.long _GEX_FN_00433690
.byte 0xfa,0x00,0x00,0x00,0x00,0x0a,0x40,0x00
.long _GEX_FN_004335f0
.long _GEX_FN_004339c0
.long _GEX_FN_00433b20
.long _GEX_FN_00433690
.byte 0xfa,0x00,0x00,0x00,0x00,0x0a,0x40,0x00
.long _GEX_FN_004335f0
.long _GEX_FN_004339c0
.long _GEX_FN_00433b20
.long _GEX_FN_00433690
.byte 0xfa,0x00,0x00,0x00,0x00,0x0a,0x40,0x00
.long _GEX_FN_004335f0
.long _GEX_FN_004339c0
.long _GEX_FN_00433b20
.long _GEX_FN_00433690
.byte 0xfa,0x00,0x00,0x00,0x00,0x0a,0x40,0x00
.long _GEX_FN_004335f0
.long _GEX_FN_004339c0
.long _GEX_FN_00433b20
.long _GEX_FN_00433690
.byte 0xfa,0x00,0x00,0x00,0x00,0x0a,0x40,0x00
.long _GEX_FN_004335f0
.long _GEX_FN_004339c0
.long _GEX_FN_00433b20
.long _GEX_FN_00433690
.byte 0xfa,0x00,0x00,0x00,0x00,0x0a,0x40,0x00
.long _GEX_FN_004335f0
.long _GEX_FN_004339c0
.long _GEX_FN_00433b20
.long _GEX_FN_00433690
.byte 0xfa,0x00,0x00,0x00,0x00,0x0a,0x40,0x00
.long _GEX_FN_004335f0
.long _GEX_FN_004339c0
.long _GEX_FN_00433b20
.long _GEX_FN_00433690
.byte 0xfa,0x00,0x00,0x00,0x00,0x0a,0x40,0x00
.long _GEX_FN_004335f0
.long _GEX_FN_004339c0
.long _GEX_FN_00433b20
.long _GEX_FN_00433690
.byte 0xfa,0x00,0x00,0x00,0x00,0x0a,0x40,0x00
.long _GEX_FN_004335f0
.long _GEX_FN_004339c0
.long _GEX_FN_00433b20
.long _GEX_FN_00433690
.byte 0xfa,0x00,0x00,0x00,0x00,0x0a,0x40,0x00
.long _GEX_FN_004335f0
.long _GEX_FN_004339c0
.long _GEX_FN_00433b20
.long _GEX_FN_00433690
.byte 0xfa,0x00,0x00,0x00,0x00,0x0a,0x40,0x00
.long _GEX_FN_004335f0
.long _GEX_FN_004339c0
.long _GEX_FN_00433b20
.long _GEX_FN_00433690
.byte 0xfa,0x00,0x00,0x00,0x00,0x0a,0x40,0x00
.long _GEX_FN_004335f0
.long _GEX_FN_004339c0
.long _GEX_FN_00433b20
.long _GEX_FN_00433690
.byte 0xfa,0x00,0x00,0x00,0x00,0x0a,0x40,0x00
.long _GEX_FN_004335f0
.long _GEX_FN_004339c0
.long _GEX_FN_00433b20
.long _GEX_FN_00433690
.byte 0xfa,0x00,0x00,0x00,0x00,0x0a,0x40,0x00
.long _GEX_FN_004335f0
.long _GEX_FN_004339c0
.long _GEX_FN_00433b20
.long _GEX_FN_00433690
.byte 0xfa,0x00,0x00,0x00,0x00,0x0a,0x40,0x00
.long _GEX_FN_004335f0
.long _GEX_FN_004339c0
.long _GEX_FN_00433b20
.long _GEX_FN_00433690
.byte 0xfa,0x00,0x00,0x00,0x00,0x0a,0x40,0x00
.long _GEX_FN_004335f0
.long _GEX_FN_004339c0
.long _GEX_FN_00433b20
.long _GEX_FN_00433690
.byte 0xfa,0x00,0x00,0x00,0x00,0x0a,0x40,0x00
.long _GEX_FN_004335f0
.long _GEX_FN_004339c0
.long _GEX_FN_00433b20
.long _GEX_FN_00433690
.byte 0xfa,0x00,0x00,0x00,0x00,0x0a,0x40,0x00
.long _GEX_FN_004335f0
.long _GEX_FN_004339c0
.long _GEX_FN_00433b20
.long _GEX_FN_00433690
.byte 0xfa,0x00,0x00,0x00,0x00,0x0a,0x40,0x00
.long _GEX_FN_0040d6d0
.long _GEX_FN_0040d8e0
.long _GEX_FN_0040d980
.long _GEX_FN_0040d910
.byte 0xfa,0x00,0x00,0x00,0x00,0x09,0x00,0x00
.long _GEX_FN_004335f0
.long _GEX_FN_004339c0
.long _GEX_FN_00433b20
.long _GEX_FN_00433690
.byte 0xfa,0x00,0x00,0x00,0x00,0x0a,0x40,0x00
.long _GEX_FN_004335f0
.long _GEX_FN_004339c0
.long _GEX_FN_00433b20
.long _GEX_FN_00433690
.byte 0xfa,0x00,0x00,0x00,0x00,0x0a,0x40,0x00
.long _GEX_FN_004335f0
.long _GEX_FN_004339c0
.long _GEX_FN_00433b20
.long _GEX_FN_00433690
.byte 0xfa,0x00,0x00,0x00,0x00,0x0a,0x40,0x00
.long _GEX_FN_004335f0
.long _GEX_FN_004339c0
.long _GEX_FN_00433b20
.long _GEX_FN_00433690
.byte 0xfa,0x00,0x00,0x00,0x00,0x0a,0x40,0x00
.long _GEX_FN_004335f0
.long _GEX_FN_004339c0
.long _GEX_FN_00433b20
.long _GEX_FN_00433690
.byte 0xfa,0x00,0x00,0x00,0x00,0x0a,0x40,0x00
.long _GEX_FN_004335f0
.long _GEX_FN_004339c0
.long _GEX_FN_00433b20
.long _GEX_FN_00433690
.byte 0xfa,0x00,0x00,0x00,0x00,0x0a,0x40,0x00
.long _GEX_FN_004335f0
.long _GEX_FN_004339c0
.long _GEX_FN_00433b20
.long _GEX_FN_00433690
.byte 0xfa,0x00,0x00,0x00,0x00,0x0a,0x40,0x00
.long _GEX_FN_004335f0
.long _GEX_FN_004339c0
.long _GEX_FN_00433b20
.long _GEX_FN_00433690
.byte 0xfa,0x00,0x00,0x00,0x00,0x0a,0x40,0x00
.long _GEX_FN_004335f0
.long _GEX_FN_004339c0
.long _GEX_FN_00433b20
.long _GEX_FN_00433690
.byte 0xfa,0x00,0x00,0x00,0x00,0x0a,0x40,0x00
.long _GEX_FN_004335f0
.long _GEX_FN_004339c0
.long _GEX_FN_00433b20
.long _GEX_FN_00433690
.byte 0xfa,0x00,0x00,0x00,0x00,0x0a,0x40,0x00
.long _GEX_FN_004335f0
.long _GEX_FN_004339c0
.long _GEX_FN_00433b20
.long _GEX_FN_00433690
.byte 0xfa,0x00,0x00,0x00,0x00,0x0a,0x40,0x00
.long _GEX_FN_004335f0
.long _GEX_FN_004339c0
.long _GEX_FN_00433b20
.long _GEX_FN_00433690
.byte 0xfa,0x00,0x00,0x00,0x00,0x0a,0x40,0x00
.long _GEX_FN_004335f0
.long _GEX_FN_004339c0
.long _GEX_FN_00433b20
.long _GEX_FN_00433690
.byte 0xfa,0x00,0x00,0x00,0x00,0x0a,0x40,0x00
.long _GEX_FN_004335f0
.long _GEX_FN_004339c0
.long _GEX_FN_00433b20
.long _GEX_FN_00433690
.byte 0xfa,0x00,0x00,0x00,0x00,0x0a,0x40,0x00
.long _GEX_FN_004335f0
.long _GEX_FN_004339c0
.long _GEX_FN_00433b20
.long _GEX_FN_00433690
.byte 0xfa,0x00,0x00,0x00,0x00,0x0a,0x40,0x00
.long _GEX_FN_004335f0
.long _GEX_FN_004339c0
.long _GEX_FN_00433b20
.long _GEX_FN_00433690
.byte 0xfa,0x00,0x00,0x00,0x00,0x0a,0x40,0x00
.long _GEX_FN_00433380
.long _GEX_FN_004333c0
.long _GEX_FN_004334c0
.long _GEX_FN_00433520
.byte 0xfa,0x00,0x00,0x00,0x00,0x05,0x00,0x00
.long _GEX_FN_0041fbd0
.byte 0x00,0x00,0x00,0x00,0x00,0x00,0x00,0x00,0x00,0x00,0x00,0x00,0xfa,0x00,0x00,0x00
.byte 0x00,0x00,0x00,0x00
.long _GEX_FN_0043a870
.long _GEX_FN_0043a910
.long _GEX_FN_0043aa40
.long _GEX_FN_0043abc0
.byte 0xfa,0x00,0x00,0x00,0x00,0x03,0x00,0x00
.long _GEX_FN_0043abe0
.byte 0x00,0x00,0x00,0x00,0x00,0x00,0x00,0x00,0x00,0x00,0x00,0x00,0xfa,0x00,0x00,0x00
.byte 0x00,0x00,0x00,0x00
.long _GEX_FN_004335f0
.long _GEX_FN_004339c0
.long _GEX_FN_00433b20
.byte 0x00,0x00,0x00,0x00,0xfa,0x00,0x00,0x00,0x00,0x00,0x00,0x00
.long _GEX_FN_004335f0
.long _GEX_FN_004339c0
.long _GEX_FN_00433b20
.long _GEX_FN_00433690
.byte 0xfa,0x00,0x00,0x00,0x00,0x00,0x40,0x00
.long _GEX_FN_004335f0
.long _GEX_FN_004339c0
.long _GEX_FN_00433b20
.long _GEX_FN_00433690
.byte 0xfa,0x00,0x00,0x00,0x00,0x00,0x40,0x00
.long _GEX_FN_004335f0
.long _GEX_FN_004339c0
.long _GEX_FN_00433b20
.long _GEX_FN_00433690
.byte 0xfa,0x00,0x00,0x00,0x00,0x0a,0x40,0x00
.long _GEX_FN_004335f0
.long _GEX_FN_004339c0
.long _GEX_FN_00433b20
.long _GEX_FN_00433690
.byte 0xfa,0x00,0x00,0x00,0x00,0x0a,0x40,0x00
.long _GEX_FN_004335f0
.long _GEX_FN_004339c0
.long _GEX_FN_00433b20
.long _GEX_FN_00433690
.byte 0xfa,0x00,0x00,0x00,0x00,0x00,0x40,0x00
.long _GEX_FN_004335f0
.long _GEX_FN_004339c0
.long _GEX_FN_00433b20
.long _GEX_FN_00433690
.byte 0xfa,0x00,0x00,0x00,0x00,0x00,0x40,0x00
.long _GEX_FN_004335f0
.long _GEX_FN_004339c0
.long _GEX_FN_00433b20
.long _GEX_FN_00433690
.byte 0xfa,0x00,0x00,0x00,0x00,0x00,0x40,0x00
.long _GEX_FN_004335f0
.long _GEX_FN_004339c0
.long _GEX_FN_00433b20
.long _GEX_FN_00433690
.byte 0xfa,0x00,0x00,0x00,0x00,0x00,0x40,0x00
.long _GEX_FN_004335f0
.long _GEX_FN_004339c0
.long _GEX_FN_00433b20
.long _GEX_FN_00433690
.byte 0xfa,0x00,0x00,0x00,0x00,0x00,0x40,0x00
.long _GEX_FN_004335f0
.long _GEX_FN_004339c0
.long _GEX_FN_00433b20
.long _GEX_FN_00433690
.byte 0xfa,0x00,0x00,0x00,0x00,0x00,0x40,0x00
.long _GEX_FN_004335f0
.long _GEX_FN_004339c0
.long _GEX_FN_00433b20
.long _GEX_FN_00433690
.byte 0xfa,0x00,0x00,0x00,0x00,0x00,0x40,0x00
.long _GEX_FN_004335f0
.long _GEX_FN_004339c0
.long _GEX_FN_00433b20
.long _GEX_FN_00433690
.byte 0xfa,0x00,0x00,0x00,0x00,0x00,0x40,0x00
.long _GEX_FN_004335f0
.long _GEX_FN_004339c0
.long _GEX_FN_00433b20
.long _GEX_FN_00433690
.byte 0xfa,0x00,0x00,0x00,0x00,0x0a,0x40,0x00
.long _GEX_FN_004335f0
.long _GEX_FN_004339c0
.long _GEX_FN_0043a840
.long _GEX_FN_00433690
.byte 0xfa,0x00,0x00,0x00,0x00,0x0b,0x00,0x00
.long _GEX_FN_004335f0
.long _GEX_FN_004339c0
.long _GEX_FN_00433b20
.long _GEX_FN_00433690
.byte 0xfa,0x00,0x00,0x00,0x00,0x03,0x40,0x00
.long _GEX_FN_0043d570
.long _GEX_FN_004339c0
.long _GEX_FN_00433b20
.long _GEX_FN_00433690
.byte 0xfa,0x00,0x00,0x00,0x00,0x06,0x00,0x00
.long _GEX_FN_004335f0
.long _GEX_FN_004339c0
.long _GEX_FN_00433b20
.long _GEX_FN_00433690
.byte 0xfa,0x00,0x00,0x00,0x00,0x0a,0x40,0x00
.long _GEX_FN_004335f0
.long _GEX_FN_004339c0
.long _GEX_FN_00433b20
.long _GEX_FN_00433690
.byte 0xfa,0x00,0x00,0x00,0x00,0x0a,0x40,0x00
.long _GEX_FN_004335f0
.long _GEX_FN_004339c0
.long _GEX_FN_00433b20
.long _GEX_FN_00433690
.byte 0xfa,0x00,0x00,0x00,0x00,0x0a,0x40,0x00
.long _GEX_FN_004335f0
.long _GEX_FN_004339c0
.long _GEX_FN_00433b20
.long _GEX_FN_00433690
.byte 0xfa,0x00,0x00,0x00,0x00,0x0a,0x40,0x00
.long _GEX_FN_004335f0
.long _GEX_FN_004339c0
.long _GEX_FN_00433b20
.long _GEX_FN_00433690
.byte 0xfa,0x00,0x00,0x00,0x00,0x0a,0x40,0x00
.long _GEX_FN_004335f0
.long _GEX_FN_004339c0
.long _GEX_FN_00433b20
.long _GEX_FN_00433690
.byte 0xfa,0x00,0x00,0x00,0x00,0x0a,0x40,0x00
.long _GEX_FN_004335f0
.long _GEX_FN_004339c0
.long _GEX_FN_00433b20
.long _GEX_FN_00433690
.byte 0xfa,0x00,0x00,0x00,0x00,0x0a,0x40,0x00
.long _GEX_FN_004335f0
.long _GEX_FN_004339c0
.long _GEX_FN_00433b20
.long _GEX_FN_00433690
.byte 0xfa,0x00,0x00,0x00,0x00,0x0a,0x40,0x00
.long _GEX_FN_004335f0
.long _GEX_FN_004339c0
.long _GEX_FN_00433b20
.long _GEX_FN_00433690
.byte 0xfa,0x00,0x00,0x00,0x00,0x03,0x00,0x00
.long _GEX_FN_004335f0
.long _GEX_FN_004339c0
.long _GEX_FN_00433b20
.long _GEX_FN_00433690
.byte 0xfa,0x00,0x00,0x00,0x00,0x0a,0x00,0x00
.long _GEX_FN_004335f0
.long _GEX_FN_004339c0
.long _GEX_FN_00433b20
.long _GEX_FN_00433690
.byte 0xfa,0x00,0x00,0x00,0x00,0x0a,0x00,0x00
.globl _GEX_DATA_0045efd0
_GEX_DATA_0045efd0:
.byte 0x45,0x52,0x52,0x4f,0x52,0x3a,0x20,0x41,0x74,0x74,0x65,0x6d,0x70,0x74,0x20,0x74
.byte 0x6f,0x20,0x6c,0x6f,0x61,0x64,0x20,0x27,0x25,0x6c,0x64,0x27,0x20,0x62,0x79,0x74
.byte 0x65,0x73,0x20,0x69,0x6e,0x74,0x6f,0x20,0x61,0x72,0x65,0x61,0x20,0x27,0x25,0x6c
.byte 0x64,0x27,0x20,0x62,0x79,0x74,0x65,0x73,0x0a,0x00,0x00,0x00
.globl _GEX_DATA_0045f00c
_GEX_DATA_0045f00c:
.zero 4
.long _GEX_FN_00438980
.long _GEX_FN_004389b0
.long _GEX_FN_00438a00
.long _GEX_FN_00438a50
.long _GEX_FN_00438aa0
.long _GEX_FN_00438af0
.long _GEX_FN_00438b40
.long _GEX_FN_00438b90
.long _GEX_FN_00438be0
.long _GEX_FN_00438c30
.long _GEX_FN_00438c80
.long _GEX_FN_00438cd0
.long _GEX_FN_00438990
.long _GEX_FN_00438d20
.long _GEX_FN_00438d70
.long _GEX_FN_004389a0
.long _GEX_FN_00438dc0
.long _GEX_FN_00438e20
.long _GEX_FN_00438e30
.long _GEX_FN_00438e40
.long _GEX_FN_00438ea0
.long _GEX_FN_00438f00
.long _GEX_FN_00438f60
.long _GEX_FN_00438fe0
.long _GEX_FN_00439020
.long _GEX_FN_00439080
.globl _GEX_DATA_0045f078
_GEX_DATA_0045f078:
.byte 0x65,0x76,0x65,0x6e,0x74,0x5f,0x68,0x69,0x74,0x72,0x69,0x67,0x68,0x74,0x0a,0x00
.globl _GEX_DATA_0045f088
_GEX_DATA_0045f088:
.byte 0x4f,0x62,0x6a,0x65,0x63,0x74,0x20,0x54,0x79,0x70,0x65,0x20,0x23,0x25,0x64,0x3a
.byte 0x20,0x00,0x00,0x00
.globl _GEX_DATA_0045f09c
_GEX_DATA_0045f09c:
.byte 0x65,0x76,0x65,0x6e,0x74,0x5f,0x68,0x69,0x74,0x6c,0x65,0x66,0x74,0x0a,0x00,0x00
.globl _GEX_DATA_0045f0ac
_GEX_DATA_0045f0ac:
.byte 0x65,0x76,0x65,0x6e,0x74,0x5f,0x68,0x69,0x74,0x67,0x72,0x6f,0x75,0x6e,0x64,0x0a
.byte 0x00,0x00,0x00,0x00
.globl _GEX_DATA_0045f0c0
_GEX_DATA_0045f0c0:
.byte 0x65,0x76,0x65,0x6e,0x74,0x5f,0x68,0x69,0x74,0x34,0x35,0x75,0x70,0x0a,0x00,0x00
.globl _GEX_DATA_0045f0d0
_GEX_DATA_0045f0d0:
.byte 0x65,0x76,0x65,0x6e,0x74,0x5f,0x68,0x69,0x74,0x34,0x35,0x64,0x6f,0x77,0x6e,0x0a
.byte 0x00,0x00,0x00,0x00
.globl _GEX_DATA_0045f0e4
_GEX_DATA_0045f0e4:
.byte 0x65,0x76,0x65,0x6e,0x74,0x5f,0x6c,0x65,0x64,0x67,0x65,0x72,0x69,0x67,0x68,0x74
.byte 0x0a,0x00,0x00,0x00
.globl _GEX_DATA_0045f0f8
_GEX_DATA_0045f0f8:
.byte 0x65,0x76,0x65,0x6e,0x74,0x5f,0x6c,0x65,0x64,0x67,0x65,0x6c,0x65,0x66,0x74,0x0a
.byte 0x00,0x00,0x00,0x00
.globl _GEX_DATA_0045f10c
_GEX_DATA_0045f10c:
.byte 0x65,0x76,0x65,0x6e,0x74,0x5f,0x34,0x35,0x72,0x69,0x67,0x68,0x74,0x0a,0x00,0x00
.globl _GEX_DATA_0045f11c
_GEX_DATA_0045f11c:
.byte 0x65,0x76,0x65,0x6e,0x74,0x5f,0x34,0x35,0x6c,0x65,0x66,0x74,0x0a,0x00,0x00,0x00
.globl _GEX_DATA_0045f12c
_GEX_DATA_0045f12c:
.byte 0x65,0x76,0x65,0x6e,0x74,0x5f,0x70,0x43,0x61,0x6c,0x6c,0x0a,0x00,0x00,0x00,0x00
.globl _GEX_DATA_0045f13c
_GEX_DATA_0045f13c:
.byte 0x65,0x76,0x65,0x6e,0x74,0x5f,0x68,0x69,0x74,0x43,0x65,0x69,0x6c,0x69,0x6e,0x67
.byte 0x0a,0x00,0x00,0x00
.globl _GEX_DATA_0045f150
_GEX_DATA_0045f150:
.byte 0x65,0x76,0x65,0x6e,0x74,0x5f,0x74,0x6f,0x70,0x57,0x61,0x6c,0x6c,0x0a,0x00,0x00
.globl _GEX_DATA_0045f160
_GEX_DATA_0045f160:
.byte 0x65,0x76,0x65,0x6e,0x74,0x5f,0x67,0x6f,0x74,0x53,0x70,0x69,0x74,0x0a,0x00,0x00
.globl _GEX_DATA_0045f170
_GEX_DATA_0045f170:
.byte 0x65,0x76,0x65,0x6e,0x74,0x5f,0x65,0x6e,0x64,0x50,0x61,0x74,0x68,0x0a,0x00,0x00
.globl _GEX_DATA_0045f180
_GEX_DATA_0045f180:
.byte 0x65,0x76,0x65,0x6e,0x74,0x5f,0x68,0x69,0x74,0x43,0x6f,0x6e,0x74,0x6f,0x75,0x72
.byte 0x0a,0x00,0x00,0x00
.globl _GEX_DATA_0045f194
_GEX_DATA_0045f194:
.byte 0x65,0x76,0x65,0x6e,0x74,0x5f,0x63,0x6f,0x6e,0x74,0x6f,0x75,0x72,0x47,0x6f,0x6e
.byte 0x65,0x0a,0x00,0x00
.globl _GEX_DATA_0045f1a8
_GEX_DATA_0045f1a8:
.byte 0x65,0x76,0x65,0x6e,0x74,0x5f,0x66,0x6c,0x61,0x6d,0x65,0x64,0x0a,0x00,0x00,0x00
.globl _GEX_DATA_0045f1b8
_GEX_DATA_0045f1b8:
.byte 0x65,0x76,0x65,0x6e,0x74,0x5f,0x62,0x75,0x74,0x74,0x6f,0x6e,0x70,0x72,0x65,0x73
.byte 0x73,0x65,0x64,0x0a,0x00,0x00,0x00,0x00
.globl _GEX_DATA_0045f1d0
_GEX_DATA_0045f1d0:
.byte 0x65,0x76,0x65,0x6e,0x74,0x5f,0x76,0x6f,0x69,0x63,0x65,0x66,0x69,0x6e,0x69,0x73
.byte 0x68,0x65,0x64,0x0a,0x00,0x00,0x00,0x00
.globl _GEX_DATA_0045f1e8
_GEX_DATA_0045f1e8:
.byte 0x65,0x76,0x65,0x6e,0x74,0x5f,0x77,0x61,0x6c,0x6c,0x42,0x72,0x65,0x61,0x6b,0x0a
.byte 0x00,0x00,0x00,0x00,0x00,0x00,0x00,0x00,0x60,0x00,0x00,0x00,0x63,0x00,0x00,0x00
.byte 0x66,0x00,0x00,0x00,0x69,0x00,0x00,0x00,0x6d,0x00,0x00,0x00,0x71,0x00,0x00,0x00
.byte 0x76,0x00,0x00,0x00,0x7b,0x00,0x00,0x00,0x80,0x00,0x00,0x00,0x85,0x00,0x00,0x00
.byte 0x8a,0x00,0x00,0x00,0x8f,0x00,0x00,0x00,0x93,0x00,0x00,0x00,0x97,0x00,0x00,0x00
.byte 0x9a,0x00,0x00,0x00,0x9d,0x00,0x00,0x00,0xa0,0x00,0x00,0x00,0x5d,0x00,0x00,0x00
.byte 0x60,0x00,0x00,0x00,0x63,0x00,0x00,0x00,0x67,0x00,0x00,0x00,0x6b,0x00,0x00,0x00
.byte 0x70,0x00,0x00,0x00,0x75,0x00,0x00,0x00,0x7a,0x00,0x00,0x00,0x80,0x00,0x00,0x00
.byte 0x86,0x00,0x00,0x00,0x8b,0x00,0x00,0x00,0x90,0x00,0x00,0x00,0x95,0x00,0x00,0x00
.byte 0x99,0x00,0x00,0x00,0x9d,0x00,0x00,0x00,0xa0,0x00,0x00,0x00,0xa3,0x00,0x00,0x00
.byte 0x5a,0x00,0x00,0x00,0x5d,0x00,0x00,0x00,0x60,0x00,0x00,0x00,0x64,0x00,0x00,0x00
.byte 0x68,0x00,0x00,0x00,0x6d,0x00,0x00,0x00,0x73,0x00,0x00,0x00,0x79,0x00,0x00,0x00
.byte 0x80,0x00,0x00,0x00,0x87,0x00,0x00,0x00,0x8d,0x00,0x00,0x00,0x93,0x00,0x00,0x00
.byte 0x98,0x00,0x00,0x00,0x9c,0x00,0x00,0x00,0xa0,0x00,0x00,0x00,0xa3,0x00,0x00,0x00
.byte 0xa6,0x00,0x00,0x00,0x57,0x00,0x00,0x00,0x59,0x00,0x00,0x00,0x5c,0x00,0x00,0x00
.byte 0x60,0x00,0x00,0x00,0x65,0x00,0x00,0x00,0x6a,0x00,0x00,0x00,0x70,0x00,0x00,0x00
.byte 0x78,0x00,0x00,0x00,0x80,0x00,0x00,0x00,0x88,0x00,0x00,0x00,0x90,0x00,0x00,0x00
.byte 0x96,0x00,0x00,0x00,0x9b,0x00,0x00,0x00,0xa0,0x00,0x00,0x00,0xa4,0x00,0x00,0x00
.byte 0xa7,0x00,0x00,0x00,0xa9,0x00,0x00,0x00,0x53,0x00,0x00,0x00,0x55,0x00,0x00,0x00
.byte 0x58,0x00,0x00,0x00,0x5b,0x00,0x00,0x00,0x60,0x00,0x00,0x00,0x66,0x00,0x00,0x00
.byte 0x6d,0x00,0x00,0x00,0x76,0x00,0x00,0x00,0x80,0x00,0x00,0x00,0x8a,0x00,0x00,0x00
.byte 0x93,0x00,0x00,0x00,0x9a,0x00,0x00,0x00,0xa0,0x00,0x00,0x00,0xa5,0x00,0x00,0x00
.byte 0xa8,0x00,0x00,0x00,0xab,0x00,0x00,0x00,0xad,0x00,0x00,0x00,0x4f,0x00,0x00,0x00
.byte 0x50,0x00,0x00,0x00,0x53,0x00,0x00,0x00,0x56,0x00,0x00,0x00,0x5a,0x00,0x00,0x00
.byte 0x60,0x00,0x00,0x00,0x68,0x00,0x00,0x00,0x73,0x00,0x00,0x00,0x80,0x00,0x00,0x00
.byte 0x8d,0x00,0x00,0x00,0x98,0x00,0x00,0x00,0xa0,0x00,0x00,0x00,0xa6,0x00,0x00,0x00
.byte 0xaa,0x00,0x00,0x00,0xad,0x00,0x00,0x00,0xb0,0x00,0x00,0x00,0xb1,0x00,0x00,0x00
.byte 0x4a,0x00,0x00,0x00,0x4b,0x00,0x00,0x00,0x4d,0x00,0x00,0x00,0x50,0x00,0x00,0x00
.byte 0x53,0x00,0x00,0x00,0x58,0x00,0x00,0x00,0x60,0x00,0x00,0x00,0x6d,0x00,0x00,0x00
.byte 0x80,0x00,0x00,0x00,0x93,0x00,0x00,0x00,0xa0,0x00,0x00,0x00,0xa8,0x00,0x00,0x00
.byte 0xad,0x00,0x00,0x00,0xb0,0x00,0x00,0x00,0xb3,0x00,0x00,0x00,0xb5,0x00,0x00,0x00
.byte 0xb6,0x00,0x00,0x00,0x45,0x00,0x00,0x00,0x46,0x00,0x00,0x00,0x47,0x00,0x00,0x00
.byte 0x48,0x00,0x00,0x00,0x4a,0x00,0x00,0x00,0x4d,0x00,0x00,0x00,0x53,0x00,0x00,0x00
.byte 0x60,0x00,0x00,0x00,0x80,0x00,0x00,0x00,0xa0,0x00,0x00,0x00,0xad,0x00,0x00,0x00
.byte 0xb3,0x00,0x00,0x00,0xb6,0x00,0x00,0x00,0xb8,0x00,0x00,0x00,0xb9,0x00,0x00,0x00
.byte 0xba,0x00,0x00,0x00,0xbb,0x00,0x00,0x00,0x40,0x00,0x00,0x00,0x40,0x00,0x00,0x00
.byte 0x40,0x00,0x00,0x00,0x40,0x00,0x00,0x00,0x40,0x00,0x00,0x00,0x40,0x00,0x00,0x00
.byte 0x40,0x00,0x00,0x00,0x40,0x00,0x00,0x00
.globl _GEX_DATA_0045f440
_GEX_DATA_0045f440:
.byte 0x00,0x00,0x00,0x00,0xc0,0x00,0x00,0x00,0xc0,0x00,0x00,0x00,0xc0,0x00,0x00,0x00
.byte 0xc0,0x00,0x00,0x00,0xc0,0x00,0x00,0x00,0xc0,0x00,0x00,0x00,0xc0,0x00,0x00,0x00
.byte 0xc0,0x00,0x00,0x00,0x3b,0x00,0x00,0x00,0x3a,0x00,0x00,0x00,0x39,0x00,0x00,0x00
.byte 0x38,0x00,0x00,0x00,0x36,0x00,0x00,0x00,0x33,0x00,0x00,0x00,0x2d,0x00,0x00,0x00
.byte 0x20,0x00,0x00,0x00,0x00,0x00,0x00,0x00,0xe0,0x00,0x00,0x00,0xd3,0x00,0x00,0x00
.byte 0xcd,0x00,0x00,0x00,0xca,0x00,0x00,0x00,0xc8,0x00,0x00,0x00,0xc7,0x00,0x00,0x00
.byte 0xc6,0x00,0x00,0x00,0xc5,0x00,0x00,0x00,0x36,0x00,0x00,0x00,0x35,0x00,0x00,0x00
.byte 0x33,0x00,0x00,0x00,0x30,0x00,0x00,0x00,0x2d,0x00,0x00,0x00,0x28,0x00,0x00,0x00
.byte 0x20,0x00,0x00,0x00,0x13,0x00,0x00,0x00,0x00,0x00,0x00,0x00,0xed,0x00,0x00,0x00
.byte 0xe0,0x00,0x00,0x00,0xd8,0x00,0x00,0x00,0xd3,0x00,0x00,0x00,0xd0,0x00,0x00,0x00
.byte 0xcd,0x00,0x00,0x00,0xcb,0x00,0x00,0x00,0xca,0x00,0x00,0x00,0x31,0x00,0x00,0x00
.byte 0x30,0x00,0x00,0x00,0x2d,0x00,0x00,0x00,0x2a,0x00,0x00,0x00,0x26,0x00,0x00,0x00
.byte 0x20,0x00,0x00,0x00,0x18,0x00,0x00,0x00,0x0d,0x00,0x00,0x00,0x00,0x00,0x00,0x00
.byte 0xf3,0x00,0x00,0x00,0xe8,0x00,0x00,0x00,0xe0,0x00,0x00,0x00,0xda,0x00,0x00,0x00
.byte 0xd6,0x00,0x00,0x00,0xd3,0x00,0x00,0x00,0xd0,0x00,0x00,0x00,0xcf,0x00,0x00,0x00
.byte 0x2d,0x00,0x00,0x00,0x2b,0x00,0x00,0x00,0x28,0x00,0x00,0x00,0x25,0x00,0x00,0x00
.byte 0x20,0x00,0x00,0x00,0x1a,0x00,0x00,0x00,0x13,0x00,0x00,0x00,0x0a,0x00,0x00,0x00
.byte 0x00,0x00,0x00,0x00,0xf6,0x00,0x00,0x00,0xed,0x00,0x00,0x00,0xe6,0x00,0x00,0x00
.byte 0xe0,0x00,0x00,0x00,0xdb,0x00,0x00,0x00,0xd8,0x00,0x00,0x00,0xd5,0x00,0x00,0x00
.byte 0xd3,0x00,0x00,0x00,0x29,0x00,0x00,0x00,0x27,0x00,0x00,0x00,0x24,0x00,0x00,0x00
.byte 0x20,0x00,0x00,0x00,0x1b,0x00,0x00,0x00,0x16,0x00,0x00,0x00,0x10,0x00,0x00,0x00
.byte 0x08,0x00,0x00,0x00,0x00,0x00,0x00,0x00,0xf8,0x00,0x00,0x00,0xf0,0x00,0x00,0x00
.byte 0xea,0x00,0x00,0x00,0xe5,0x00,0x00,0x00,0xe0,0x00,0x00,0x00,0xdc,0x00,0x00,0x00
.byte 0xd9,0x00,0x00,0x00,0xd7,0x00,0x00,0x00,0x26,0x00,0x00,0x00,0x23,0x00,0x00,0x00
.byte 0x20,0x00,0x00,0x00,0x1c,0x00,0x00,0x00,0x18,0x00,0x00,0x00,0x13,0x00,0x00,0x00
.byte 0x0d,0x00,0x00,0x00,0x07,0x00,0x00,0x00,0x00,0x00,0x00,0x00,0xf9,0x00,0x00,0x00
.byte 0xf3,0x00,0x00,0x00,0xed,0x00,0x00,0x00,0xe8,0x00,0x00,0x00,0xe4,0x00,0x00,0x00
.byte 0xe0,0x00,0x00,0x00,0xdd,0x00,0x00,0x00,0xda,0x00,0x00,0x00,0x23,0x00,0x00,0x00
.byte 0x20,0x00,0x00,0x00,0x1d,0x00,0x00,0x00,0x19,0x00,0x00,0x00,0x15,0x00,0x00,0x00
.byte 0x10,0x00,0x00,0x00,0x0b,0x00,0x00,0x00,0x06,0x00,0x00,0x00,0x00,0x00,0x00,0x00
.byte 0xfa,0x00,0x00,0x00,0xf5,0x00,0x00,0x00,0xf0,0x00,0x00,0x00,0xeb,0x00,0x00,0x00
.byte 0xe7,0x00,0x00,0x00,0xe3,0x00,0x00,0x00,0xe0,0x00,0x00,0x00,0xdd,0x00,0x00,0x00
.byte 0x20,0x00,0x00,0x00,0x1d,0x00,0x00,0x00,0x1a,0x00,0x00,0x00,0x17,0x00,0x00,0x00
.byte 0x13,0x00,0x00,0x00,0x0f,0x00,0x00,0x00,0x0a,0x00,0x00,0x00,0x05,0x00,0x00,0x00
.byte 0x00,0x00,0x00,0x00,0xfb,0x00,0x00,0x00,0xf6,0x00,0x00,0x00,0xf1,0x00,0x00,0x00
.byte 0xed,0x00,0x00,0x00,0xe9,0x00,0x00,0x00,0xe6,0x00,0x00,0x00,0xe3,0x00,0x00,0x00
.byte 0xe0,0x00,0x00,0x00,0x00,0x00,0x00,0x00,0x6a,0x01,0x00,0x00,0x54,0x01,0x00,0x00
.byte 0x40,0x01,0x00,0x00,0x2e,0x01,0x00,0x00,0x1e,0x01,0x00,0x00,0x11,0x01,0x00,0x00
.byte 0x08,0x01,0x00,0x00,0x02,0x01,0x00,0x00,0x00,0x01,0x00,0x00,0x02,0x01,0x00,0x00
.byte 0x08,0x01,0x00,0x00,0x11,0x01,0x00,0x00,0x1e,0x01,0x00,0x00,0x2e,0x01,0x00,0x00
.byte 0x40,0x01,0x00,0x00,0x54,0x01,0x00,0x00,0x6a,0x01,0x00,0x00,0x54,0x01,0x00,0x00
.byte 0x3d,0x01,0x00,0x00,0x27,0x01,0x00,0x00,0x13,0x01,0x00,0x00,0x02,0x01,0x00,0x00
.byte 0xf4,0x00,0x00,0x00,0xe9,0x00,0x00,0x00,0xe2,0x00,0x00,0x00,0xe0,0x00,0x00,0x00
.byte 0xe2,0x00,0x00,0x00,0xe9,0x00,0x00,0x00,0xf4,0x00,0x00,0x00,0x02,0x01,0x00,0x00
.byte 0x13,0x01,0x00,0x00,0x27,0x01,0x00,0x00,0x3d,0x01,0x00,0x00,0x54,0x01,0x00,0x00
.byte 0x40,0x01,0x00,0x00,0x27,0x01,0x00,0x00,0x10,0x01,0x00,0x00,0xfa,0x00,0x00,0x00
.byte 0xe7,0x00,0x00,0x00,0xd7,0x00,0x00,0x00,0xca,0x00,0x00,0x00,0xc3,0x00,0x00,0x00
.byte 0xc0,0x00,0x00,0x00,0xc3,0x00,0x00,0x00,0xca,0x00,0x00,0x00,0xd7,0x00,0x00,0x00
.byte 0xe7,0x00,0x00,0x00,0xfa,0x00,0x00,0x00,0x10,0x01,0x00,0x00,0x27,0x01,0x00,0x00
.byte 0x40,0x01,0x00,0x00,0x2e,0x01,0x00,0x00,0x13,0x01,0x00,0x00,0xfa,0x00,0x00,0x00
.byte 0xe2,0x00,0x00,0x00,0xcd,0x00,0x00,0x00,0xbb,0x00,0x00,0x00,0xac,0x00,0x00,0x00
.byte 0xa3,0x00,0x00,0x00,0xa0,0x00,0x00,0x00,0xa3,0x00,0x00,0x00,0xac,0x00,0x00,0x00
.byte 0xbb,0x00,0x00,0x00,0xcd,0x00,0x00,0x00,0xe2,0x00,0x00,0x00,0xfa,0x00,0x00,0x00
.byte 0x13,0x01,0x00,0x00,0x2e,0x01,0x00,0x00,0x1e,0x01,0x00,0x00,0x02,0x01,0x00,0x00
.byte 0xe7,0x00,0x00,0x00,0xcd,0x00,0x00,0x00,0xb5,0x00,0x00,0x00,0xa0,0x00,0x00,0x00
.byte 0x8f,0x00,0x00,0x00,0x84,0x00,0x00,0x00,0x80,0x00,0x00,0x00,0x84,0x00,0x00,0x00
.byte 0x8f,0x00,0x00,0x00,0xa0,0x00,0x00,0x00,0xb5,0x00,0x00,0x00,0xcd,0x00,0x00,0x00
.byte 0xe7,0x00,0x00,0x00,0x02,0x01,0x00,0x00,0x1e,0x01,0x00,0x00,0x11,0x01,0x00,0x00
.byte 0xf4,0x00,0x00,0x00,0xd7,0x00,0x00,0x00,0xbb,0x00,0x00,0x00,0xa0,0x00,0x00,0x00
.byte 0x88,0x00,0x00,0x00,0x73,0x00,0x00,0x00,0x65,0x00,0x00,0x00,0x60,0x00,0x00,0x00
.byte 0x65,0x00,0x00,0x00,0x73,0x00,0x00,0x00,0x88,0x00,0x00,0x00,0xa0,0x00,0x00,0x00
.byte 0xbb,0x00,0x00,0x00,0xd7,0x00,0x00,0x00,0xf4,0x00,0x00,0x00,0x11,0x01,0x00,0x00
.byte 0x08,0x01,0x00,0x00,0xe9,0x00,0x00,0x00,0xca,0x00,0x00,0x00,0xac,0x00,0x00,0x00
.byte 0x8f,0x00,0x00,0x00,0x73,0x00,0x00,0x00,0x5b,0x00,0x00,0x00,0x48,0x00,0x00,0x00
.byte 0x40,0x00,0x00,0x00,0x48,0x00,0x00,0x00,0x5b,0x00,0x00,0x00,0x73,0x00,0x00,0x00
.byte 0x8f,0x00,0x00,0x00,0xac,0x00,0x00,0x00,0xca,0x00,0x00,0x00,0xe9,0x00,0x00,0x00
.byte 0x08,0x01,0x00,0x00,0x02,0x01,0x00,0x00,0xe2,0x00,0x00,0x00,0xc3,0x00,0x00,0x00
.byte 0xa3,0x00,0x00,0x00,0x84,0x00,0x00,0x00,0x65,0x00,0x00,0x00,0x48,0x00,0x00,0x00
.byte 0x2d,0x00,0x00,0x00,0x20,0x00,0x00,0x00,0x2d,0x00,0x00,0x00,0x48,0x00,0x00,0x00
.byte 0x65,0x00,0x00,0x00,0x84,0x00,0x00,0x00,0xa3,0x00,0x00,0x00,0xc3,0x00,0x00,0x00
.byte 0xe2,0x00,0x00,0x00,0x02,0x01,0x00,0x00,0x00,0x01,0x00,0x00,0xe0,0x00,0x00,0x00
.byte 0xc0,0x00,0x00,0x00,0xa0,0x00,0x00,0x00,0x80,0x00,0x00,0x00,0x60,0x00,0x00,0x00
.byte 0x40,0x00,0x00,0x00,0x20,0x00,0x00,0x00,0x00,0x00,0x00,0x00,0x20,0x00,0x00,0x00
.byte 0x40,0x00,0x00,0x00,0x60,0x00,0x00,0x00,0x80,0x00,0x00,0x00,0xa0,0x00,0x00,0x00
.byte 0xc0,0x00,0x00,0x00,0xe0,0x00,0x00,0x00,0x00,0x01,0x00,0x00,0x02,0x01,0x00,0x00
.byte 0xe2,0x00,0x00,0x00,0xc3,0x00,0x00,0x00,0xa3,0x00,0x00,0x00,0x84,0x00,0x00,0x00
.byte 0x65,0x00,0x00,0x00,0x48,0x00,0x00,0x00,0x2d,0x00,0x00,0x00,0x20,0x00,0x00,0x00
.byte 0x2d,0x00,0x00,0x00,0x48,0x00,0x00,0x00,0x65,0x00,0x00,0x00,0x84,0x00,0x00,0x00
.byte 0xa3,0x00,0x00,0x00,0xc3,0x00,0x00,0x00,0xe2,0x00,0x00,0x00,0x02,0x01,0x00,0x00
.byte 0x08,0x01,0x00,0x00,0xe9,0x00,0x00,0x00,0xca,0x00,0x00,0x00,0xac,0x00,0x00,0x00
.byte 0x8f,0x00,0x00,0x00,0x73,0x00,0x00,0x00,0x5b,0x00,0x00,0x00,0x48,0x00,0x00,0x00
.byte 0x40,0x00,0x00,0x00,0x48,0x00,0x00,0x00,0x5b,0x00,0x00,0x00,0x73,0x00,0x00,0x00
.byte 0x8f,0x00,0x00,0x00,0xac,0x00,0x00,0x00,0xca,0x00,0x00,0x00,0xe9,0x00,0x00,0x00
.byte 0x08,0x01,0x00,0x00,0x11,0x01,0x00,0x00,0xf4,0x00,0x00,0x00,0xd7,0x00,0x00,0x00
.byte 0xbb,0x00,0x00,0x00,0xa0,0x00,0x00,0x00,0x88,0x00,0x00,0x00,0x73,0x00,0x00,0x00
.byte 0x65,0x00,0x00,0x00,0x60,0x00,0x00,0x00,0x65,0x00,0x00,0x00,0x73,0x00,0x00,0x00
.byte 0x88,0x00,0x00,0x00,0xa0,0x00,0x00,0x00,0xbb,0x00,0x00,0x00,0xd7,0x00,0x00,0x00
.byte 0xf4,0x00,0x00,0x00,0x11,0x01,0x00,0x00,0x1e,0x01,0x00,0x00,0x02,0x01,0x00,0x00
.byte 0xe7,0x00,0x00,0x00,0xcd,0x00,0x00,0x00,0xb5,0x00,0x00,0x00,0xa0,0x00,0x00,0x00
.byte 0x8f,0x00,0x00,0x00,0x84,0x00,0x00,0x00,0x80,0x00,0x00,0x00,0x84,0x00,0x00,0x00
.byte 0x8f,0x00,0x00,0x00,0xa0,0x00,0x00,0x00,0xb5,0x00,0x00,0x00,0xcd,0x00,0x00,0x00
.byte 0xe7,0x00,0x00,0x00,0x02,0x01,0x00,0x00,0x1e,0x01,0x00,0x00,0x2e,0x01,0x00,0x00
.byte 0x13,0x01,0x00,0x00,0xfa,0x00,0x00,0x00,0xe2,0x00,0x00,0x00,0xcd,0x00,0x00,0x00
.byte 0xbb,0x00,0x00,0x00,0xac,0x00,0x00,0x00,0xa3,0x00,0x00,0x00,0xa0,0x00,0x00,0x00
.byte 0xa3,0x00,0x00,0x00,0xac,0x00,0x00,0x00,0xbb,0x00,0x00,0x00,0xcd,0x00,0x00,0x00
.byte 0xe2,0x00,0x00,0x00,0xfa,0x00,0x00,0x00,0x13,0x01,0x00,0x00,0x2e,0x01,0x00,0x00
.byte 0x40,0x01,0x00,0x00,0x27,0x01,0x00,0x00,0x10,0x01,0x00,0x00,0xfa,0x00,0x00,0x00
.byte 0xe7,0x00,0x00,0x00,0xd7,0x00,0x00,0x00,0xca,0x00,0x00,0x00,0xc3,0x00,0x00,0x00
.byte 0xc0,0x00,0x00,0x00,0xc3,0x00,0x00,0x00,0xca,0x00,0x00,0x00,0xd7,0x00,0x00,0x00
.byte 0xe7,0x00,0x00,0x00,0xfa,0x00,0x00,0x00,0x10,0x01,0x00,0x00,0x27,0x01,0x00,0x00
.byte 0x40,0x01,0x00,0x00,0x54,0x01,0x00,0x00,0x3d,0x01,0x00,0x00,0x27,0x01,0x00,0x00
.byte 0x13,0x01,0x00,0x00,0x02,0x01,0x00,0x00,0xf4,0x00,0x00,0x00,0xe9,0x00,0x00,0x00
.byte 0xe2,0x00,0x00,0x00,0xe0,0x00,0x00,0x00,0xe2,0x00,0x00,0x00,0xe9,0x00,0x00,0x00
.byte 0xf4,0x00,0x00,0x00,0x02,0x01,0x00,0x00,0x13,0x01,0x00,0x00,0x27,0x01,0x00,0x00
.byte 0x3d,0x01,0x00,0x00,0x54,0x01,0x00,0x00,0x6a,0x01,0x00,0x00,0x54,0x01,0x00,0x00
.byte 0x40,0x01,0x00,0x00,0x2e,0x01,0x00,0x00,0x1e,0x01,0x00,0x00,0x11,0x01,0x00,0x00
.byte 0x08,0x01,0x00,0x00,0x02,0x01,0x00,0x00,0x00,0x01,0x00,0x00,0x02,0x01,0x00,0x00
.byte 0x08,0x01,0x00,0x00,0x11,0x01,0x00,0x00,0x1e,0x01,0x00,0x00,0x2e,0x01,0x00,0x00
.byte 0x40,0x01,0x00,0x00,0x54,0x01,0x00,0x00,0x6a,0x01,0x00,0x00,0x00,0x00,0x00,0x00
.byte 0x04,0x00,0x00,0x00
.globl _GEX_DATA_0045fb14
_GEX_DATA_0045fb14:
.byte 0xcb,0x00,0x00,0x00,0x08,0x00,0x00,0x00,0xce,0x00,0x00,0x00,0x01,0x00,0x00,0x00
.byte 0xcf,0x00,0x00,0x00,0x04,0x00,0x00,0x00,0xd2,0x00,0x00,0x00,0x08,0x00,0x00,0x00
.byte 0xd5,0x00,0x00,0x00,0x01,0x00,0x00,0x00,0xd6,0x00,0x00,0x00,0x03,0x00,0x00,0x00
.byte 0xda,0x00,0x00,0x00,0x08,0x00,0x00,0x00,0xdc,0x00,0x00,0x00,0x05,0x00,0x00,0x00
.byte 0xe0,0x00,0x00,0x00,0x02,0x00,0x00,0x00,0xe4,0x00,0x00,0x00,0x07,0x00,0x00,0x00
.byte 0xe6,0x00,0x00,0x00,0x02,0x00,0x00,0x00,0xec,0x00,0x00,0x00,0x07,0x00,0x00,0x00
.byte 0xed,0x00,0x00,0x00,0x04,0x00,0x00,0x00,0xf2,0x00,0x00,0x00,0x01,0x00,0x00,0x00
.byte 0xf6,0x00,0x00,0x00,0x07,0x00,0x00,0x00,0xf8,0x00,0x00,0x00,0x05,0x00,0x00,0x00
.byte 0xfb,0x00,0x00,0x00,0x03,0x00,0x00,0x00,0xfe,0x00,0x00,0x00,0x06,0x00,0x00,0x00
.byte 0x02,0x01,0x00,0x00,0x02,0x00,0x00,0x00,0x07,0x01,0x00,0x00,0x08,0x00,0x00,0x00
.byte 0x0b,0x01,0x00,0x00,0x02,0x00,0x00,0x00,0x0e,0x01,0x00,0x00,0x06,0x00,0x00,0x00
.byte 0x11,0x01,0x00,0x00,0x00,0x00,0x00,0x00,0x16,0x01,0x00,0x00,0x06,0x00,0x00,0x00
.byte 0x16,0x01,0x00,0x00,0x05,0x00,0x00,0x00,0x1d,0x01,0x00,0x00,0x01,0x00,0x00,0x00
.byte 0x1e,0x01,0x00,0x00,0x08,0x00,0x00,0x00,0x21,0x01,0x00,0x00,0x03,0x00,0x00,0x00
.byte 0x24,0x01,0x00,0x00,0x06,0x00,0x00,0x00,0x28,0x01,0x00,0x00,0x02,0x00,0x00,0x00
.byte 0x2b,0x01,0x00,0x00,0x07,0x00,0x00,0x00,0x2e,0x01,0x00,0x00,0x04,0x00,0x00,0x00
.byte 0x32,0x01,0x00,0x00,0x08,0x00,0x00,0x00,0x35,0x01,0x00,0x00,0x01,0x00,0x00,0x00
.byte 0x36,0x01,0x00,0x00,0x05,0x00,0x00,0x00,0x38,0x01,0x00,0x00,0x00,0x00,0x00,0x00
.byte 0x00,0x00,0x00,0x00,0x00,0x00,0x00,0x00,0x00,0x00,0x00,0x00,0x00,0x00,0x00,0x00
.byte 0x00,0x00,0x00,0x00,0x00,0x00,0x00,0x00,0x00,0x00,0x00,0x00,0x00,0x00,0x00,0x00
.byte 0x00,0x00,0x00,0x00,0x00,0x00,0x00,0x00,0x00,0x00,0x00,0x00,0x00,0x00,0x00,0x00
.byte 0x00,0x00,0x00,0x00,0x00,0x00,0x00,0x00,0x00,0x00,0x00,0x00,0x00,0x00,0x00,0x00
.byte 0x00,0x00,0x00,0x00,0x00,0x00,0x00,0x00,0x00,0x00,0x00,0x00,0x00,0x00,0x00,0x00
.byte 0x00,0x00,0x00,0x00,0x00,0x00,0x00,0x00,0x00,0x00,0x00,0x00,0x00,0x00,0x00,0x00
.byte 0x00,0x00,0x00,0x00,0x00,0x00,0x00,0x00,0x00,0x00,0x00,0x00,0x00,0x00,0x00,0x00
.byte 0x00,0x00,0x00,0x00,0x00,0x00,0x00,0x00,0x00,0x00,0x00,0x00,0x00,0x00,0x00,0x00
.byte 0x00,0x00,0x00,0x00,0x00,0x00,0x00,0x00,0x00,0x00,0x00,0x00,0x00,0x00,0x00,0x00
.byte 0x00,0x00,0x00,0x00,0x00,0x00,0x00,0x00,0x00,0x00,0x00,0x00,0x00,0x00,0x00,0x00
.byte 0x00,0x00,0x00,0x00,0x00,0x00,0x00,0x00,0x00,0x00,0x00,0x00,0x00,0x00,0x00,0x00
.byte 0x00,0x00,0x00,0x00,0x00,0x00,0x00,0x00,0x00,0x00,0x00,0x00,0x00,0x00,0x00,0x00
.byte 0x00,0x00,0x00,0x00,0x00,0x00,0x00,0x00,0x00,0x00,0x00,0x00,0x00,0x00,0x00,0x00
.byte 0x00,0x00,0x00,0x00,0x00,0x00,0x00,0x00,0x00,0x00,0x00,0x00,0x00,0x00,0x00,0x00
.byte 0x00,0x00,0x00,0x00,0x00,0x00,0x00,0x00,0x00,0x00,0x00,0x00,0x00,0x00,0x00,0x00
.byte 0x00,0x00,0x00,0x00,0x00,0x00,0x00,0x00,0x00,0x00,0x00,0x00,0x00,0x00,0x00,0x00
.byte 0x00,0x00,0x00,0x00,0x00,0x00,0x00,0x00,0x00,0x00,0x00,0x00,0x00,0x00,0x00,0x00
.byte 0x00,0x00,0x00,0x00,0x00,0x00,0x00,0x00,0x00,0x00,0x00,0x00,0x00,0x00,0x00,0x00
.byte 0x00,0x00,0x00,0x00,0x00,0x00,0x00,0x00,0x00,0x00,0x00,0x00,0x00,0x00,0x00,0x00
.byte 0x00,0x00,0x00,0x00,0x00,0x00,0x00,0x00,0x00,0x00,0x00,0x00,0x00,0x00,0x00,0x00
.byte 0x00,0x00,0x00,0x00,0x00,0x00,0x00,0x00,0x00,0x00,0x00,0x00,0x00,0x00,0x00,0x00
.byte 0x00,0x00,0x00,0x00,0x00,0x00,0x00,0x00,0x00,0x00,0x00,0x00,0x00,0x00,0x00,0x00
.byte 0x00,0x00,0x00,0x00,0x00,0x00,0x00,0x00,0x00,0x00,0x00,0x00,0x00,0x00,0x00,0x00
.byte 0x00,0x00,0x00,0x00,0x00,0x00,0x00,0x00,0x00,0x00,0x00,0x00,0x00,0x00,0x00,0x00
.byte 0x00,0x00,0x00,0x00,0x00,0x00,0x00,0x00,0x00,0x00,0x00,0x00,0x00,0x00,0x00,0x00
.byte 0x00,0x00,0x00,0x00,0x00,0x00,0x00,0x00,0x00,0x00,0x00,0x00,0x00,0x00,0x00,0x00
.byte 0x00,0x00,0x00,0x00,0x00,0x00,0x00,0x00,0x00,0x00,0x00,0x00,0x00,0x00,0x00,0x00
.byte 0x00,0x00,0x00,0x00,0x00,0x00,0x00,0x00,0x00,0x00,0x00,0x00,0x00,0x00,0x00,0x00
.byte 0x00,0x00,0x00,0x00,0x00,0x00,0x00,0x00,0x00,0x00,0x00,0x00,0x00,0x00,0x00,0x00
.byte 0x00,0x00,0x00,0x00,0x00,0x00,0x00,0x00,0x00,0x00,0x00,0x00,0x00,0x00,0x00,0x00
.byte 0x00,0x00,0x00,0x00,0x00,0x00,0x00,0x00,0x00,0x00,0x00,0x00,0x00,0x00,0x00,0x00
.byte 0x00,0x00,0x00,0x00,0x00,0x00,0x00,0x00,0x00,0x00,0x00,0x00,0x00,0x00,0x00,0x00
.byte 0x00,0x00,0x00,0x00,0x00,0x00,0x00,0x00,0x00,0x00,0x00,0x00,0x00,0x00,0x00,0x00
.byte 0x00,0x00,0x00,0x00,0x00,0x00,0x00,0x00,0x00,0x00,0x00,0x00,0x00,0x00,0x00,0x00
.byte 0x00,0x00,0x00,0x00,0x00,0x00,0x00,0x00,0x00,0x00,0x00,0x00,0x00,0x00,0x00,0x00
.byte 0x00,0x00,0x00,0x00,0x00,0x00,0x00,0x00,0x00,0x00,0x00,0x00,0x00,0x00,0x00,0x00
.byte 0x00,0x00,0x00,0x00,0x00,0x00,0x00,0x00,0x00,0x00,0x00,0x00,0x00,0x00,0x00,0x00
.byte 0x00,0x00,0x00,0x00,0x00,0x00,0x00,0x00,0x00,0x00,0x00,0x00,0x00,0x00,0x00,0x00
.byte 0x00,0x00,0x00,0x00,0x00,0x00,0x00,0x00,0x00,0x00,0x00,0x00,0x00,0x00,0x00,0x00
.byte 0x00,0x00,0x00,0x00,0x00,0x00,0x00,0x00,0x00,0x00,0x00,0x00,0x00,0x00,0x00,0x00
.byte 0x00,0x00,0x00,0x00,0x00,0x00,0x00,0x00,0x00,0x00,0x00,0x00,0x00,0x00,0x00,0x00
.byte 0x00,0x00,0x00,0x00,0x00,0x00,0x00,0x00,0x00,0x00,0x00,0x00,0x00,0x00,0x00,0x00
.byte 0x00,0x00,0x00,0x00,0x00,0x00,0x00,0x00,0x00,0x00,0x00,0x00,0x00,0x00,0x00,0x00
.byte 0x00,0x00,0x00,0x00,0x00,0x00,0x00,0x00,0x00,0x00,0x00,0x00,0x00,0x00,0x00,0x00
.byte 0x00,0x00,0x00,0x00,0x00,0x00,0x00,0x00,0x00,0x00,0x00,0x00,0x00,0x00,0x00,0x00
.byte 0x00,0x00,0x00,0x00,0x00,0x00,0x00,0x00,0x00,0x00,0x00,0x00,0x00,0x00,0x00,0x00
.byte 0x01,0x00,0x00,0x00,0x04,0x00,0x00,0x00,0x05,0x00,0x00,0x00,0x06,0x00,0x00,0x00
.byte 0x07,0x00,0x00,0x00,0x08,0x00,0x00,0x00,0x09,0x00,0x00,0x00,0x0a,0x00,0x00,0x00
.byte 0x0b,0x00,0x00,0x00,0x00,0x00,0x00,0x00,0x00,0x00,0x00,0x00,0x01,0x00,0x00,0x00
.byte 0x01,0x00,0x00,0x00,0x01,0x00,0x00,0x00,0x01,0x00,0x00,0x00,0x01,0x00,0x00,0x00
.byte 0x01,0x00,0x00,0x00,0x01,0x00,0x00,0x00,0x02,0x00,0x00,0x00,0x00,0x00,0x00,0x00
.byte 0x00,0x00,0x00,0x00,0x01,0x00,0x00,0x00,0x02,0x00,0x00,0x00,0x03,0x00,0x00,0x00
.byte 0x04,0x00,0x00,0x00,0x05,0x00,0x00,0x00,0x06,0x00,0x00,0x00,0x07,0x00,0x00,0x00
.byte 0x08,0x00,0x00,0x00,0x00,0x00,0x00,0x00,0x00,0x00,0x00,0x00,0x01,0x00,0x00,0x00
.byte 0x02,0x00,0x00,0x00,0x02,0x00,0x00,0x00,0x03,0x00,0x00,0x00,0x0d,0x00,0x00,0x00
.byte 0x0d,0x00,0x00,0x00,0x0e,0x00,0x00,0x00,0x0f,0x00,0x00,0x00
.globl _GEX_DATA_0045ffb0
_GEX_DATA_0045ffb0:
.zero 4
.globl _GEX_DATA_0045ffb4
_GEX_DATA_0045ffb4:
.byte 0x1e,0x00,0x00,0x00
.globl _GEX_DATA_0045ffb8
_GEX_DATA_0045ffb8:
.byte 0x45,0x4e,0x44,0x20,0x57,0x41,0x49,0x54,0x0a,0x00,0x00,0x00
.globl _GEX_DATA_0045ffc4
_GEX_DATA_0045ffc4:
.byte 0x44,0x49,0x56,0x45,0x0a,0x00,0x00,0x00
.globl _GEX_DATA_0045ffcc
_GEX_DATA_0045ffcc:
.byte 0x48,0x55,0x4e,0x54,0x0a,0x00,0x00,0x00
.globl _GEX_DATA_0045ffd4
_GEX_DATA_0045ffd4:
.zero 4
.globl _GEX_DATA_0045ffd8
_GEX_DATA_0045ffd8:
.zero 4
.globl _GEX_DATA_0045ffdc
_GEX_DATA_0045ffdc:
.zero 4
.globl _GEX_DATA_0045ffe0
_GEX_DATA_0045ffe0:
.byte 0x03,0x00,0x00,0x00
.globl _GEX_DATA_0045ffe4
_GEX_DATA_0045ffe4:
.byte 0x03,0x00,0x00,0x00
.globl _GEX_DATA_0045ffe8
_GEX_DATA_0045ffe8:
.byte 0x00,0x00,0x40,0x00,0x00,0x00,0xc0,0x00,0x00,0x00,0x80,0x00,0x00,0x00,0x00,0x00
.byte 0x00,0x00,0xc0,0x00,0x00,0x00,0x40,0x00,0x00,0x00,0x00,0x00,0x00,0x00,0x80,0x00
.globl _GEX_DATA_00460008
_GEX_DATA_00460008:
.byte 0x00,0x00,0x14,0x00
.globl _GEX_DATA_0046000c
_GEX_DATA_0046000c:
.byte 0x00,0x00,0x00,0x00,0x00,0x00,0xec,0xff,0x00,0x00,0x00,0x00,0x00,0x00,0x00,0x00
.byte 0x00,0x00,0x14,0x00,0x00,0x00,0x00,0x00,0x00,0x00,0xec,0xff
.globl _GEX_DATA_00460028
_GEX_DATA_00460028:
.byte 0x00,0x00,0x18,0x00
.globl _GEX_DATA_0046002c
_GEX_DATA_0046002c:
.zero 4
.globl _GEX_DATA_00460030
_GEX_DATA_00460030:
.zero 4
.globl _GEX_DATA_00460034
_GEX_DATA_00460034:
.zero 4
.globl _GEX_DATA_00460038
_GEX_DATA_00460038:
.zero 4
.globl _GEX_DATA_0046003c
_GEX_DATA_0046003c:
.zero 4
.globl _GEX_DATA_00460040
_GEX_DATA_00460040:
.byte 0x40,0x01
.globl _GEX_DATA_00460042
_GEX_DATA_00460042:
.zero 6
.globl _GEX_DATA_00460048
_GEX_DATA_00460048:
.byte 0x08,0x08,0x08,0x00,0x40,0x40,0x40,0x00,0x20,0x20,0x20,0x00,0x10,0x10,0x10,0x00
.byte 0x10,0x10,0x10,0x00,0x80,0x80,0x80,0x00,0x40,0x40,0x40,0x00,0x20,0x20,0x20,0x00
.byte 0x18,0x18,0x18,0x00,0xc0,0xc0,0xc0,0x00,0x60,0x60,0x60,0x00,0x30,0x30,0x30,0x00
.byte 0x20,0x20,0x20,0x00,0xff,0xff,0xff,0x00,0x80,0x80,0x80,0x00,0x40,0x40,0x40,0x00
.byte 0x28,0x28,0x28,0x00,0xff,0xff,0xff,0x00,0xa0,0xa0,0xa0,0x00,0x50,0x50,0x50,0x00
.byte 0x30,0x30,0x30,0x00,0xff,0xff,0xff,0x00,0xc0,0xc0,0xc0,0x00,0x60,0x60,0x60,0x00
.byte 0x38,0x38,0x38,0x00,0xff,0xff,0xff,0x00,0xe0,0xe0,0xe0,0x00,0x70,0x70,0x70,0x00
.byte 0x40,0x40,0x40,0x00,0xff,0xff,0xff,0x00,0xff,0xff,0xff,0x00,0x80,0x80,0x80,0x00
.globl _GEX_DATA_004600c8
_GEX_DATA_004600c8:
.zero 4
.globl _GEX_DATA_004600cc
_GEX_DATA_004600cc:
.byte 0x44,0x52,0x41,0x57,0x5f,0x43,0x61,0x63,0x68,0x65,0x49,0x6e,0x69,0x74,0x28,0x29
.byte 0x0a,0x00,0x00,0x00
.globl _GEX_DATA_004600e0
_GEX_DATA_004600e0:
.byte 0x44,0x52,0x41,0x57,0x5f,0x43,0x61,0x63,0x68,0x65,0x43,0x6c,0x65,0x61,0x72,0x28
.byte 0x29,0x0a,0x00,0x00
.globl _GEX_DATA_004600f4
_GEX_DATA_004600f4:
.byte 0x45,0x52,0x52,0x4f,0x52,0x3a,0x20,0x69,0x6e,0x76,0x61,0x6c,0x69,0x64,0x20,0x63
.byte 0x61,0x63,0x68,0x65,0x20,0x73,0x6c,0x6f,0x74,0x20,0x6e,0x75,0x6d,0x62,0x65,0x72
.byte 0x20,0x25,0x64,0x0a,0x00,0x00,0x00,0x00
.globl _GEX_DATA_0046011c
_GEX_DATA_0046011c:
.byte 0x45,0x52,0x52,0x4f,0x52,0x3a,0x20,0x65,0x6d,0x70,0x74,0x79,0x20,0x69,0x6d,0x61
.byte 0x67,0x65,0x20,0x25,0x78,0x0a,0x00,0x00,0x45,0x52,0x52,0x4f,0x52,0x3a,0x20,0x55
.byte 0x6e,0x70,0x61,0x63,0x6b,0x65,0x64,0x20,0x66,0x72,0x6f,0x6d,0x20,0x25,0x78,0x2c
.byte 0x20,0x63,0x6f,0x6e,0x74,0x72,0x6f,0x6c,0x20,0x61,0x63,0x74,0x75,0x61,0x6c,0x20
.byte 0x65,0x6e,0x64,0x20,0x25,0x78,0x2c,0x20,0x77,0x61,0x6e,0x74,0x65,0x64,0x20,0x65
.byte 0x6e,0x64,0x20,0x25,0x78,0x0a,0x00,0x00,0x45,0x52,0x52,0x4f,0x52,0x3a,0x20,0x55
.byte 0x6e,0x70,0x61,0x63,0x6b,0x65,0x64,0x20,0x66,0x72,0x6f,0x6d,0x20,0x25,0x78,0x2c
.byte 0x20,0x64,0x61,0x74,0x61,0x20,0x61,0x63,0x74,0x75,0x61,0x6c,0x20,0x65,0x6e,0x64
.byte 0x20,0x25,0x78,0x2c,0x20,0x77,0x61,0x6e,0x74,0x65,0x64,0x20,0x65,0x6e,0x64,0x20
.byte 0x25,0x78,0x0a,0x00,0x55,0x6e,0x70,0x61,0x63,0x6b,0x69,0x6e,0x67,0x20,0x25,0x64
.byte 0x20,0x62,0x79,0x74,0x65,0x73,0x2c,0x20,0x63,0x6f,0x6e,0x74,0x72,0x6f,0x6c,0x20
.byte 0x61,0x74,0x20,0x25,0x78,0x2c,0x20,0x64,0x61,0x74,0x61,0x20,0x61,0x74,0x20,0x25
.byte 0x78,0x0a,0x00,0x00
.globl _GEX_DATA_004601e0
_GEX_DATA_004601e0:
.byte 0x52,0x65,0x73,0x65,0x72,0x76,0x69,0x6e,0x67,0x20,0x73,0x6c,0x6f,0x74,0x20,0x25
.byte 0x64,0x2c,0x25,0x64,0x0a,0x00,0x00,0x00
.globl _GEX_DATA_004601f8
_GEX_DATA_004601f8:
.byte 0x45,0x52,0x52,0x4f,0x52,0x3a,0x20,0x69,0x6e,0x76,0x61,0x6c,0x69,0x64,0x20,0x63
.byte 0x6c,0x75,0x74,0x20,0x63,0x61,0x63,0x68,0x65,0x20,0x73,0x6c,0x6f,0x74,0x20,0x6e
.byte 0x75,0x6d,0x62,0x65,0x72,0x20,0x25,0x64,0x0a,0x00,0x00,0x00
.globl _GEX_DATA_00460224
_GEX_DATA_00460224:
.byte 0x45,0x52,0x52,0x4f,0x52,0x3a,0x20,0x69,0x6e,0x76,0x61,0x6c,0x69,0x64,0x20,0x38
.byte 0x62,0x70,0x70,0x20,0x63,0x6c,0x75,0x74,0x20,0x63,0x61,0x63,0x68,0x65,0x20,0x73
.byte 0x6c,0x6f,0x74,0x20,0x6e,0x75,0x6d,0x62,0x65,0x72,0x20,0x25,0x64,0x0a,0x00,0x00
.byte 0x00,0x00,0x00,0x00
.globl _GEX_DATA_00460258
_GEX_DATA_00460258:
.byte 0x00,0x00,0x00,0x00,0x00,0x00,0x00,0x00,0x00,0x00,0x00,0x00,0x00,0x00,0x00,0x00
.byte 0x80,0x00,0xff,0xff,0x1c,0x00,0x40,0x20,0x00,0x00,0x00,0x00
.globl _GEX_DATA_00460274
_GEX_DATA_00460274:
.zero 1024
.globl _GEX_DATA_00460674
_GEX_DATA_00460674:
.zero 4
.globl _GEX_DATA_00460678
_GEX_DATA_00460678:
.byte 0xff,0xff,0xff,0xff
.globl _GEX_DATA_0046067c
_GEX_DATA_0046067c:
.zero 12
.globl _GEX_DATA_00460688
_GEX_DATA_00460688:
.byte 0x00,0x00,0xff,0xff,0x00,0x00,0x00,0x00,0x00,0x00,0xff,0x7f,0xff,0x7f,0x00,0x00
.byte 0xff,0x7f,0xff,0x7f,0x00,0x00,0xef,0x3d,0xef,0x3d,0x00,0x00,0xef,0x3d,0xef,0x3d
.byte 0xef,0x3d,0xff,0x7f,0x00,0x00,0x00,0x00
.globl _GEX_DATA_004606b0
_GEX_DATA_004606b0:
.byte 0x00,0x00,0xff,0xff,0x00,0x00,0x00,0x00,0x00,0x00,0xe7,0x1c,0xe7,0x1c,0x00,0x00
.byte 0xe7,0x1c,0xe7,0x1c,0x00,0x00,0x63,0x0c,0x63,0x0c,0x00,0x00,0x63,0x0c,0x63,0x0c
.byte 0x63,0x0c,0xe7,0x1c,0x00,0x00,0x00,0x00
.globl _GEX_DATA_004606d8
_GEX_DATA_004606d8:
.byte 0x00,0x00,0xff,0xff,0x08,0x32,0x2d,0x57,0x2d,0x57,0xff,0x7f,0xff,0x7f,0x08,0x32
.byte 0xff,0x7f,0xff,0x7f,0x08,0x32,0x10,0x42,0x10,0x42,0x2d,0x57,0x10,0x42,0x10,0x42
.byte 0x10,0x42,0xff,0x7f,0x00,0x00,0x00,0x00
.globl _GEX_DATA_00460700
_GEX_DATA_00460700:
.long _GEX_DATA_00460688
.long _GEX_DATA_004606b0
.long _GEX_DATA_004606d8
.globl _GEX_DATA_0046070c
_GEX_DATA_0046070c:
.byte 0xa1,0x86,0x01,0x00,0x00,0x00,0x21,0x04,0x60,0x14,0x80,0x20,0xe0,0x2c,0xa0,0x30
.byte 0xe1,0x0d,0x41,0x21,0x20,0x4d,0xa2,0x02,0xe2,0x02,0x03,0x0f,0x83,0x03,0xe4,0x03
.byte 0xf5,0x53,0xff,0x7f,0x00,0x22,0x22,0x22,0x02,0x00,0x00,0x00,0x00,0x00,0x00,0x00
.byte 0x22,0x22,0x22,0x12,0x00,0x00,0x00,0x00,0x00,0x00,0x10,0x22,0x22,0x22,0x22,0x02
.byte 0x00,0x00,0x00,0x00,0x00,0x22,0x22,0x22,0x00,0x00,0x00,0x00,0x00,0x00,0x00,0x00
.byte 0x00,0x00,0x00,0x00,0x00,0x00,0x00,0x00,0x00,0x00,0x00,0x00,0x00,0x00,0x00,0x00
.byte 0x00,0x00,0x00,0x00,0x00,0x00,0x00,0x00,0x00,0x00,0x00,0x00,0x00,0x00,0x00,0x00
.byte 0x00,0x00,0x00,0x00,0x20,0x96,0x99,0xca,0x39,0x00,0x00,0x00,0x00,0x00,0x00,0x22
.byte 0x96,0xb9,0xdc,0x7b,0x01,0x00,0x00,0x00,0x00,0x21,0x72,0x99,0xb9,0xbb,0xab,0x26
.byte 0x00,0x00,0x00,0x10,0x32,0xa6,0xcb,0x6c,0x22,0x00,0x00,0x00,0x00,0x00,0x20,0x22
.byte 0x02,0x00,0x00,0x20,0x22,0x22,0x12,0x00,0x22,0x22,0x01,0x00,0x00,0x21,0x22,0x22
.byte 0x22,0x22,0x22,0x22,0x02,0x00,0x00,0x00,0x00,0x00,0x00,0x00,0x00,0x00,0x00,0x00
.byte 0x00,0x00,0x00,0x00,0x20,0xd9,0xff,0xcd,0x88,0x03,0x00,0x00,0x00,0x00,0x20,0xc6
.byte 0xfe,0xff,0xff,0x6e,0x13,0x00,0x00,0x00,0x10,0xc6,0xfe,0xff,0xff,0xef,0xcd,0x49
.byte 0x02,0x00,0x00,0x41,0xc9,0xfd,0xff,0xdf,0x6b,0x02,0x00,0x00,0x00,0x00,0x62,0xca
.byte 0x4c,0x00,0x00,0x92,0xec,0xcf,0x49,0x22,0xb6,0xbc,0x17,0x00,0x10,0x97,0xba,0xbb
.byte 0xbb,0xcc,0xcc,0xac,0x27,0x00,0x00,0x00,0x00,0x00,0x00,0x00,0x00,0x00,0x00,0x00
.byte 0x00,0x00,0x00,0x00,0x20,0xd9,0xdd,0x9d,0x84,0x38,0x00,0x00,0x00,0x00,0x20,0xea
.byte 0xdd,0xdd,0xdd,0xbe,0x37,0x01,0x00,0x00,0x10,0xe6,0xde,0xdd,0xdd,0xdd,0xdd,0x89
.byte 0x24,0x00,0x00,0x41,0xdb,0xdd,0xdd,0xfd,0xcf,0x26,0x00,0x00,0x00,0x20,0xda,0xff
.byte 0x8d,0x03,0x00,0xa2,0xdd,0xed,0xcf,0x49,0xfe,0xcf,0x56,0x01,0x10,0xb7,0xfe,0xff
.byte 0xff,0xff,0xef,0x9c,0x48,0x02,0x00,0x00,0x00,0x00,0x00,0x00,0x00,0x00,0x00,0x00
.byte 0x00,0x00,0x00,0x00,0x20,0xd9,0xdd,0x4d,0x55,0x12,0x01,0x00,0x00,0x00,0x92,0xde
.byte 0xdd,0xcc,0xdd,0xcd,0x37,0x01,0x00,0x00,0x10,0xc6,0xdd,0xbc,0xdc,0xdd,0xdd,0x59
.byte 0x24,0x01,0x00,0x41,0xdb,0xdd,0xbc,0xdd,0xfd,0x8c,0x02,0x00,0x00,0x20,0xda,0xdd
.byte 0x8c,0x38,0x00,0x92,0xdd,0xdd,0xdd,0xbe,0xdc,0xcd,0x86,0x15,0x10,0xe7,0xde,0xdd
.byte 0xdd,0xdd,0xdd,0x7b,0x84,0x05,0x00,0x00,0x00,0x00,0x00,0x00,0x00,0x00,0x00,0x00
.byte 0x00,0x00,0x00,0x00,0x20,0xd9,0xdd,0x4c,0x55,0x12,0x11,0x00,0x00,0x20,0xc7,0xdd
.byte 0xbd,0x67,0xdc,0xdd,0x56,0x13,0x00,0x00,0x10,0xc6,0xdd,0x49,0x75,0xdb,0xdd,0x59
.byte 0x23,0x11,0x00,0x41,0xda,0xcd,0x46,0xd9,0xdd,0xad,0x28,0x00,0x00,0x20,0xda,0xdd
.byte 0x4b,0x38,0x01,0x92,0xdd,0xdd,0xdd,0xdd,0xdd,0xcd,0x47,0x15,0x10,0xb7,0xdd,0x9c
.byte 0xa9,0xdc,0xcd,0x56,0x35,0x02,0x00,0x00,0x00,0x00,0x00,0x00,0x00,0x00,0x00,0x00
.byte 0x00,0x00,0x00,0x00,0x20,0xd9,0xdd,0x4b,0x25,0x11,0x01,0x00,0x00,0x20,0xc9,0xdd
.byte 0x7c,0x55,0xc6,0xdd,0x7b,0x13,0x00,0x00,0x10,0xd6,0xcd,0x86,0x54,0xd6,0xdd,0x59
.byte 0x23,0x11,0x00,0x41,0xd9,0xbd,0x58,0xa4,0xdd,0xcd,0x28,0x01,0x00,0x20,0xda,0xdd
.byte 0x4b,0x25,0x11,0x92,0xdd,0xcd,0xdc,0xdd,0xdd,0xcd,0x57,0x13,0x21,0xb7,0xdd,0x49
.byte 0x55,0x75,0x6a,0x54,0x35,0x02,0x00,0x00,0x00,0x00,0x00,0x00,0x00,0x00,0x00,0x00
.byte 0x00,0x00,0x00,0x00,0x20,0xd9,0xdd,0x49,0x25,0x11,0x01,0x00,0x00,0x62,0xdc,0xdd
.byte 0x57,0x55,0xb7,0xdd,0x6c,0x13,0x01,0x00,0x71,0xda,0xcd,0x46,0x24,0xd6,0xdd,0x59
.byte 0x23,0x11,0x00,0x41,0xd9,0xbd,0x88,0x45,0xdc,0xdd,0x86,0x12,0x00,0x20,0xda,0xdd
.byte 0x4b,0x25,0x11,0x92,0xdd,0x9d,0x64,0xcb,0xdd,0xcd,0x57,0x13,0x21,0xc6,0xcd,0x86
.byte 0x54,0x55,0x84,0x48,0x23,0x01,0x00,0x00,0x00,0x00,0x00,0x00,0x00,0x00,0x00,0x00
.byte 0x00,0x00,0x00,0x00,0x20,0xd9,0xdd,0x49,0x25,0x11,0x00,0x00,0x00,0xa2,0xdd,0xad
.byte 0x57,0x35,0x62,0xdc,0x9d,0x57,0x01,0x00,0x71,0xdc,0xbd,0x56,0x73,0xda,0xcd,0x59
.byte 0x23,0x11,0x00,0x41,0xdb,0xbd,0x85,0x32,0xda,0xdd,0x89,0x12,0x00,0x20,0xdb,0xdd
.byte 0x4b,0x25,0x11,0x92,0xdd,0x9d,0x54,0x65,0xdc,0xcd,0x57,0x13,0x21,0xc6,0xcd,0x46
.byte 0x25,0x22,0x97,0x69,0x12,0x01,0x00,0x00,0x00,0x00,0x00,0x00,0x00,0x00,0x00,0x00
.byte 0x00,0x00,0x00,0x00,0x20,0xd9,0xdd,0x56,0x25,0x11,0x22,0x00,0x20,0xc6,0xdd,0x7c
.byte 0x55,0x23,0xb7,0xdd,0xad,0x57,0x01,0x00,0x61,0xdc,0xbd,0x77,0xb6,0xee,0xcd,0x56
.byte 0x23,0x11,0x00,0x41,0xdb,0x9d,0x55,0x32,0xd6,0xdd,0x5a,0x28,0x01,0x20,0xdc,0xdd
.byte 0x4b,0x25,0x11,0x92,0xdd,0x7d,0x55,0x63,0xdc,0xad,0x57,0x13,0x21,0xc6,0xcd,0x56
.byte 0x97,0xfe,0xef,0x6c,0x24,0x01,0x00,0x00,0x00,0x00,0x00,0x00,0x00,0x00,0x00,0x00
.byte 0x00,0x00,0x00,0x00,0x20,0xda,0xdd,0x54,0x25,0x21,0xa6,0x14,0x20,0xc6,0xdd,0x7d
.byte 0x55,0x23,0xc6,0xdd,0x6c,0x84,0x15,0x10,0xa7,0xdd,0xed,0xff,0xff,0xde,0xcd,0x56
.byte 0x23,0x11,0x00,0x41,0xdc,0xad,0x55,0x12,0xc3,0xdd,0x5a,0x28,0x01,0x20,0xdc,0xdd
.byte 0x4b,0x25,0x11,0x92,0xdd,0x7d,0x55,0x63,0xdc,0xad,0x57,0x13,0x21,0xc6,0xcd,0x56
.byte 0xb7,0xdd,0xdd,0x6c,0x48,0x02,0x00,0x00,0x00,0x00,0x00,0x00,0x00,0x00,0x00,0x00
.byte 0x00,0x00,0x00,0x00,0x20,0xda,0xdd,0x54,0x25,0x92,0xad,0x38,0x01,0x92,0xdd,0xbd
.byte 0x37,0x62,0xec,0xde,0x79,0x45,0x15,0x10,0xc6,0xdd,0xdd,0xdd,0xdd,0xdd,0xcd,0x56
.byte 0x23,0x11,0x00,0x71,0xdc,0xbd,0x55,0x32,0xda,0xdd,0x5a,0x25,0x11,0x20,0xdc,0xdd
.byte 0x4b,0x25,0x11,0x92,0xdd,0x7d,0x35,0x62,0xdc,0xad,0x57,0x13,0x21,0xc6,0xcd,0x56
.byte 0x33,0xb7,0xdd,0x6c,0x44,0x02,0x00,0x00,0x00,0x00,0x00,0x00,0x00,0x00,0x00,0x00
.byte 0x00,0x00,0x00,0x00,0x20,0xda,0xdd,0x59,0xa6,0xfc,0x6d,0x88,0x13,0x72,0xdc,0xdd
.byte 0x7c,0xc6,0xee,0xbd,0x57,0x35,0x11,0x21,0xc6,0xdd,0xdd,0xcd,0xdc,0xdd,0xcd,0x56
.byte 0x23,0x11,0x00,0x71,0xdd,0xbd,0x45,0xca,0xdf,0xdd,0x5a,0x25,0x11,0x20,0xdc,0xdd
.byte 0x4b,0x25,0x11,0x92,0xdd,0x7d,0x35,0x62,0xdc,0xad,0x57,0x13,0x21,0xd6,0xcd,0x56
.byte 0x23,0xb7,0xdd,0x6c,0x35,0x02,0x00,0x21,0x22,0x22,0x00,0x10,0x22,0x22,0x02,0x00
.byte 0x20,0x22,0x22,0x00,0x20,0xda,0xdd,0xfd,0xff,0xdf,0x7c,0x85,0x13,0x20,0xc6,0xdd
.byte 0xfe,0xff,0xde,0x6d,0x55,0x35,0x11,0x72,0xda,0xdd,0x6c,0x55,0x65,0xdd,0xcd,0x56
.byte 0x23,0x11,0x00,0x71,0xdd,0xdd,0xff,0xff,0xdd,0xdd,0x59,0x25,0x11,0x20,0xdc,0xdd
.byte 0x4b,0x25,0x11,0x92,0xdd,0x7d,0x35,0x92,0xdc,0xad,0x57,0x13,0x21,0xd6,0xdd,0x7a
.byte 0x73,0xeb,0xde,0x6c,0x35,0x02,0x10,0x64,0xcb,0x6c,0x02,0x31,0xa6,0xcc,0x26,0x00
.byte 0x63,0xca,0x6d,0x02,0x20,0xdb,0xdd,0xdd,0xdd,0xdd,0x4b,0x55,0x13,0x01,0x92,0xdc
.byte 0xdd,0xdd,0xdd,0x7a,0x55,0x13,0x11,0x62,0xdc,0xdd,0x6c,0x55,0x97,0xdd,0xcd,0x56
.byte 0x23,0x11,0x10,0x94,0xdd,0xdd,0xdd,0xdd,0xdd,0xcd,0x86,0x25,0x11,0x20,0xdc,0xdd
.byte 0x4b,0x25,0x11,0x92,0xdd,0x7d,0x35,0x92,0xdd,0xad,0x57,0x13,0x21,0xd6,0xdd,0xcc
.byte 0xec,0xef,0xdd,0x6c,0x35,0x02,0x10,0xb7,0xef,0x5b,0x24,0x41,0xfb,0xcf,0x85,0x02
.byte 0xb3,0xff,0x5d,0x28,0x20,0xdc,0xdd,0xcd,0xcc,0xcc,0x89,0x35,0x11,0x01,0x72,0xdb
.byte 0xdd,0xdd,0xbd,0x86,0x34,0x11,0x11,0x62,0xdc,0xcd,0x7a,0x34,0xb7,0xcc,0x9b,0x46
.byte 0x23,0x11,0x10,0x94,0xdd,0xdd,0xcd,0xac,0x69,0x55,0x88,0x28,0x11,0x62,0xdd,0xdd
.byte 0x4a,0x25,0x11,0xa2,0xdd,0x7d,0x35,0x92,0xdd,0xad,0x57,0x13,0x21,0xd9,0xdd,0xfe
.byte 0xef,0xdd,0xdd,0x6c,0x35,0x02,0x10,0xc7,0xdd,0x5b,0x45,0x41,0xdb,0xcd,0x55,0x18
.byte 0xb3,0xdd,0x5d,0x85,0x20,0x99,0x55,0x55,0x55,0x55,0x88,0x38,0x11,0x01,0x20,0xa6
.byte 0x99,0x46,0x55,0x84,0x58,0x11,0x01,0x71,0x76,0x55,0x84,0x48,0x32,0x55,0x55,0x88
.byte 0x24,0x11,0x10,0x94,0x9a,0x69,0x55,0x55,0x55,0x55,0x85,0x28,0x11,0x92,0xcc,0x6a
.byte 0x88,0x25,0x11,0xb2,0xcd,0x7c,0x35,0xa2,0xdd,0x6b,0x48,0x13,0x21,0xd9,0xdd,0xdd
.byte 0xdd,0xdd,0xcc,0x6a,0x34,0x02,0x10,0xc7,0xcd,0x89,0x25,0x41,0xdb,0x9c,0x58,0x12
.byte 0xb3,0xcd,0x89,0x25,0x00,0x52,0x55,0x55,0x55,0x55,0x85,0x38,0x11,0x00,0x00,0x32
.byte 0x55,0x55,0x55,0x45,0x15,0x11,0x00,0x10,0x53,0x55,0x45,0x48,0x12,0x53,0x55,0x85
.byte 0x24,0x11,0x00,0x31,0x55,0x55,0x55,0x55,0x55,0x55,0x22,0x12,0x11,0x20,0x55,0x55
.byte 0x88,0x38,0x11,0x92,0x49,0x88,0x38,0x62,0x54,0x45,0x88,0x15,0x21,0x97,0x99,0x79
.byte 0x55,0x55,0x55,0x84,0x48,0x02,0x00,0x31,0x55,0x88,0x24,0x11,0x53,0x85,0x88,0x12
.byte 0x21,0x55,0x88,0x28,0x00,0x20,0x55,0x22,0x22,0x22,0x22,0x12,0x11,0x00,0x00,0x20
.byte 0x53,0x55,0x35,0x22,0x11,0x11,0x00,0x00,0x31,0x35,0x22,0x22,0x11,0x21,0x22,0x22
.byte 0x12,0x11,0x00,0x10,0x53,0x55,0x55,0x22,0x22,0x22,0x11,0x11,0x11,0x00,0x52,0x55
.byte 0x85,0x13,0x11,0x20,0x55,0x85,0x38,0x21,0x53,0x55,0x54,0x11,0x01,0x31,0x55,0x55
.byte 0x55,0x55,0x55,0x45,0x48,0x02,0x00,0x10,0x53,0x85,0x24,0x11,0x31,0x55,0x88,0x12
.byte 0x01,0x52,0x85,0x28,0x00,0x00,0x22,0x11,0x11,0x11,0x11,0x11,0x11,0x00,0x00,0x00
.byte 0x22,0x22,0x12,0x11,0x11,0x01,0x00,0x00,0x00,0x11,0x11,0x11,0x11,0x00,0x11,0x11
.byte 0x11,0x11,0x00,0x00,0x21,0x22,0x22,0x11,0x11,0x11,0x11,0x11,0x01,0x00,0x20,0x22
.byte 0x22,0x11,0x11,0x00,0x52,0x35,0x12,0x11,0x32,0x23,0x12,0x11,0x01,0x10,0x53,0x55
.byte 0x35,0x22,0x22,0x22,0x22,0x01,0x00,0x00,0x21,0x22,0x12,0x11,0x00,0x22,0x22,0x11
.byte 0x01,0x20,0x22,0x12,0x00,0x00,0x10,0x11,0x11,0x11,0x11,0x11,0x01,0x00,0x00,0x00
.byte 0x00,0x11,0x11,0x11,0x11,0x00,0x00,0x00,0x00,0x10,0x11,0x11,0x01,0x00,0x10,0x11
.byte 0x11,0x01,0x00,0x00,0x00,0x11,0x11,0x11,0x11,0x11,0x11,0x00,0x00,0x00,0x00,0x11
.byte 0x11,0x11,0x01,0x00,0x20,0x12,0x11,0x11,0x20,0x11,0x11,0x11,0x00,0x00,0x21,0x22
.byte 0x22,0x11,0x11,0x11,0x11,0x01,0x00,0x00,0x00,0x11,0x11,0x11,0x00,0x10,0x11,0x11
.byte 0x01,0x00,0x11,0x11
.globl _GEX_DATA_00460dc0
_GEX_DATA_00460dc0:
.byte 0x47,0x46,0x58,0x5f,0x49,0x6e,0x69,0x74,0x28,0x29,0x0a,0x00
.globl _GEX_DATA_00460dcc
_GEX_DATA_00460dcc:
.byte 0x47,0x46,0x58,0x5f,0x4f,0x70,0x65,0x6e,0x47,0x72,0x61,0x70,0x68,0x69,0x63,0x73
.byte 0x0a,0x00,0x00,0x00
.globl _GEX_DATA_00460de0
_GEX_DATA_00460de0:
.byte 0x47,0x46,0x58,0x5f,0x43,0x6c,0x6f,0x73,0x65,0x47,0x72,0x61,0x70,0x68,0x69,0x63
.byte 0x73,0x0a,0x00,0x00
.globl _GEX_DATA_00460df4
_GEX_DATA_00460df4:
.byte 0x50,0x41,0x4c,0x5f,0x57,0x61,0x69,0x74,0x46,0x6f,0x72,0x46,0x61,0x64,0x65,0x0a
.byte 0x00,0x00,0x00,0x00
.globl _GEX_DATA_00460e08
_GEX_DATA_00460e08:
.zero 4
.globl _GEX_DATA_00460e0c
_GEX_DATA_00460e0c:
.byte 0x41,0x66,0x74,0x65,0x72,0x20,0x52,0x4d,0x5f,0x4c,0x6f,0x61,0x64,0x54,0x65,0x78
.byte 0x74,0x75,0x72,0x65,0x73,0x2c,0x20,0x66,0x72,0x65,0x65,0x62,0x6c,0x6f,0x63,0x6b
.byte 0x73,0x20,0x3d,0x20,0x25,0x6c,0x64,0x0a,0x00,0x00,0x00,0x00
.globl _GEX_DATA_00460e38
_GEX_DATA_00460e38:
.byte 0x41,0x6c,0x6c,0x20,0x74,0x65,0x78,0x74,0x75,0x72,0x65,0x20,0x64,0x61,0x74,0x61
.byte 0x20,0x74,0x72,0x61,0x6e,0x73,0x66,0x65,0x72,0x72,0x65,0x64,0x2e,0x20,0x25,0x64
.byte 0x20,0x63,0x65,0x6c,0x6c,0x73,0x2e,0x0a,0x00,0x00,0x00,0x00
.globl _GEX_DATA_00460e64
_GEX_DATA_00460e64:
.byte 0x54,0x72,0x61,0x6e,0x73,0x66,0x65,0x72,0x72,0x69,0x6e,0x67,0x20,0x63,0x65,0x6c
.byte 0x6c,0x20,0x25,0x78,0x20,0x74,0x6f,0x20,0x25,0x64,0x2c,0x25,0x64,0x0a,0x00,0x00
.byte 0x52,0x65,0x73,0x6f,0x6c,0x76,0x69,0x6e,0x67,0x20,0x74,0x69,0x6c,0x65,0x20,0x69
.byte 0x6d,0x61,0x67,0x65,0x20,0x25,0x78,0x20,0x74,0x6f,0x00,0x00,0x20,0x25,0x78,0x0a
.byte 0x00,0x00,0x00,0x00,0x52,0x65,0x73,0x6f,0x6c,0x76,0x69,0x6e,0x67,0x20,0x74,0x6c
.byte 0x20,0x25,0x78,0x20,0x74,0x6f,0x00,0x00
.globl _GEX_DATA_00460ebc
_GEX_DATA_00460ebc:
.byte 0x4c,0x6f,0x61,0x64,0x65,0x64,0x20,0x54,0x69,0x6c,0x65,0x20,0x54,0x65,0x78,0x74
.byte 0x75,0x72,0x65,0x20,0x64,0x61,0x74,0x61,0x2e,0x2e,0x2e,0x20,0x54,0x72,0x61,0x6e
.byte 0x73,0x66,0x65,0x72,0x72,0x69,0x6e,0x67,0x2e,0x2e,0x2e,0x0a,0x00,0x00,0x00,0x00
.globl _GEX_DATA_00460eec
_GEX_DATA_00460eec:
.byte 0x54,0x69,0x6c,0x65,0x20,0x61,0x6c,0x72,0x65,0x61,0x64,0x79,0x20,0x6c,0x6f,0x61
.byte 0x64,0x65,0x64,0x20,0x61,0x74,0x20,0x70,0x6f,0x73,0x69,0x74,0x69,0x6f,0x6e,0x20
.byte 0x25,0x64,0x2c,0x20,0x77,0x69,0x74,0x68,0x20,0x63,0x61,0x63,0x68,0x65,0x5f,0x73
.byte 0x6c,0x6f,0x74,0x20,0x25,0x64,0x0a,0x00
.globl _GEX_DATA_00460f24
_GEX_DATA_00460f24:
.byte 0x52,0x4d,0x5f,0x45,0x78,0x74,0x72,0x61,0x52,0x65,0x73,0x6f,0x6c,0x76,0x65,0x20
.byte 0x6f,0x6e,0x20,0x25,0x78,0x2c,0x20,0x28,0x74,0x69,0x6c,0x65,0x20,0x25,0x64,0x29
.byte 0x0a,0x00,0x00,0x00
.globl _GEX_DATA_00460f48
_GEX_DATA_00460f48:
.byte 0x00,0x04,0x00,0x00
.globl _GEX_DATA_00460f4c
_GEX_DATA_00460f4c:
.byte 0x04,0x00,0x00,0x00,0x00,0x04,0x00,0x00,0x04,0x00,0x00,0x00,0x00,0x00,0x01,0x00
.byte 0x01,0x00,0x00,0x00,0x01,0x00,0x04,0x00,0x00,0x00,0x00,0x50,0x00,0x10,0x00,0x00
.globl _GEX_DATA_00460f6c
_GEX_DATA_00460f6c:
.zero 4
.globl _GEX_DATA_00460f70
_GEX_DATA_00460f70:
.byte 0x41,0x66,0x74,0x65,0x72,0x20,0x47,0x4f,0x42,0x5f,0x4c,0x6f,0x61,0x64,0x54,0x65
.byte 0x78,0x74,0x75,0x72,0x65,0x73,0x2c,0x20,0x66,0x72,0x65,0x65,0x62,0x6c,0x6f,0x63
.byte 0x6b,0x73,0x20,0x3d,0x20,0x25,0x6c,0x64,0x0a,0x00,0x00,0x00
.globl _GEX_DATA_00460f9c
_GEX_DATA_00460f9c:
.byte 0x41,0x6c,0x6c,0x20,0x74,0x65,0x78,0x74,0x75,0x72,0x65,0x20,0x64,0x61,0x74,0x61
.byte 0x20,0x74,0x72,0x61,0x6e,0x73,0x66,0x65,0x72,0x72,0x65,0x64,0x2e,0x20,0x25,0x64
.byte 0x20,0x6f,0x62,0x6a,0x65,0x63,0x74,0x20,0x63,0x65,0x6c,0x6c,0x73,0x2e,0x0a,0x00
.globl _GEX_DATA_00460fcc
_GEX_DATA_00460fcc:
.byte 0x09,0x77,0x20,0x3d,0x20,0x25,0x64,0x2c,0x20,0x68,0x20,0x3d,0x20,0x25,0x64,0x0a
.byte 0x00,0x00,0x00,0x00
.globl _GEX_DATA_00460fe0
_GEX_DATA_00460fe0:
.byte 0x54,0x72,0x61,0x6e,0x73,0x66,0x65,0x72,0x72,0x69,0x6e,0x67,0x20,0x6f,0x62,0x6a
.byte 0x65,0x63,0x74,0x20,0x63,0x65,0x6c,0x6c,0x20,0x25,0x78,0x20,0x28,0x25,0x64,0x29
.byte 0x20,0x74,0x6f,0x20,0x25,0x64,0x2c,0x25,0x64,0x0a,0x00,0x00
.globl _GEX_DATA_0046100c
_GEX_DATA_0046100c:
.byte 0x4c,0x6f,0x61,0x64,0x65,0x64,0x20,0x4f,0x62,0x6a,0x65,0x63,0x74,0x20,0x54,0x65
.byte 0x78,0x74,0x75,0x72,0x65,0x20,0x64,0x61,0x74,0x61,0x2e,0x2e,0x2e,0x20,0x54,0x72
.byte 0x61,0x6e,0x73,0x66,0x65,0x72,0x72,0x69,0x6e,0x67,0x2e,0x2e,0x2e,0x0a,0x00,0x00
.globl _GEX_DATA_0046103c
_GEX_DATA_0046103c:
.byte 0x41,0x74,0x20,0x70,0x6f,0x73,0x69,0x74,0x69,0x6f,0x6e,0x20,0x25,0x64,0x2c,0x25
.byte 0x64,0x0a,0x00,0x00
.globl _GEX_DATA_00461050
_GEX_DATA_00461050:
.byte 0x53,0x65,0x74,0x74,0x69,0x6e,0x67,0x20,0x75,0x70,0x20,0x6f,0x74,0x20,0x25,0x64
.byte 0x20,0x70,0x72,0x65,0x66,0x69,0x78,0x20,0x25,0x78,0x2c,0x20,0x68,0x65,0x61,0x64
.byte 0x65,0x72,0x20,0x25,0x78,0x2c,0x20,0x6f,0x66,0x66,0x73,0x65,0x74,0x20,0x25,0x78
.byte 0x0a,0x00,0x00,0x00
.globl _GEX_DATA_00461084
_GEX_DATA_00461084:
.byte 0x47,0x4f,0x42,0x5f,0x45,0x78,0x74,0x72,0x61,0x52,0x65,0x73,0x6f,0x6c,0x76,0x65
.byte 0x20,0x6f,0x6e,0x20,0x25,0x78,0x0a,0x00,0x00,0x00,0x00,0x00
.globl _GEX_DATA_004610a0
_GEX_DATA_004610a0:
.byte 0x21,0x04,0x84,0x10,0x08,0x21,0xce,0x39,0xc6,0x18,0x29,0x25,0xad,0x35,0x94,0x52
.byte 0x08,0x21,0xce,0x39,0xd6,0x5a,0xbd,0x77,0x31,0x46,0xd6,0x5a,0x18,0x63,0xff,0x7f
.byte 0x00,0x00,0x00,0x00,0x30,0x00,0x00,0x00,0x00,0x08,0x00,0x00,0x00,0x00,0x00,0x00
.byte 0x00,0x10,0x00,0x00,0x00,0x00,0x00,0x00
.long _GEX_FN_00445390
.long _GEX_FN_004457b0
.long _GEX_FN_004459e0
.zero 4
.long _GEX_FN_00445ca0
.long _GEX_FN_004461c0
.long _GEX_FN_00446430
.zero 68
.globl _GEX_DATA_00461138
_GEX_DATA_00461138:
.byte 0x00,0x00,0x00,0x00,0x00,0x00,0x00,0x00,0x00,0x00,0x00,0x00,0x00,0x00,0x00,0x00
.byte 0x00,0x00,0x00,0x00,0x00,0x00,0x00,0x00,0x75,0x98,0x00,0x00,0x73,0x98,0x00,0x00
.byte 0x00,0x00,0x00,0x00,0x00,0x00,0x00,0x00
.globl _GEX_DATA_00461160
_GEX_DATA_00461160:
.long _GEX_FN_00449a70
.long _GEX_FN_00449a90
.long _GEX_FN_00449a90
.zero 8
.long _GEX_FN_004497a0
.byte 0x00,0x00,0x00,0x00,0x02,0x00,0x00,0x00
.globl _GEX_DATA_00461180
_GEX_DATA_00461180:
.byte 0x01,0x00,0x00,0x00,0x00,0x00,0x00,0x00,0x00,0x00,0x00,0x00,0x00,0x00,0x00,0x00
.long _GEX_DATA_0047edc8
.zero 4
.globl _GEX_DATA_00461198
_GEX_DATA_00461198:
.long _GEX_DATA_004611a2
.long _GEX_DATA_004611a2
.zero 2
.globl _GEX_DATA_004611a2
_GEX_DATA_004611a2:
.byte 0x20,0x00,0x20,0x00,0x20,0x00,0x20,0x00,0x20,0x00,0x20,0x00,0x20,0x00,0x20,0x00
.byte 0x20,0x00,0x28,0x00,0x28,0x00,0x28,0x00,0x28,0x00,0x28,0x00,0x20,0x00,0x20,0x00
.byte 0x20,0x00,0x20,0x00,0x20,0x00,0x20,0x00,0x20,0x00,0x20,0x00,0x20,0x00,0x20,0x00
.byte 0x20,0x00,0x20,0x00,0x20,0x00,0x20,0x00,0x20,0x00,0x20,0x00,0x20,0x00,0x20,0x00
.byte 0x48,0x00,0x10,0x00,0x10,0x00,0x10,0x00,0x10,0x00,0x10,0x00,0x10,0x00,0x10,0x00
.byte 0x10,0x00,0x10,0x00,0x10,0x00,0x10,0x00,0x10,0x00,0x10,0x00,0x10,0x00,0x10,0x00
.byte 0x84,0x00,0x84,0x00,0x84,0x00,0x84,0x00,0x84,0x00,0x84,0x00,0x84,0x00,0x84,0x00
.byte 0x84,0x00,0x84,0x00,0x10,0x00,0x10,0x00,0x10,0x00,0x10,0x00,0x10,0x00,0x10,0x00
.byte 0x10,0x00,0x81,0x00,0x81,0x00,0x81,0x00,0x81,0x00,0x81,0x00,0x81,0x00,0x01,0x00
.byte 0x01,0x00,0x01,0x00,0x01,0x00,0x01,0x00,0x01,0x00,0x01,0x00,0x01,0x00,0x01,0x00
.byte 0x01,0x00,0x01,0x00,0x01,0x00,0x01,0x00,0x01,0x00,0x01,0x00,0x01,0x00,0x01,0x00
.byte 0x01,0x00,0x01,0x00,0x01,0x00,0x10,0x00,0x10,0x00,0x10,0x00,0x10,0x00,0x10,0x00
.byte 0x10,0x00,0x82,0x00,0x82,0x00,0x82,0x00,0x82,0x00,0x82,0x00,0x82,0x00,0x02,0x00
.byte 0x02,0x00,0x02,0x00,0x02,0x00,0x02,0x00,0x02,0x00,0x02,0x00,0x02,0x00,0x02,0x00
.byte 0x02,0x00,0x02,0x00,0x02,0x00,0x02,0x00,0x02,0x00,0x02,0x00,0x02,0x00,0x02,0x00
.byte 0x02,0x00,0x02,0x00,0x02,0x00,0x10,0x00,0x10,0x00,0x10,0x00,0x10,0x00,0x20,0x00
.byte 0x00,0x00,0x00,0x00,0x00,0x00,0x00,0x00,0x00,0x00,0x00,0x00,0x00,0x00,0x00,0x00
.byte 0x00,0x00,0x00,0x00,0x00,0x00,0x00,0x00,0x00,0x00,0x00,0x00,0x00,0x00,0x00,0x00
.byte 0x00,0x00,0x00,0x00,0x00,0x00,0x00,0x00,0x00,0x00,0x00,0x00,0x00,0x00,0x00,0x00
.byte 0x00,0x00,0x00,0x00,0x00,0x00,0x00,0x00,0x00,0x00,0x00,0x00,0x00,0x00,0x00,0x00
.byte 0x00,0x00,0x00,0x00,0x00,0x00,0x00,0x00,0x00,0x00,0x00,0x00,0x00,0x00,0x00,0x00
.byte 0x00,0x00,0x00,0x00,0x00,0x00,0x00,0x00,0x00,0x00,0x00,0x00,0x00,0x00,0x00,0x00
.byte 0x00,0x00,0x00,0x00,0x00,0x00,0x00,0x00,0x00,0x00,0x00,0x00,0x00,0x00,0x00,0x00
.byte 0x00,0x00,0x00,0x00,0x00,0x00,0x00,0x00,0x00,0x00,0x00,0x00,0x00,0x00,0x00,0x00
.byte 0x00,0x00,0x00,0x00,0x00,0x00,0x00,0x00,0x00,0x00,0x00,0x00,0x00,0x00,0x00,0x00
.byte 0x00,0x00,0x00,0x00,0x00,0x00,0x00,0x00,0x00,0x00,0x00,0x00,0x00,0x00,0x00,0x00
.byte 0x00,0x00,0x00,0x00,0x00,0x00,0x00,0x00,0x00,0x00,0x00,0x00,0x00,0x00,0x00,0x00
.byte 0x00,0x00,0x00,0x00,0x00,0x00,0x00,0x00,0x00,0x00,0x00,0x00,0x00,0x00,0x00,0x00
.byte 0x00,0x00,0x00,0x00,0x00,0x00,0x00,0x00,0x00,0x00,0x00,0x00,0x00,0x00,0x00,0x00
.byte 0x00,0x00,0x00,0x00,0x00,0x00,0x00,0x00,0x00,0x00,0x00,0x00,0x00,0x00,0x00,0x00
.byte 0x00,0x00,0x00,0x00,0x00,0x00,0x00,0x00,0x00,0x00,0x00,0x00,0x00,0x00,0x00,0x00
.byte 0x00,0x00,0x00,0x00,0x00,0x00,0x00,0x00,0x00,0x00,0x00,0x00,0x00,0x00,0x00,0x00
.byte 0x00,0x00
.globl _GEX_DATA_004613a4
_GEX_DATA_004613a4:
.byte 0x01,0x00,0x00,0x00
.globl _GEX_DATA_004613a8
_GEX_DATA_004613a8:
.byte 0x2e,0x00,0x00,0x00,0x01,0x00,0x00,0x00
.globl _GEX_DATA_004613b0
_GEX_DATA_004613b0:
.long _GEX_FN_0044d600
.globl _GEX_DATA_004613b4
_GEX_DATA_004613b4:
.long _GEX_FN_0044d600
.globl _GEX_DATA_004613b8
_GEX_DATA_004613b8:
.long _GEX_FN_0044d600
.globl _GEX_DATA_004613bc
_GEX_DATA_004613bc:
.long _GEX_FN_0044d600
.globl _GEX_DATA_004613c0
_GEX_DATA_004613c0:
.long _GEX_FN_0044d600
.globl _GEX_DATA_004613c4
_GEX_DATA_004613c4:
.long _GEX_FN_0044d600
.byte 0x00,0x00,0x00,0x00,0x00,0x00,0x00,0x00,0x00,0x00,0x00,0x00,0x00,0x00,0x00,0x00
.byte 0x00,0x00,0x00,0x00,0x00,0x00,0x00,0x00,0x00,0x00,0x00,0x00,0x00,0x00,0x00,0x00
.byte 0x00,0x00,0x00,0x00,0x00,0x00,0x00,0x00,0x00,0x00,0x00,0x00,0x00,0x00,0x00,0x00
.byte 0x00,0x00,0x00,0x00,0x20,0x05,0x93,0x19,0x00,0x00,0x00,0x00
.globl _GEX_DATA_00461404
_GEX_DATA_00461404:
.byte 0x00,0x00,0x00,0x00,0x00,0x00,0x00,0x00,0x00,0x00,0x00,0x00,0x05,0x00,0x00,0xc0
.byte 0x0b,0x00,0x00,0x00,0x00,0x00,0x00,0x00,0x1d,0x00,0x00,0xc0,0x04,0x00,0x00,0x00
.byte 0x00,0x00,0x00,0x00,0x96,0x00,0x00,0xc0,0x04,0x00,0x00,0x00,0x00,0x00,0x00,0x00
.byte 0x8d,0x00,0x00,0xc0,0x08,0x00,0x00,0x00,0x00,0x00,0x00,0x00,0x8e,0x00,0x00,0xc0
.byte 0x08,0x00,0x00,0x00,0x00,0x00,0x00,0x00,0x8f,0x00,0x00,0xc0,0x08,0x00,0x00,0x00
.byte 0x00,0x00,0x00,0x00,0x90,0x00,0x00,0xc0,0x08,0x00,0x00,0x00,0x00,0x00,0x00,0x00
.byte 0x91,0x00,0x00,0xc0,0x08,0x00,0x00,0x00,0x00,0x00,0x00,0x00,0x92,0x00,0x00,0xc0
.byte 0x08,0x00,0x00,0x00,0x00,0x00,0x00,0x00,0x93,0x00,0x00,0xc0,0x08,0x00,0x00,0x00
.byte 0x00,0x00,0x00,0x00,0x03,0x00,0x00,0x00,0x07,0x00,0x00,0x00,0x0a,0x00,0x00,0x00
.byte 0x8c,0x00,0x00,0x00,0x00,0x00,0x00,0x00,0x00,0x00,0x00,0x00,0x00,0x00,0x00,0x00
.byte 0x00,0x00,0x00,0x00,0x00,0x00,0x00,0x00,0x00,0x00,0x00,0x00,0x00,0x00,0x00,0x00
.byte 0x00,0x00,0x00,0x00,0x00,0x00,0x00,0x00,0x00,0x00,0x00,0x00,0x00,0x00,0x00,0x00
.byte 0x00,0x00,0x00,0x00,0x00,0x00,0x00,0x00,0x00,0x00,0x00,0x00,0x00,0x00,0x00,0x00
.byte 0x00,0x00,0x00,0x00,0x00,0x00,0x00,0x00,0x00,0x00,0x00,0x00,0x00,0x00,0x00,0x00
.byte 0x00,0x00,0x00,0x00,0x00,0x00,0x00,0x00,0x00,0x00,0x00,0x00,0x00,0x00,0x00,0x00
.byte 0x00,0x00,0x00,0x00,0x00,0x00,0x00,0x00,0x00,0x00,0x00,0x00,0x00,0x00,0x00,0x00
.byte 0x00,0x00,0x00,0x00,0x00,0x00,0x00,0x00,0x00,0x00,0x00,0x00,0x00,0x00,0x00,0x00
.byte 0x00,0x00,0x00,0x00,0x00,0x00,0x00,0x00,0x00,0x00,0x00,0x00,0x00,0x00,0x00,0x00
.byte 0x00,0x00,0x00,0x00,0x00,0x00,0x00,0x00,0x00,0x00,0x00,0x00,0x00,0x00,0x00,0x00
.byte 0x00,0x00,0x00,0x00,0x00,0x00,0x00,0x00,0x00,0x00,0x00,0x00,0x00,0x00,0x00,0x00
.byte 0x00,0x00,0x00,0x00,0x00,0x00,0x00,0x00,0x00,0x00,0x00,0x00,0x00,0x00,0x00,0x00
.byte 0x00,0x00,0x00,0x00,0x00,0x00,0x00,0x00,0x00,0x00,0x00,0x00,0x00,0x00,0x00,0x00
.byte 0x00,0x00,0x00,0x00,0x00,0x00,0x00,0x00,0x00,0x00,0x00,0x00,0x00,0x00,0x00,0x00
.byte 0x00,0x00,0x00,0x00,0x00,0x00,0x00,0x00,0x00,0x00,0x00,0x00,0x00,0x00,0x00,0x00
.byte 0x00,0x00,0x00,0x00,0x00,0x00,0x00,0x00,0x00,0x00,0x00,0x00,0x00,0x00,0x00,0x00
.byte 0x00,0x00,0x00,0x00,0x00,0x00,0x00,0x00,0x00,0x00,0x00,0x00,0x00,0x00,0x00,0x00
.byte 0x00,0x00,0x00,0x00,0x00,0x00,0x00,0x00,0x00,0x00,0x00,0x00,0x00,0x00,0x00,0x00
.byte 0x00,0x00,0x00,0x00,0x00,0x00,0x00,0x00,0x00,0x00,0x00,0x00,0x00,0x00,0x00,0x00
.byte 0x00,0x00,0x00,0x00,0x01,0x02,0x04,0x08,0x00,0x00,0x00,0x00,0xa4,0x03,0x00,0x00
.byte 0x60,0x82,0x79,0x82,0x21,0x00,0x00,0x00,0x00,0x00,0x00,0x00,0xa6,0xdf,0x00,0x00
.byte 0x00,0x00,0x00,0x00,0xa1,0xa5,0x00,0x00,0x00,0x00,0x00,0x00,0x81,0x9f,0xe0,0xfc
.byte 0x00,0x00,0x00,0x00,0x40,0x7e,0x80,0xfc,0x00,0x00,0x00,0x00,0xa8,0x03,0x00,0x00
.byte 0xc1,0xa3,0xda,0xa3,0x20,0x00,0x00,0x00,0x00,0x00,0x00,0x00,0x00,0x00,0x00,0x00
.byte 0x00,0x00,0x00,0x00,0x00,0x00,0x00,0x00,0x00,0x00,0x00,0x00,0x81,0xfe,0x00,0x00
.byte 0x00,0x00,0x00,0x00,0x40,0xfe,0x00,0x00,0x00,0x00,0x00,0x00,0xb5,0x03,0x00,0x00
.byte 0xc1,0xa3,0xda,0xa3,0x20,0x00,0x00,0x00,0x00,0x00,0x00,0x00,0x00,0x00,0x00,0x00
.byte 0x00,0x00,0x00,0x00,0x00,0x00,0x00,0x00,0x00,0x00,0x00,0x00,0x81,0xfe,0x00,0x00
.byte 0x00,0x00,0x00,0x00,0x41,0xfe,0x00,0x00,0x00,0x00,0x00,0x00,0xb6,0x03,0x00,0x00
.byte 0xcf,0xa2,0xe4,0xa2,0x1a,0x00,0xe5,0xa2,0xe8,0xa2,0x5b,0x00,0x00,0x00,0x00,0x00
.byte 0x00,0x00,0x00,0x00,0x00,0x00,0x00,0x00,0x00,0x00,0x00,0x00,0x81,0xfe,0x00,0x00
.byte 0x00,0x00,0x00,0x00,0x40,0x7e,0xa1,0xfe,0x00,0x00,0x00,0x00,0x51,0x05,0x00,0x00
.byte 0x51,0xda,0x5e,0xda,0x20,0x00,0x5f,0xda,0x6a,0xda,0x32,0x00,0x00,0x00,0x00,0x00
.byte 0x00,0x00,0x00,0x00,0x00,0x00,0x00,0x00,0x00,0x00,0x00,0x00,0x81,0xd3,0xd8,0xde
.byte 0xe0,0xf9,0x00,0x00,0x31,0x7e,0x81,0xfe,0x00,0x00,0x00,0x00,0xff,0xff,0xff,0xff
.byte 0x00,0x0a,0x00,0x00,0x00,0x10,0x00,0x00,0x00,0x00,0x00,0x00,0x02,0x00,0x00,0x00
.long _GEX_RDATA_004502ec
.byte 0x08,0x00,0x00,0x00
.long _GEX_RDATA_004502c0
.byte 0x09,0x00,0x00,0x00
.long _GEX_RDATA_00450294
.byte 0x0a,0x00,0x00,0x00
.long _GEX_RDATA_00450270
.byte 0x10,0x00,0x00,0x00
.long _GEX_RDATA_00450244
.byte 0x11,0x00,0x00,0x00
.long _GEX_RDATA_00450214
.byte 0x12,0x00,0x00,0x00
.long _GEX_RDATA_004501f0
.byte 0x13,0x00,0x00,0x00
.long _GEX_RDATA_004501c4
.byte 0x18,0x00,0x00,0x00
.long _GEX_RDATA_0045018c
.byte 0x19,0x00,0x00,0x00
.long _GEX_RDATA_00450164
.byte 0x1a,0x00,0x00,0x00
.long _GEX_RDATA_0045012c
.byte 0x1b,0x00,0x00,0x00
.long _GEX_RDATA_004500f4
.byte 0x1c,0x00,0x00,0x00
.long _GEX_RDATA_004500cc
.byte 0x78,0x00,0x00,0x00
.long _GEX_RDATA_004500bc
.byte 0x79,0x00,0x00,0x00
.long _GEX_RDATA_004500ac
.byte 0x7a,0x00,0x00,0x00
.long _GEX_RDATA_0045009c
.byte 0xfc,0x00,0x00,0x00
.long _GEX_RDATA_00450098
.byte 0xff,0x00,0x00,0x00
.long _GEX_RDATA_00450088
.zero 4
.long _GEX_RDATA_00450388
.long _GEX_RDATA_00450378
.zero 12
.long _GEX_DATA_004a33c0
.zero 4
.long _GEX_DATA_004a33c0
.byte 0x01,0x01,0x00,0x00,0x00,0x00,0x00,0x00,0x00,0x00,0x00,0x00,0x00,0x10,0x00,0x00
.byte 0x00,0x00,0x00,0x00,0x00,0x00,0x00,0x00,0x00,0x00,0x00,0x00,0x00,0x00,0x00,0x00
.byte 0x02,0x00,0x00,0x00,0x01,0x00,0x00,0x00,0x00,0x00,0x00,0x00,0x00,0x00,0x00,0x00
.byte 0x00,0x00,0x00,0x00,0x00,0x00,0x00,0x00,0x00,0x00,0x00,0x00,0x00,0x00,0x00,0x00
.byte 0x02,0x00,0x00,0x00,0x02,0x00,0x00,0x00,0x00,0x00,0x00,0x00,0x00,0x00,0x00,0x00
.byte 0x00,0x00,0x00,0x00,0x00,0x00,0x00,0x00,0x00,0x00,0x00,0x00,0x00,0x00,0x00,0x00
.byte 0x00,0x00,0x00,0x00,0x00,0x00,0x00,0x00,0x00,0x00,0x00,0x00,0x00,0x00,0x00,0x00
.byte 0x00,0x00,0x00,0x00,0x00,0x00,0x00,0x00,0x00,0x00,0x00,0x00,0x00,0x00,0x00,0x00
.byte 0x00,0x00,0x00,0x00,0x00,0x00,0x00,0x00,0x00,0x00,0x00,0x00,0x00,0x00,0x00,0x00
.byte 0x00,0x00,0x00,0x00,0x00,0x00,0x00,0x00,0x00,0x00,0x00,0x00,0x00,0x00,0x00,0x00
.byte 0x00,0x00,0x00,0x00,0x00,0x00,0x00,0x00,0x00,0x00,0x00,0x00,0x00,0x00,0x00,0x00
.byte 0x00,0x00,0x00,0x00,0x00,0x00,0x00,0x00,0x00,0x00,0x00,0x00,0x00,0x00,0x00,0x00
.byte 0x00,0x00,0x00,0x00,0x00,0x00,0x00,0x00,0x00,0x00,0x00,0x00,0x00,0x00,0x00,0x00
.byte 0x00,0x00,0x00,0x00,0x00,0x00,0x00,0x00,0x00,0x00,0x00,0x00,0x00,0x00,0x00,0x00
.byte 0x00,0x00,0x00,0x00,0x00,0x00,0x00,0x00,0x00,0x00,0x00,0x00,0x00,0x00,0x00,0x00
.byte 0x00,0x00,0x00,0x00,0x00,0x00,0x00,0x00,0x00,0x00,0x00,0x00,0x00,0x00,0x00,0x00
.byte 0x00,0x00,0x00,0x00,0x00,0x00,0x00,0x00,0x00,0x00,0x00,0x00,0x00,0x00,0x00,0x00
.byte 0x00,0x00,0x00,0x00,0x00,0x00,0x00,0x00,0x00,0x00,0x00,0x00,0x00,0x00,0x00,0x00
.byte 0x00,0x00,0x00,0x00,0x00,0x00,0x00,0x00,0x00,0x00,0x00,0x00,0x00,0x00,0x00,0x00
.byte 0x00,0x00,0x00,0x00,0x00,0x00,0x00,0x00,0x00,0x00,0x00,0x00,0x00,0x00,0x00,0x00
.byte 0x00,0x00,0x00,0x00,0x00,0x00,0x00,0x00,0x00,0x00,0x00,0x00,0x00,0x00,0x00,0x00
.byte 0x00,0x00,0x00,0x00,0x00,0x00,0x00,0x00,0x00,0x00,0x00,0x00,0x00,0x00,0x00,0x00
.byte 0x00,0x00,0x00,0x00,0x00,0x00,0x00,0x00,0x00,0x00,0x00,0x00,0x00,0x00,0x00,0x00
.byte 0x00,0x00,0x00,0x00,0x00,0x00,0x00,0x00,0x00,0x00,0x00,0x00,0x00,0x00,0x00,0x00
.byte 0x00,0x00,0x00,0x00,0x00,0x00,0x00,0x00,0x00,0x00,0x00,0x00,0x00,0x00,0x00,0x00
.byte 0x00,0x00,0x00,0x00,0x00,0x00,0x00,0x00,0x00,0x00,0x00,0x00,0x00,0x00,0x00,0x00
.byte 0x00,0x00,0x00,0x00,0x00,0x00,0x00,0x00,0x00,0x00,0x00,0x00,0x00,0x00,0x00,0x00
.byte 0x00,0x00,0x00,0x00,0x00,0x00,0x00,0x00,0x00,0x00,0x00,0x00,0x00,0x00,0x00,0x00
.byte 0x00,0x00,0x00,0x00,0x00,0x00,0x00,0x00,0x00,0x00,0x00,0x00,0x00,0x00,0x00,0x00
.byte 0x00,0x00,0x00,0x00,0x00,0x00,0x00,0x00,0x00,0x00,0x00,0x00,0x00,0x00,0x00,0x00
.byte 0x00,0x00,0x00,0x00,0x00,0x00,0x00,0x00,0x00,0x00,0x00,0x00,0x00,0x00,0x00,0x00
.byte 0x00,0x00,0x00,0x00,0x00,0x00,0x00,0x00,0x00,0x00,0x00,0x00,0x00,0x00,0x00,0x00
.byte 0x00,0x00,0x00,0x00,0x00,0x00,0x00,0x00,0x00,0x00,0x00,0x00,0x00,0x00,0x00,0x00
.byte 0x00,0x00,0x00,0x00,0x00,0x00,0x00,0x00,0x00,0x00,0x00,0x00,0x00,0x00,0x00,0x00
.byte 0x00,0x00,0x00,0x00,0x00,0x00,0x00,0x00,0x00,0x00,0x00,0x00,0x00,0x00,0x00,0x00
.byte 0x00,0x00,0x00,0x00,0x00,0x00,0x00,0x00,0x00,0x00,0x00,0x00,0x00,0x00,0x00,0x00
.byte 0x00,0x00,0x00,0x00,0x00,0x00,0x00,0x00,0x00,0x00,0x00,0x00,0x00,0x00,0x00,0x00
.byte 0x00,0x00,0x00,0x00,0x00,0x00,0x00,0x00,0x00,0x00,0x00,0x00,0x00,0x00,0x00,0x00
.byte 0x00,0x00,0x00,0x00,0x00,0x00,0x00,0x00,0x00,0x00,0x00,0x00,0x00,0x00,0x00,0x00
.byte 0x00,0x00,0x00,0x00,0x00,0x00,0x00,0x00,0x00,0x00,0x00,0x00
.globl _GEX_DATA_00461a00
_GEX_DATA_00461a00:
.byte 0x00,0x04,0x00,0x00,0x01,0xfc,0xff,0xff,0x35,0x00,0x00,0x00,0x0b,0x00,0x00,0x00
.byte 0x40,0x00,0x00,0x00,0xff,0x03,0x00,0x00
.globl _GEX_DATA_00461a18
_GEX_DATA_00461a18:
.byte 0x80,0x00,0x00,0x00,0x81,0xff,0xff,0xff,0x18,0x00,0x00,0x00,0x08,0x00,0x00,0x00
.byte 0x20,0x00,0x00,0x00,0x7f,0x00,0x00,0x00,0x00,0x00,0x00,0x00,0x00,0x00,0x00,0x00
.byte 0x00,0x00,0x00,0x00,0x00,0x00,0x00,0x00
.globl _GEX_DATA_00461a40
_GEX_DATA_00461a40:
.long _GEX_DATA_00461a40
.long _GEX_DATA_00461a40
.byte 0x00,0x00,0x00,0x00,0x00,0x00,0x00,0x00,0xff,0x00,0x00,0x00,0x00,0x00,0x00,0x00
.byte 0x00,0x00,0x00,0x00,0x00,0x00,0x00,0x00,0x00,0x00,0x00,0x00,0x00,0x00,0x00,0x00
.byte 0x00,0x00,0x00,0x00,0x00,0x00,0x00,0x00,0x00,0x00,0x00,0x00,0x00,0x00,0x00,0x00
.byte 0x00,0x00,0x00,0x00,0x00,0x00,0x00,0x00,0x00,0x00,0x00,0x00,0x00,0x00,0x00,0x00
.byte 0x00,0x00,0x00,0x00,0x00,0x00,0x00,0x00,0x00,0x00,0x00,0x00,0x00,0x00,0x00,0x00
.byte 0x00,0x00,0x00,0x00,0x00,0x00,0x00,0x00,0x00,0x00,0x00,0x00,0x00,0x00,0x00,0x00
.byte 0x00,0x00,0x00,0x00,0x00,0x00,0x00,0x00,0x00,0x00,0x00,0x00,0x00,0x00,0x00,0x00
.byte 0x00,0x00,0x00,0x00,0x00,0x00,0x00,0x00,0x00,0x00,0x00,0x00,0x00,0x00,0x00,0x00
.byte 0x00,0x00,0x00,0x00,0x00,0x00,0x00,0x00,0x00,0x00,0x00,0x00,0x00,0x00,0x00,0x00
.byte 0x00,0x00,0x00,0x00,0x00,0x00,0x00,0x00,0x00,0x00,0x00,0x00,0x00,0x00,0x00,0x00
.byte 0x00,0x00,0x00,0x00,0x00,0x00,0x00,0x00,0x00,0x00,0x00,0x00,0x00,0x00,0x00,0x00
.byte 0x00,0x00,0x00,0x00,0x00,0x00,0x00,0x00,0x00,0x00,0x00,0x00,0x00,0x00,0x00,0x00
.byte 0x00,0x00,0x00,0x00,0x00,0x00,0x00,0x00,0x00,0x00,0x00,0x00,0x00,0x00,0x00,0x00
.byte 0x00,0x00,0x00,0x00,0x00,0x00,0x00,0x00,0x00,0x00,0x00,0x00,0x00,0x00,0x00,0x00
.byte 0x00,0x00,0x00,0x00,0x00,0x00,0x00,0x00,0x00,0x00,0x00,0x00,0x00,0x00,0x00,0x00
.byte 0x00,0x00,0x00,0x00,0x00,0x00,0x00,0x00,0x00,0x00,0x00,0x00,0x00,0x00,0x00,0x00
.byte 0x00,0x00,0x00,0x00,0x00,0x00,0x00,0x00,0x00,0x00,0x00,0x00,0x00,0x00,0x00,0x00
.byte 0x00,0x00,0x00,0x00,0x00,0x00,0x00,0x00,0x00,0x00,0x00,0x00,0x00,0x00,0x00,0x00
.byte 0x00,0x00,0x00,0x00,0x00,0x00,0x00,0x00,0x00,0x00,0x00,0x00,0x00,0x00,0x00,0x00
.byte 0x00,0x00,0x00,0x00,0x00,0x00,0x00,0x00,0x00,0x00,0x00,0x00,0x00,0x00,0x00,0x00
.byte 0x00,0x00,0x00,0x00,0x00,0x00,0x00,0x00,0x00,0x00,0x00,0x00,0x00,0x00,0x00,0x00
.byte 0x00,0x00,0x00,0x00,0x00,0x00,0x00,0x00,0x00,0x00,0x00,0x00,0x00,0x00,0x00,0x00
.byte 0x00,0x00,0x00,0x00,0x00,0x00,0x00,0x00,0x00,0x00,0x00,0x00,0x00,0x00,0x00,0x00
.byte 0x00,0x00,0x00,0x00,0x00,0x00,0x00,0x00,0x00,0x00,0x00,0x00,0x00,0x00,0x00,0x00
.byte 0x00,0x00,0x00,0x00,0x00,0x00,0x00,0x00,0x00,0x00,0x00,0x00,0x00,0x00,0x00,0x00
.byte 0x00,0x00,0x00,0x00,0x00,0x00,0x00,0x00,0x00,0x00,0x00,0x00,0x00,0x00,0x00,0x00
.byte 0x00,0x00,0x00,0x00,0x00,0x00,0x00,0x00,0x00,0x00,0x00,0x00,0x00,0x00,0x00,0x00
.byte 0x00,0x00,0x00,0x00,0x00,0x00,0x00,0x00,0x00,0x00,0x00,0x00,0x00,0x00,0x00,0x00
.byte 0x00,0x00,0x00,0x00,0x00,0x00,0x00,0x00,0x00,0x00,0x00,0x00,0x00,0x00,0x00,0x00
.byte 0x00,0x00,0x00,0x00,0x00,0x00,0x00,0x00,0x00,0x00,0x00,0x00,0x00,0x00,0x00,0x00
.byte 0x00,0x00,0x00,0x00,0x00,0x00,0x00,0x00,0x00,0x00,0x00,0x00,0x00,0x00,0x00,0x00
.byte 0x00,0x00,0x00,0x00,0x00,0x00,0x00,0x00,0x00,0x00,0x00,0x00,0x00,0x00,0x00,0x00
.byte 0x00,0x00,0x00,0x00,0x00,0x00,0x00,0x00,0x00,0x00,0x00,0x00,0x00,0x00,0x00,0x00
.byte 0x00,0x00,0x00,0x00,0x00,0x00,0x00,0x00,0x00,0x00,0x00,0x00,0x00,0x00,0x00,0x00
.byte 0x00,0x00,0x00,0x00,0x00,0x00,0x00,0x00,0x00,0x00,0x00,0x00,0x00,0x00,0x00,0x00
.byte 0x00,0x00,0x00,0x00,0x00,0x00,0x00,0x00,0x00,0x00,0x00,0x00,0x00,0x00,0x00,0x00
.byte 0x00,0x00,0x00,0x00,0x00,0x00,0x00,0x00,0x00,0x00,0x00,0x00,0x00,0x00,0x00,0x00
.byte 0x00,0x00,0x00,0x00,0x00,0x00,0x00,0x00,0x00,0x00,0x00,0x00,0x00,0x00,0x00,0x00
.byte 0x00,0x00,0x00,0x00,0x00,0x00,0x00,0x00,0x00,0x00,0x00,0x00,0x00,0x00,0x00,0x00
.byte 0x00,0x00,0x00,0x00,0x00,0x00,0x00,0x00,0x00,0x00,0x00,0x00,0x00,0x00,0x00,0x00
.byte 0x00,0x00,0x00,0x00,0x00,0x00,0x00,0x00,0x00,0x00,0x00,0x00,0x00,0x00,0x00,0x00
.byte 0x00,0x00,0x00,0x00,0x00,0x00,0x00,0x00,0x00,0x00,0x00,0x00,0x00,0x00,0x00,0x00
.byte 0x00,0x00,0x00,0x00,0x00,0x00,0x00,0x00,0x00,0x00,0x00,0x00,0x00,0x00,0x00,0x00
.byte 0x00,0x00,0x00,0x00,0x00,0x00,0x00,0x00,0x00,0x00,0x00,0x00,0x00,0x00,0x00,0x00
.byte 0x00,0x00,0x00,0x00,0x00,0x00,0x00,0x00,0x00,0x00,0x00,0x00,0x00,0x00,0x00,0x00
.byte 0x00,0x00,0x00,0x00,0x00,0x00,0x00,0x00,0x00,0x00,0x00,0x00,0x00,0x00,0x00,0x00
.byte 0x00,0x00,0x00,0x00,0x00,0x00,0x00,0x00,0x00,0x00,0x00,0x00,0x00,0x00,0x00,0x00
.byte 0x00,0x00,0x00,0x00,0x00,0x00,0x00,0x00,0x00,0x00,0x00,0x00,0x00,0x00,0x00,0x00
.byte 0x00,0x00,0x00,0x00,0x00,0x00,0x00,0x00,0x00,0x00,0x00,0x00,0x00,0x00,0x00,0x00
.byte 0x00,0x00,0x00,0x00,0x00,0x00,0x00,0x00,0x00,0x00,0x00,0x00,0x00,0x00,0x00,0x00
.byte 0x00,0x00,0x00,0x00,0x00,0x00,0x00,0x00,0x00,0x00,0x00,0x00,0x00,0x00,0x00,0x00
.byte 0x00,0x00,0x00,0x00,0x00,0x00,0x00,0x00,0x00,0x00,0x00,0x00,0x00,0x00,0x00,0x00
.byte 0x00,0x00,0x00,0x00,0x00,0x00,0x00,0x00,0x00,0x00,0x00,0x00,0x00,0x00,0x00,0x00
.byte 0x00,0x00,0x00,0x00,0x00,0x00,0x00,0x00,0x00,0x00,0x00,0x00,0x00,0x00,0x00,0x00
.byte 0x00,0x00,0x00,0x00,0x00,0x00,0x00,0x00,0x00,0x00,0x00,0x00,0x00,0x00,0x00,0x00
.byte 0x00,0x00,0x00,0x00,0x00,0x00,0x00,0x00,0x00,0x00,0x00,0x00,0x00,0x00,0x00,0x00
.byte 0x00,0x00,0x00,0x00,0x00,0x00,0x00,0x00,0x00,0x00,0x00,0x00,0x00,0x00,0x00,0x00
.byte 0x00,0x00,0x00,0x00,0x00,0x00,0x00,0x00,0x00,0x00,0x00,0x00,0x00,0x00,0x00,0x00
.byte 0x00,0x00,0x00,0x00,0x00,0x00,0x00,0x00,0x00,0x00,0x00,0x00,0x00,0x00,0x00,0x00
.byte 0x00,0x00,0x00,0x00,0x00,0x00,0x00,0x00,0x00,0x00,0x00,0x00,0x00,0x00,0x00,0x00
.byte 0x00,0x00,0x00,0x00,0x00,0x00,0x00,0x00,0x00,0x00,0x00,0x00,0x00,0x00,0x00,0x00
.byte 0x00,0x00,0x00,0x00,0x00,0x00,0x00,0x00,0x00,0x00,0x00,0x00,0x00,0x00,0x00,0x00
.byte 0x00,0x00,0x00,0x00,0x00,0x00,0x00,0x00,0x00,0x00,0x00,0x00,0x00,0x00,0x00,0x00
.byte 0x00,0x00,0x00,0x00,0x00,0x00,0x00,0x00,0x00,0x00,0x00,0x00,0x00,0x00,0x00,0x00
.byte 0x00,0x00,0x00,0x00,0x00,0x00,0x00,0x00,0xff,0x00,0x00,0x00,0x00,0x00,0x00,0x00
.byte 0x00,0x00,0x00,0x00,0x00,0x00,0x00,0x00,0x00,0x00,0x00,0x00,0x00,0x00,0x00,0x00
.byte 0x00,0x00,0x00,0x00,0x00,0x00,0x00,0x00,0x00,0x00,0x00,0x00,0x00,0x00,0x00,0x00
.byte 0x00,0x00,0x00,0x00,0x00,0x00,0x00,0x00,0x00,0x00,0x00,0x00,0x00,0x00,0x00,0x00
.byte 0x00,0x00,0x00,0x00,0x00,0x00,0x00,0x00,0x00,0x00,0x00,0x00,0x00,0x00,0x00,0x00
.byte 0x00,0x00,0x00,0x00,0x00,0x00,0x00,0x00,0x00,0x00,0x00,0x00,0x00,0x00,0x00,0x00
.byte 0x00,0x00,0x00,0x00,0x00,0x00,0x00,0x00,0x00,0x00,0x00,0x00,0x00,0x00,0x00,0x00
.byte 0x00,0x00,0x00,0x00,0x00,0x00,0x00,0x00,0x00,0x00,0x00,0x00,0x00,0x00,0x00,0x00
.byte 0x00,0x00,0x00,0x00,0x00,0x00,0x00,0x00,0x00,0x00,0x00,0x00,0x00,0x00,0x00,0x00
.byte 0x00,0x00,0x00,0x00,0x00,0x00,0x00,0x00,0x00,0x00,0x00,0x00,0x00,0x00,0x00,0x00
.byte 0x00,0x00,0x00,0x00,0x00,0x00,0x00,0x00,0x00,0x00,0x00,0x00,0x00,0x00,0x00,0x00
.byte 0x00,0x00,0x00,0x00,0x00,0x00,0x00,0x00,0x00,0x00,0x00,0x00,0x00,0x00,0x00,0x00
.byte 0x00,0x00,0x00,0x00,0x00,0x00,0x00,0x00,0x00,0x00,0x00,0x00,0x00,0x00,0x00,0x00
.byte 0x00,0x00,0x00,0x00,0x00,0x00,0x00,0x00,0x00,0x00,0x00,0x00,0x00,0x00,0x00,0x00
.byte 0x00,0x00,0x00,0x00,0x00,0x00,0x00,0x00,0x00,0x00,0x00,0x00,0x00,0x00,0x00,0x00
.byte 0x00,0x00,0x00,0x00,0x00,0x00,0x00,0x00,0x00,0x00,0x00,0x00,0x00,0x00,0x00,0x00
.byte 0x00,0x00,0x00,0x00,0x00,0x00,0x00,0x00,0x00,0x00,0x00,0x00,0x00,0x00,0x00,0x00
.byte 0x00,0x00,0x00,0x00,0x00,0x00,0x00,0x00,0x00,0x00,0x00,0x00,0x00,0x00,0x00,0x00
.byte 0x00,0x00,0x00,0x00,0x00,0x00,0x00,0x00,0x00,0x00,0x00,0x00,0x00,0x00,0x00,0x00
.byte 0x00,0x00,0x00,0x00,0x00,0x00,0x00,0x00,0x00,0x00,0x00,0x00,0x00,0x00,0x00,0x00
.byte 0x00,0x00,0x00,0x00,0x00,0x00,0x00,0x00,0x00,0x00,0x00,0x00,0x00,0x00,0x00,0x00
.byte 0x00,0x00,0x00,0x00,0x00,0x00,0x00,0x00,0x00,0x00,0x00,0x00,0x00,0x00,0x00,0x00
.byte 0x00,0x00,0x00,0x00,0x00,0x00,0x00,0x00,0x00,0x00,0x00,0x00,0x00,0x00,0x00,0x00
.byte 0x00,0x00,0x00,0x00,0x00,0x00,0x00,0x00,0x00,0x00,0x00,0x00,0x00,0x00,0x00,0x00
.byte 0x00,0x00,0x00,0x00,0x00,0x00,0x00,0x00,0x00,0x00,0x00,0x00,0x00,0x00,0x00,0x00
.byte 0x00,0x00,0x00,0x00,0x00,0x00,0x00,0x00,0x00,0x00,0x00,0x00,0x00,0x00,0x00,0x00
.byte 0x00,0x00,0x00,0x00,0x00,0x00,0x00,0x00,0x00,0x00,0x00,0x00,0x00,0x00,0x00,0x00
.byte 0x00,0x00,0x00,0x00,0x00,0x00,0x00,0x00,0x00,0x00,0x00,0x00,0x00,0x00,0x00,0x00
.byte 0x00,0x00,0x00,0x00,0x00,0x00,0x00,0x00,0x00,0x00,0x00,0x00,0x00,0x00,0x00,0x00
.byte 0x00,0x00,0x00,0x00,0x00,0x00,0x00,0x00,0x00,0x00,0x00,0x00,0x00,0x00,0x00,0x00
.byte 0x00,0x00,0x00,0x00,0x00,0x00,0x00,0x00,0x00,0x00,0x00,0x00,0x00,0x00,0x00,0x00
.byte 0x00,0x00,0x00,0x00,0x00,0x00,0x00,0x00,0x00,0x00,0x00,0x00,0x00,0x00,0x00,0x00
.byte 0x00,0x00,0x00,0x00,0x00,0x00,0x00,0x00,0x00,0x00,0x00,0x00,0x00,0x00,0x00,0x00
.byte 0x00,0x00,0x00,0x00,0x00,0x00,0x00,0x00,0x00,0x00,0x00,0x00,0x00,0x00,0x00,0x00
.byte 0x00,0x00,0x00,0x00,0x00,0x00,0x00,0x00,0x00,0x00,0x00,0x00,0x00,0x00,0x00,0x00
.byte 0x00,0x00,0x00,0x00,0x00,0x00,0x00,0x00,0x00,0x00,0x00,0x00,0x00,0x00,0x00,0x00
.byte 0x00,0x00,0x00,0x00,0x00,0x00,0x00,0x00,0x00,0x00,0x00,0x00,0x00,0x00,0x00,0x00
.byte 0x00,0x00,0x00,0x00,0x00,0x00,0x00,0x00,0x00,0x00,0x00,0x00,0x00,0x00,0x00,0x00
.byte 0x00,0x00,0x00,0x00,0x00,0x00,0x00,0x00,0x00,0x00,0x00,0x00,0x00,0x00,0x00,0x00
.byte 0x00,0x00,0x00,0x00,0x00,0x00,0x00,0x00,0x00,0x00,0x00,0x00,0x00,0x00,0x00,0x00
.byte 0x00,0x00,0x00,0x00,0x00,0x00,0x00,0x00,0x00,0x00,0x00,0x00,0x00,0x00,0x00,0x00
.byte 0x00,0x00,0x00,0x00,0x00,0x00,0x00,0x00,0x00,0x00,0x00,0x00,0x00,0x00,0x00,0x00
.byte 0x00,0x00,0x00,0x00,0x00,0x00,0x00,0x00,0x00,0x00,0x00,0x00,0x00,0x00,0x00,0x00
.byte 0x00,0x00,0x00,0x00,0x00,0x00,0x00,0x00,0x00,0x00,0x00,0x00,0x00,0x00,0x00,0x00
.byte 0x00,0x00,0x00,0x00,0x00,0x00,0x00,0x00,0x00,0x00,0x00,0x00,0x00,0x00,0x00,0x00
.byte 0x00,0x00,0x00,0x00,0x00,0x00,0x00,0x00,0x00,0x00,0x00,0x00,0x00,0x00,0x00,0x00
.byte 0x00,0x00,0x00,0x00,0x00,0x00,0x00,0x00,0x00,0x00,0x00,0x00,0x00,0x00,0x00,0x00
.byte 0x00,0x00,0x00,0x00,0x00,0x00,0x00,0x00,0x00,0x00,0x00,0x00,0x00,0x00,0x00,0x00
.byte 0x00,0x00,0x00,0x00,0x00,0x00,0x00,0x00,0x00,0x00,0x00,0x00,0x00,0x00,0x00,0x00
.byte 0x00,0x00,0x00,0x00,0x00,0x00,0x00,0x00,0x00,0x00,0x00,0x00,0x00,0x00,0x00,0x00
.byte 0x00,0x00,0x00,0x00,0x00,0x00,0x00,0x00,0x00,0x00,0x00,0x00,0x00,0x00,0x00,0x00
.byte 0x00,0x00,0x00,0x00,0x00,0x00,0x00,0x00,0x00,0x00,0x00,0x00,0x00,0x00,0x00,0x00
.byte 0x00,0x00,0x00,0x00,0x00,0x00,0x00,0x00,0x00,0x00,0x00,0x00,0x00,0x00,0x00,0x00
.byte 0x00,0x00,0x00,0x00,0x00,0x00,0x00,0x00,0x00,0x00,0x00,0x00,0x00,0x00,0x00,0x00
.byte 0x00,0x00,0x00,0x00,0x00,0x00,0x00,0x00,0x00,0x00,0x00,0x00,0x00,0x00,0x00,0x00
.byte 0x00,0x00,0x00,0x00,0x00,0x00,0x00,0x00,0x00,0x00,0x00,0x00,0x00,0x00,0x00,0x00
.byte 0x00,0x00,0x00,0x00,0x00,0x00,0x00,0x00,0x00,0x00,0x00,0x00,0x00,0x00,0x00,0x00
.byte 0x00,0x00,0x00,0x00,0x00,0x00,0x00,0x00,0x00,0x00,0x00,0x00,0x00,0x00,0x00,0x00
.byte 0x00,0x00,0x00,0x00,0x00,0x00,0x00,0x00,0x00,0x00,0x00,0x00,0x00,0x00,0x00,0x00
.byte 0x00,0x00,0x00,0x00,0x00,0x00,0x00,0x00,0x00,0x00,0x00,0x00,0x00,0x00,0x00,0x00
.byte 0x00,0x00,0x00,0x00,0x00,0x00,0x00,0x00,0x00,0x00,0x00,0x00,0x00,0x00,0x00,0x00
.byte 0x00,0x00,0x00,0x00,0x00,0x00,0x00,0x00,0x00,0x00,0x00,0x00,0x00,0x00,0x00,0x00
.byte 0x00,0x00,0x00,0x00,0x00,0x00,0x00,0x00,0x00,0x00,0x00,0x00,0x00,0x00,0x00,0x00
.byte 0x00,0x00,0x00,0x00,0x00,0x00,0x00,0x00,0x00,0x00,0x00,0x00,0x00,0x00,0x00,0x00
.byte 0x00,0x00,0x00,0x00,0x00,0x00,0x00,0x00,0x00,0x00,0x00,0x00
.long _GEX_DATA_00461a40
.byte 0x00,0x00,0x00,0x00,0xe0,0x01,0x00,0x00,0x00,0x00,0x00,0x00,0x00,0x00,0x00,0x00
.byte 0x00,0x00,0x00,0x00,0x00,0x00,0x00,0x00
.globl _GEX_DATA_00462270
_GEX_DATA_00462270:
.byte 0x00,0x00,0x00,0x00,0x00,0x00,0x00,0x00,0x01,0x00,0x00,0x00,0x16,0x00,0x00,0x00
.byte 0x02,0x00,0x00,0x00,0x02,0x00,0x00,0x00,0x03,0x00,0x00,0x00,0x02,0x00,0x00,0x00
.byte 0x04,0x00,0x00,0x00,0x18,0x00,0x00,0x00,0x05,0x00,0x00,0x00,0x0d,0x00,0x00,0x00
.byte 0x06,0x00,0x00,0x00,0x09,0x00,0x00,0x00,0x07,0x00,0x00,0x00,0x0c,0x00,0x00,0x00
.byte 0x08,0x00,0x00,0x00,0x0c,0x00,0x00,0x00,0x09,0x00,0x00,0x00,0x0c,0x00,0x00,0x00
.byte 0x0a,0x00,0x00,0x00,0x07,0x00,0x00,0x00,0x0b,0x00,0x00,0x00,0x08,0x00,0x00,0x00
.byte 0x0c,0x00,0x00,0x00,0x16,0x00,0x00,0x00,0x0d,0x00,0x00,0x00,0x16,0x00,0x00,0x00
.byte 0x0f,0x00,0x00,0x00,0x02,0x00,0x00,0x00,0x10,0x00,0x00,0x00,0x0d,0x00,0x00,0x00
.byte 0x11,0x00,0x00,0x00,0x12,0x00,0x00,0x00,0x12,0x00,0x00,0x00,0x02,0x00,0x00,0x00
.byte 0x21,0x00,0x00,0x00,0x0d,0x00,0x00,0x00,0x35,0x00,0x00,0x00,0x02,0x00,0x00,0x00
.byte 0x41,0x00,0x00,0x00,0x0d,0x00,0x00,0x00,0x43,0x00,0x00,0x00,0x02,0x00,0x00,0x00
.byte 0x50,0x00,0x00,0x00,0x11,0x00,0x00,0x00,0x52,0x00,0x00,0x00,0x0d,0x00,0x00,0x00
.byte 0x53,0x00,0x00,0x00,0x0d,0x00,0x00,0x00,0x57,0x00,0x00,0x00,0x16,0x00,0x00,0x00
.byte 0x59,0x00,0x00,0x00,0x0b,0x00,0x00,0x00,0x6c,0x00,0x00,0x00,0x0d,0x00,0x00,0x00
.byte 0x6d,0x00,0x00,0x00,0x20,0x00,0x00,0x00,0x70,0x00,0x00,0x00,0x1c,0x00,0x00,0x00
.byte 0x72,0x00,0x00,0x00,0x09,0x00,0x00,0x00,0x06,0x00,0x00,0x00,0x16,0x00,0x00,0x00
.byte 0x80,0x00,0x00,0x00,0x0a,0x00,0x00,0x00,0x81,0x00,0x00,0x00,0x0a,0x00,0x00,0x00
.byte 0x82,0x00,0x00,0x00,0x09,0x00,0x00,0x00,0x83,0x00,0x00,0x00,0x16,0x00,0x00,0x00
.byte 0x84,0x00,0x00,0x00,0x0d,0x00,0x00,0x00,0x91,0x00,0x00,0x00,0x29,0x00,0x00,0x00
.byte 0x9e,0x00,0x00,0x00,0x0d,0x00,0x00,0x00,0xa1,0x00,0x00,0x00,0x02,0x00,0x00,0x00
.byte 0xa4,0x00,0x00,0x00,0x0b,0x00,0x00,0x00,0xa7,0x00,0x00,0x00,0x0d,0x00,0x00,0x00
.byte 0xb7,0x00,0x00,0x00,0x11,0x00,0x00,0x00,0xce,0x00,0x00,0x00,0x02,0x00,0x00,0x00
.byte 0xd7,0x00,0x00,0x00,0x0b,0x00,0x00,0x00,0x18,0x07,0x00,0x00,0x0c,0x00,0x00,0x00
.byte 0x00,0x00,0x00,0x00,0x00,0x00,0x00,0x00,0x00,0xa0,0x02,0x40,0x00,0x00,0x00,0x00
.byte 0x00,0x00,0x00,0x00,0x00,0xc8,0x05,0x40,0x00,0x00,0x00,0x00,0x00,0x00,0x00,0x00
.byte 0x00,0xfa,0x08,0x40,0x00,0x00,0x00,0x00,0x00,0x00,0x00,0x00,0x40,0x9c,0x0c,0x40
.byte 0x00,0x00,0x00,0x00,0x00,0x00,0x00,0x00,0x50,0xc3,0x0f,0x40,0x00,0x00,0x00,0x00
.byte 0x00,0x00,0x00,0x00,0x24,0xf4,0x12,0x40,0x00,0x00,0x00,0x00,0x00,0x00,0x00,0x80
.byte 0x96,0x98,0x16,0x40,0x00,0x00,0x00,0x00,0x00,0x00,0x00,0x20,0xbc,0xbe,0x19,0x40
.byte 0x00,0x00,0x00,0x00,0x00,0x04,0xbf,0xc9,0x1b,0x8e,0x34,0x40,0x00,0x00,0x00,0xa1
.byte 0xed,0xcc,0xce,0x1b,0xc2,0xd3,0x4e,0x40,0x20,0xf0,0x9e,0xb5,0x70,0x2b,0xa8,0xad
.byte 0xc5,0x9d,0x69,0x40,0xd0,0x5d,0xfd,0x25,0xe5,0x1a,0x8e,0x4f,0x19,0xeb,0x83,0x40
.byte 0x71,0x96,0xd7,0x95,0x43,0x0e,0x05,0x8d,0x29,0xaf,0x9e,0x40,0xf9,0xbf,0xa0,0x44
.byte 0xed,0x81,0x12,0x8f,0x81,0x82,0xb9,0x40,0xbf,0x3c,0xd5,0xa6,0xcf,0xff,0x49,0x1f
.byte 0x78,0xc2,0xd3,0x40,0x6f,0xc6,0xe0,0x8c,0xe9,0x80,0xc9,0x47,0xba,0x93,0xa8,0x41
.byte 0xbc,0x85,0x6b,0x55,0x27,0x39,0x8d,0xf7,0x70,0xe0,0x7c,0x42,0xbc,0xdd,0x8e,0xde
.byte 0xf9,0x9d,0xfb,0xeb,0x7e,0xaa,0x51,0x43,0xa1,0xe6,0x76,0xe3,0xcc,0xf2,0x29,0x2f
.byte 0x84,0x81,0x26,0x44,0x28,0x10,0x17,0xaa,0xf8,0xae,0x10,0xe3,0xc5,0xc4,0xfa,0x44
.byte 0xeb,0xa7,0xd4,0xf3,0xf7,0xeb,0xe1,0x4a,0x7a,0x95,0xcf,0x45,0x65,0xcc,0xc7,0x91
.byte 0x0e,0xa6,0xae,0xa0,0x19,0xe3,0xa3,0x46,0x0d,0x65,0x17,0x0c,0x75,0x81,0x86,0x75
.byte 0x76,0xc9,0x48,0x4d,0x58,0x42,0xe4,0xa7,0x93,0x39,0x3b,0x35,0xb8,0xb2,0xed,0x53
.byte 0x4d,0xa7,0xe5,0x5d,0x3d,0xc5,0x5d,0x3b,0x8b,0x9e,0x92,0x5a,0xff,0x5d,0xa6,0xf0
.byte 0xa1,0x20,0xc0,0x54,0xa5,0x8c,0x37,0x61,0xd1,0xfd,0x8b,0x5a,0x8b,0xd8,0x25,0x5d
.byte 0x89,0xf9,0xdb,0x67,0xaa,0x95,0xf8,0xf3,0x27,0xbf,0xa2,0xc8,0x5d,0xdd,0x80,0x6e
.byte 0x4c,0xc9,0x9b,0x97,0x20,0x8a,0x02,0x52,0x60,0xc4,0x25,0x75,0x00,0x00,0x00,0x00
.byte 0xcd,0xcc,0xcd,0xcc,0xcc,0xcc,0xcc,0xcc,0xcc,0xcc,0xfb,0x3f,0x71,0x3d,0x0a,0xd7
.byte 0xa3,0x70,0x3d,0x0a,0xd7,0xa3,0xf8,0x3f,0x5a,0x64,0x3b,0xdf,0x4f,0x8d,0x97,0x6e
.byte 0x12,0x83,0xf5,0x3f,0xc3,0xd3,0x2c,0x65,0x19,0xe2,0x58,0x17,0xb7,0xd1,0xf1,0x3f
.byte 0xd0,0x0f,0x23,0x84,0x47,0x1b,0x47,0xac,0xc5,0xa7,0xee,0x3f,0x40,0xa6,0xb6,0x69
.byte 0x6c,0xaf,0x05,0xbd,0x37,0x86,0xeb,0x3f,0x33,0x3d,0xbc,0x42,0x7a,0xe5,0xd5,0x94
.byte 0xbf,0xd6,0xe7,0x3f,0xc2,0xfd,0xfd,0xce,0x61,0x84,0x11,0x77,0xcc,0xab,0xe4,0x3f
.byte 0x2f,0x4c,0x5b,0xe1,0x4d,0xc4,0xbe,0x94,0x95,0xe6,0xc9,0x3f,0x92,0xc4,0x53,0x3b
.byte 0x75,0x44,0xcd,0x14,0xbe,0x9a,0xaf,0x3f,0xde,0x67,0xba,0x94,0x39,0x45,0xad,0x1e
.byte 0xb1,0xcf,0x94,0x3f,0x24,0x23,0xc6,0xe2,0xbc,0xba,0x3b,0x31,0x61,0x8b,0x7a,0x3f
.byte 0x61,0x55,0x59,0xc1,0x7e,0xb1,0x53,0x7c,0x12,0xbb,0x5f,0x3f,0xd7,0xee,0x2f,0x8d
.byte 0x06,0xbe,0x92,0x85,0x15,0xfb,0x44,0x3f,0x24,0x3f,0xa5,0xe9,0x39,0xa5,0x27,0xea
.byte 0x7f,0xa8,0x2a,0x3f,0x7d,0xac,0xa1,0xe4,0xbc,0x64,0x7c,0x46,0xd0,0xdd,0x55,0x3e
.byte 0x63,0x7b,0x06,0xcc,0x23,0x54,0x77,0x83,0xff,0x91,0x81,0x3d,0x91,0xfa,0x3a,0x19
.byte 0x7a,0x63,0x25,0x43,0x31,0xc0,0xac,0x3c,0x21,0x89,0xd1,0x38,0x82,0x47,0x97,0xb8
.byte 0x00,0xfd,0xd7,0x3b,0xdc,0x88,0x58,0x08,0x1b,0xb1,0xe8,0xe3,0x86,0xa6,0x03,0x3b
.byte 0xc6,0x84,0x45,0x42,0x07,0xb6,0x99,0x75,0x37,0xdb,0x2e,0x3a,0x33,0x71,0x1c,0xd2
.byte 0x23,0xdb,0x32,0xee,0x49,0x90,0x5a,0x39,0xa6,0x87,0xbe,0xc0,0x57,0xda,0xa5,0x82
.byte 0xa6,0xa2,0xb5,0x32,0xe2,0x68,0xb2,0x11,0xa7,0x52,0x9f,0x44,0x59,0xb7,0x10,0x2c
.byte 0x25,0x49,0xe4,0x2d,0x36,0x34,0x4f,0x53,0xae,0xce,0x6b,0x25,0x8f,0x59,0x04,0xa4
.byte 0xc0,0xde,0xc2,0x7d,0xfb,0xe8,0xc6,0x1e,0x9e,0xe7,0x88,0x5a,0x57,0x91,0x3c,0xbf
.byte 0x50,0x83,0x22,0x18,0x4e,0x4b,0x65,0x62,0xfd,0x83,0x8f,0xaf,0x06,0x94,0x7d,0x11
.byte 0xe4,0x2d,0xde,0x9f,0xce,0xd2,0xc8,0x04,0xdd,0xa6,0xd8,0x0a,0x00,0x00,0x00,0x00
.globl _GEX_DATA_004626a0
_GEX_DATA_004626a0:
.zero 4
.globl _GEX_DATA_004626a4
_GEX_DATA_004626a4:
.zero 4
.globl _GEX_DATA_004626a8
_GEX_DATA_004626a8:
.zero 4
.globl _GEX_DATA_004626ac
_GEX_DATA_004626ac:
.zero 4
.globl _GEX_DATA_004626b0
_GEX_DATA_004626b0:
.zero 4
.globl _GEX_DATA_004626b4
_GEX_DATA_004626b4:
.zero 4
.globl _GEX_DATA_004626b8
_GEX_DATA_004626b8:
.zero 4
.globl _GEX_DATA_004626bc
_GEX_DATA_004626bc:
.zero 4
.globl _GEX_DATA_004626c0
_GEX_DATA_004626c0:
.zero 8
.globl _GEX_DATA_004626c8
_GEX_DATA_004626c8:
.zero 8
.globl _GEX_DATA_004626d0
_GEX_DATA_004626d0:
.zero 8
.globl _GEX_DATA_004626d8
_GEX_DATA_004626d8:
.zero 12
.globl _GEX_DATA_004626e4
_GEX_DATA_004626e4:
.zero 8
.globl _GEX_DATA_004626ec
_GEX_DATA_004626ec:
.zero 4
.globl _GEX_DATA_004626f0
_GEX_DATA_004626f0:
.zero 4
.globl _GEX_DATA_004626f4
_GEX_DATA_004626f4:
.zero 4
.globl _GEX_DATA_004626f8
_GEX_DATA_004626f8:
.zero 4
.globl _GEX_DATA_004626fc
_GEX_DATA_004626fc:
.zero 4
.globl _GEX_DATA_00462700
_GEX_DATA_00462700:
.zero 4
.globl _GEX_DATA_00462704
_GEX_DATA_00462704:
.zero 4
.globl _GEX_DATA_00462708
_GEX_DATA_00462708:
.zero 4
.globl _GEX_DATA_0046270c
_GEX_DATA_0046270c:
.zero 4
.globl _GEX_DATA_00462710
_GEX_DATA_00462710:
.zero 4
.globl _GEX_DATA_00462714
_GEX_DATA_00462714:
.zero 4
.globl _GEX_DATA_00462718
_GEX_DATA_00462718:
.zero 4
.globl _GEX_DATA_0046271c
_GEX_DATA_0046271c:
.zero 4
.globl _GEX_DATA_00462720
_GEX_DATA_00462720:
.zero 4
.globl _GEX_DATA_00462724
_GEX_DATA_00462724:
.zero 4
.globl _GEX_DATA_00462728
_GEX_DATA_00462728:
.zero 4
.globl _GEX_DATA_0046272c
_GEX_DATA_0046272c:
.zero 4
.globl _GEX_DATA_00462730
_GEX_DATA_00462730:
.zero 4
.globl _GEX_DATA_00462734
_GEX_DATA_00462734:
.zero 4
.globl _GEX_DATA_00462738
_GEX_DATA_00462738:
.zero 8
.globl _GEX_DATA_00462740
_GEX_DATA_00462740:
.zero 192
.section .bss
.balign 16
.space 600
.globl _GEX_DATA_00462a58
_GEX_DATA_00462a58:
.space 12
.globl _GEX_DATA_00462a64
_GEX_DATA_00462a64:
.space 508
.globl _GEX_DATA_00462c60
_GEX_DATA_00462c60:
.space 4
.globl _GEX_DATA_00462c64
_GEX_DATA_00462c64:
.space 4
.globl _GEX_DATA_00462c68
_GEX_DATA_00462c68:
.space 4
.globl _GEX_DATA_00462c6c
_GEX_DATA_00462c6c:
.space 4
.globl _GEX_DATA_00462c70
_GEX_DATA_00462c70:
.space 4
.globl _GEX_DATA_00462c74
_GEX_DATA_00462c74:
.space 4
.globl _GEX_DATA_00462c78
_GEX_DATA_00462c78:
.space 4
.globl _GEX_DATA_00462c7c
_GEX_DATA_00462c7c:
.space 4
.globl _GEX_DATA_00462c80
_GEX_DATA_00462c80:
.space 4
.globl _GEX_DATA_00462c84
_GEX_DATA_00462c84:
.space 4
.globl _GEX_DATA_00462c88
_GEX_DATA_00462c88:
.space 4
.globl _GEX_DATA_00462c8c
_GEX_DATA_00462c8c:
.space 4
.globl _GEX_DATA_00462c90
_GEX_DATA_00462c90:
.space 4
.globl _GEX_DATA_00462c94
_GEX_DATA_00462c94:
.space 4
.globl _GEX_DATA_00462c98
_GEX_DATA_00462c98:
.space 4
.globl _GEX_DATA_00462c9c
_GEX_DATA_00462c9c:
.space 4
.globl _GEX_DATA_00462ca0
_GEX_DATA_00462ca0:
.space 144
.globl _GEX_DATA_00462d30
_GEX_DATA_00462d30:
.space 4
.globl _GEX_DATA_00462d34
_GEX_DATA_00462d34:
.space 68
.globl _GEX_DATA_00462d78
_GEX_DATA_00462d78:
.space 12
.globl _GEX_DATA_00462d84
_GEX_DATA_00462d84:
.space 132
.globl _GEX_DATA_00462e08
_GEX_DATA_00462e08:
.space 48
.globl _GEX_DATA_00462e38
_GEX_DATA_00462e38:
.space 4
.globl _GEX_DATA_00462e3c
_GEX_DATA_00462e3c:
.space 4
.globl _GEX_DATA_00462e40
_GEX_DATA_00462e40:
.space 16
.globl _GEX_DATA_00462e50
_GEX_DATA_00462e50:
.space 40
.globl _GEX_DATA_00462e78
_GEX_DATA_00462e78:
.space 8
.globl _GEX_DATA_00462e80
_GEX_DATA_00462e80:
.space 4
.globl _GEX_DATA_00462e84
_GEX_DATA_00462e84:
.space 4
.globl _GEX_DATA_00462e88
_GEX_DATA_00462e88:
.space 592
.globl _GEX_DATA_004630d8
_GEX_DATA_004630d8:
.space 4
.globl _GEX_DATA_004630dc
_GEX_DATA_004630dc:
.space 520
.globl _GEX_DATA_004632e4
_GEX_DATA_004632e4:
.space 684
.globl _GEX_DATA_00463590
_GEX_DATA_00463590:
.space 12
.globl _GEX_DATA_0046359c
_GEX_DATA_0046359c:
.space 4
.globl _GEX_DATA_004635a0
_GEX_DATA_004635a0:
.space 156
.globl _GEX_DATA_0046363c
_GEX_DATA_0046363c:
.space 4
.globl _GEX_DATA_00463640
_GEX_DATA_00463640:
.space 44
.globl _GEX_DATA_0046366c
_GEX_DATA_0046366c:
.space 16
.globl _GEX_DATA_0046367c
_GEX_DATA_0046367c:
.space 4
.globl _GEX_DATA_00463680
_GEX_DATA_00463680:
.space 12
.globl _GEX_DATA_0046368c
_GEX_DATA_0046368c:
.space 4
.globl _GEX_DATA_00463690
_GEX_DATA_00463690:
.space 8
.globl _GEX_DATA_00463698
_GEX_DATA_00463698:
.space 132
.globl _GEX_DATA_0046371c
_GEX_DATA_0046371c:
.space 12
.globl _GEX_DATA_00463728
_GEX_DATA_00463728:
.space 12
.globl _GEX_DATA_00463734
_GEX_DATA_00463734:
.space 4
.globl _GEX_DATA_00463738
_GEX_DATA_00463738:
.space 8
.globl _GEX_DATA_00463740
_GEX_DATA_00463740:
.space 256
.globl _GEX_DATA_00463840
_GEX_DATA_00463840:
.space 4
.globl _GEX_DATA_00463844
_GEX_DATA_00463844:
.space 4
.globl _GEX_DATA_00463848
_GEX_DATA_00463848:
.space 92
.globl _GEX_DATA_004638a4
_GEX_DATA_004638a4:
.space 4
.globl _GEX_DATA_004638a8
_GEX_DATA_004638a8:
.space 4
.globl _GEX_DATA_004638ac
_GEX_DATA_004638ac:
.space 4
.globl _GEX_DATA_004638b0
_GEX_DATA_004638b0:
.space 4
.globl _GEX_DATA_004638b4
_GEX_DATA_004638b4:
.space 4
.globl _GEX_DATA_004638b8
_GEX_DATA_004638b8:
.space 4
.globl _GEX_DATA_004638bc
_GEX_DATA_004638bc:
.space 4
.globl _GEX_DATA_004638c0
_GEX_DATA_004638c0:
.space 4
.globl _GEX_DATA_004638c4
_GEX_DATA_004638c4:
.space 12
.globl _GEX_DATA_004638d0
_GEX_DATA_004638d0:
.space 4
.globl _GEX_DATA_004638d4
_GEX_DATA_004638d4:
.space 128
.globl _GEX_DATA_00463954
_GEX_DATA_00463954:
.space 132
.globl _GEX_DATA_004639d8
_GEX_DATA_004639d8:
.space 4
.globl _GEX_DATA_004639dc
_GEX_DATA_004639dc:
.space 4
.globl _GEX_DATA_004639e0
_GEX_DATA_004639e0:
.space 72
.globl _GEX_DATA_00463a28
_GEX_DATA_00463a28:
.space 4
.globl _GEX_DATA_00463a2c
_GEX_DATA_00463a2c:
.space 4
.globl _GEX_DATA_00463a30
_GEX_DATA_00463a30:
.space 4
.globl _GEX_DATA_00463a34
_GEX_DATA_00463a34:
.space 4
.globl _GEX_DATA_00463a38
_GEX_DATA_00463a38:
.space 8
.globl _GEX_DATA_00463a40
_GEX_DATA_00463a40:
.space 96
.globl _GEX_DATA_00463aa0
_GEX_DATA_00463aa0:
.space 8
.globl _GEX_DATA_00463aa8
_GEX_DATA_00463aa8:
.space 4
.globl _GEX_DATA_00463aac
_GEX_DATA_00463aac:
.space 4
.globl _GEX_DATA_00463ab0
_GEX_DATA_00463ab0:
.space 4
.globl _GEX_DATA_00463ab4
_GEX_DATA_00463ab4:
.space 4
.globl _GEX_DATA_00463ab8
_GEX_DATA_00463ab8:
.space 4
.globl _GEX_DATA_00463abc
_GEX_DATA_00463abc:
.space 4
.globl _GEX_DATA_00463ac0
_GEX_DATA_00463ac0:
.space 4
.globl _GEX_DATA_00463ac4
_GEX_DATA_00463ac4:
.space 4
.globl _GEX_DATA_00463ac8
_GEX_DATA_00463ac8:
.space 4
.globl _GEX_DATA_00463acc
_GEX_DATA_00463acc:
.space 4
.globl _GEX_DATA_00463ad0
_GEX_DATA_00463ad0:
.space 4
.globl _GEX_DATA_00463ad4
_GEX_DATA_00463ad4:
.space 4
.globl _GEX_DATA_00463ad8
_GEX_DATA_00463ad8:
.space 8
.globl _GEX_DATA_00463ae0
_GEX_DATA_00463ae0:
.space 12
.globl _GEX_DATA_00463aec
_GEX_DATA_00463aec:
.space 4
.globl _GEX_DATA_00463af0
_GEX_DATA_00463af0:
.space 8
.globl _GEX_DATA_00463af8
_GEX_DATA_00463af8:
.space 16
.globl _GEX_DATA_00463b08
_GEX_DATA_00463b08:
.space 8
.globl _GEX_DATA_00463b10
_GEX_DATA_00463b10:
.space 52
.globl _GEX_DATA_00463b44
_GEX_DATA_00463b44:
.space 4
.globl _GEX_DATA_00463b48
_GEX_DATA_00463b48:
.space 16
.globl _GEX_DATA_00463b58
_GEX_DATA_00463b58:
.space 4
.globl _GEX_DATA_00463b5c
_GEX_DATA_00463b5c:
.space 4
.globl _GEX_DATA_00463b60
_GEX_DATA_00463b60:
.space 4
.globl _GEX_DATA_00463b64
_GEX_DATA_00463b64:
.space 4
.globl _GEX_DATA_00463b68
_GEX_DATA_00463b68:
.space 8
.globl _GEX_DATA_00463b70
_GEX_DATA_00463b70:
.space 516
.globl _GEX_DATA_00463d74
_GEX_DATA_00463d74:
.space 4
.globl _GEX_DATA_00463d78
_GEX_DATA_00463d78:
.space 4
.globl _GEX_DATA_00463d7c
_GEX_DATA_00463d7c:
.space 4
.globl _GEX_DATA_00463d80
_GEX_DATA_00463d80:
.space 136
.globl _GEX_DATA_00463e08
_GEX_DATA_00463e08:
.space 4
.globl _GEX_DATA_00463e0c
_GEX_DATA_00463e0c:
.space 4
.globl _GEX_DATA_00463e10
_GEX_DATA_00463e10:
.space 136
.globl _GEX_DATA_00463e98
_GEX_DATA_00463e98:
.space 32
.globl _GEX_DATA_00463eb8
_GEX_DATA_00463eb8:
.space 72
.globl _GEX_DATA_00463f00
_GEX_DATA_00463f00:
.space 4
.globl _GEX_DATA_00463f04
_GEX_DATA_00463f04:
.space 4
.globl _GEX_DATA_00463f08
_GEX_DATA_00463f08:
.space 4
.globl _GEX_DATA_00463f0c
_GEX_DATA_00463f0c:
.space 4
.globl _GEX_DATA_00463f10
_GEX_DATA_00463f10:
.space 4
.globl _GEX_DATA_00463f14
_GEX_DATA_00463f14:
.space 132
.globl _GEX_DATA_00463f98
_GEX_DATA_00463f98:
.space 72
.globl _GEX_DATA_00463fe0
_GEX_DATA_00463fe0:
.space 8
.globl _GEX_DATA_00463fe8
_GEX_DATA_00463fe8:
.space 4
.globl _GEX_DATA_00463fec
_GEX_DATA_00463fec:
.space 516
.globl _GEX_DATA_004641f0
_GEX_DATA_004641f0:
.space 32
.globl _GEX_DATA_00464210
_GEX_DATA_00464210:
.space 4
.globl _GEX_DATA_00464214
_GEX_DATA_00464214:
.space 68
.globl _GEX_DATA_00464258
_GEX_DATA_00464258:
.space 32
.globl _GEX_DATA_00464278
_GEX_DATA_00464278:
.space 40
.globl _GEX_DATA_004642a0
_GEX_DATA_004642a0:
.space 4
.globl _GEX_DATA_004642a4
_GEX_DATA_004642a4:
.space 4
.globl _GEX_DATA_004642a8
_GEX_DATA_004642a8:
.space 4
.globl _GEX_DATA_004642ac
_GEX_DATA_004642ac:
.space 4
.globl _GEX_DATA_004642b0
_GEX_DATA_004642b0:
.space 32
.globl _GEX_DATA_004642d0
_GEX_DATA_004642d0:
.space 4
.globl _GEX_DATA_004642d4
_GEX_DATA_004642d4:
.space 4
.globl _GEX_DATA_004642d8
_GEX_DATA_004642d8:
.space 12
.globl _GEX_DATA_004642e4
_GEX_DATA_004642e4:
.space 516
.globl _GEX_DATA_004644e8
_GEX_DATA_004644e8:
.space 40
.globl _GEX_DATA_00464510
_GEX_DATA_00464510:
.space 8
.globl _GEX_DATA_00464518
_GEX_DATA_00464518:
.space 8
.globl _GEX_DATA_00464520
_GEX_DATA_00464520:
.space 4
.globl _GEX_DATA_00464524
_GEX_DATA_00464524:
.space 4
.globl _GEX_DATA_00464528
_GEX_DATA_00464528:
.space 128
.globl _GEX_DATA_004645a8
_GEX_DATA_004645a8:
.space 4
.globl _GEX_DATA_004645ac
_GEX_DATA_004645ac:
.space 4
.globl _GEX_DATA_004645b0
_GEX_DATA_004645b0:
.space 96
.globl _GEX_DATA_00464610
_GEX_DATA_00464610:
.space 32
.globl _GEX_DATA_00464630
_GEX_DATA_00464630:
.space 4
.globl _GEX_DATA_00464634
_GEX_DATA_00464634:
.space 36
.globl _GEX_DATA_00464658
_GEX_DATA_00464658:
.space 4
.globl _GEX_DATA_0046465c
_GEX_DATA_0046465c:
.space 4
.globl _GEX_DATA_00464660
_GEX_DATA_00464660:
.space 144
.globl _GEX_DATA_004646f0
_GEX_DATA_004646f0:
.space 4
.globl _GEX_DATA_004646f4
_GEX_DATA_004646f4:
.space 4
.globl _GEX_DATA_004646f8
_GEX_DATA_004646f8:
.space 4
.globl _GEX_DATA_004646fc
_GEX_DATA_004646fc:
.space 4
.globl _GEX_DATA_00464700
_GEX_DATA_00464700:
.space 4
.globl _GEX_DATA_00464704
_GEX_DATA_00464704:
.space 132
.globl _GEX_DATA_00464788
_GEX_DATA_00464788:
.space 4
.globl _GEX_DATA_0046478c
_GEX_DATA_0046478c:
.space 4
.globl _GEX_DATA_00464790
_GEX_DATA_00464790:
.space 4
.globl _GEX_DATA_00464794
_GEX_DATA_00464794:
.space 4
.globl _GEX_DATA_00464798
_GEX_DATA_00464798:
.space 8
.globl _GEX_DATA_004647a0
_GEX_DATA_004647a0:
.space 4
.globl _GEX_DATA_004647a4
_GEX_DATA_004647a4:
.space 4
.globl _GEX_DATA_004647a8
_GEX_DATA_004647a8:
.space 4
.globl _GEX_DATA_004647ac
_GEX_DATA_004647ac:
.space 4
.globl _GEX_DATA_004647b0
_GEX_DATA_004647b0:
.space 8
.globl _GEX_DATA_004647b8
_GEX_DATA_004647b8:
.space 256
.globl _GEX_DATA_004648b8
_GEX_DATA_004648b8:
.space 256
.globl _GEX_DATA_004649b8
_GEX_DATA_004649b8:
.space 256
.globl _GEX_DATA_00464ab8
_GEX_DATA_00464ab8:
.space 256
.globl _GEX_DATA_00464bb8
_GEX_DATA_00464bb8:
.space 256
.globl _GEX_DATA_00464cb8
_GEX_DATA_00464cb8:
.space 256
.globl _GEX_DATA_00464db8
_GEX_DATA_00464db8:
.space 4
.globl _GEX_DATA_00464dbc
_GEX_DATA_00464dbc:
.space 4
.globl _GEX_DATA_00464dc0
_GEX_DATA_00464dc0:
.space 4
.globl _GEX_DATA_00464dc4
_GEX_DATA_00464dc4:
.space 4
.globl _GEX_DATA_00464dc8
_GEX_DATA_00464dc8:
.space 4
.globl _GEX_DATA_00464dcc
_GEX_DATA_00464dcc:
.space 4
.globl _GEX_DATA_00464dd0
_GEX_DATA_00464dd0:
.space 4
.globl _GEX_DATA_00464dd4
_GEX_DATA_00464dd4:
.space 4
.globl _GEX_DATA_00464dd8
_GEX_DATA_00464dd8:
.space 4
.globl _GEX_DATA_00464ddc
_GEX_DATA_00464ddc:
.space 4
.globl _GEX_DATA_00464de0
_GEX_DATA_00464de0:
.space 8
.globl _GEX_DATA_00464de8
_GEX_DATA_00464de8:
.space 16
.globl _GEX_DATA_00464df8
_GEX_DATA_00464df8:
.space 8
.globl _GEX_DATA_00464e00
_GEX_DATA_00464e00:
.space 4
.globl _GEX_DATA_00464e04
_GEX_DATA_00464e04:
.space 4
.globl _GEX_DATA_00464e08
_GEX_DATA_00464e08:
.space 4
.globl _GEX_DATA_00464e0c
_GEX_DATA_00464e0c:
.space 4
.globl _GEX_DATA_00464e10
_GEX_DATA_00464e10:
.space 4
.globl _GEX_DATA_00464e14
_GEX_DATA_00464e14:
.space 4
.globl _GEX_DATA_00464e18
_GEX_DATA_00464e18:
.space 4
.globl _GEX_DATA_00464e1c
_GEX_DATA_00464e1c:
.space 4
.globl _GEX_DATA_00464e20
_GEX_DATA_00464e20:
.space 4
.globl _GEX_DATA_00464e24
_GEX_DATA_00464e24:
.space 4
.globl _GEX_DATA_00464e28
_GEX_DATA_00464e28:
.space 20
.globl _GEX_DATA_00464e3c
_GEX_DATA_00464e3c:
.space 4
.globl _GEX_DATA_00464e40
_GEX_DATA_00464e40:
.space 8
.globl _GEX_DATA_00464e48
_GEX_DATA_00464e48:
.space 16
.globl _GEX_DATA_00464e58
_GEX_DATA_00464e58:
.space 1280
.globl _GEX_DATA_00465358
_GEX_DATA_00465358:
.space 24
.globl _GEX_DATA_00465370
_GEX_DATA_00465370:
.space 7680
.globl _GEX_DATA_00467170
_GEX_DATA_00467170:
.space 8
.globl _GEX_DATA_00467178
_GEX_DATA_00467178:
.space 8
.globl _GEX_DATA_00467180
_GEX_DATA_00467180:
.space 8
.globl _GEX_DATA_00467188
_GEX_DATA_00467188:
.space 13200
.globl _GEX_DATA_0046a518
_GEX_DATA_0046a518:
.space 28
.globl _GEX_DATA_0046a534
_GEX_DATA_0046a534:
.space 44
.globl _GEX_DATA_0046a560
_GEX_DATA_0046a560:
.space 20
.globl _GEX_DATA_0046a574
_GEX_DATA_0046a574:
.space 20
.globl _GEX_DATA_0046a588
_GEX_DATA_0046a588:
.space 25
.globl _GEX_DATA_0046a5a1
_GEX_DATA_0046a5a1:
.space 1
.globl _GEX_DATA_0046a5a2
_GEX_DATA_0046a5a2:
.space 1
.globl _GEX_DATA_0046a5a3
_GEX_DATA_0046a5a3:
.space 90
.globl _GEX_DATA_0046a5fd
_GEX_DATA_0046a5fd:
.space 1
.globl _GEX_DATA_0046a5fe
_GEX_DATA_0046a5fe:
.space 1
.globl _GEX_DATA_0046a5ff
_GEX_DATA_0046a5ff:
.space 65
.globl _GEX_DATA_0046a640
_GEX_DATA_0046a640:
.space 4
.globl _GEX_DATA_0046a644
_GEX_DATA_0046a644:
.space 4
.globl _GEX_DATA_0046a648
_GEX_DATA_0046a648:
.space 4
.globl _GEX_DATA_0046a64c
_GEX_DATA_0046a64c:
.space 4
.globl _GEX_DATA_0046a650
_GEX_DATA_0046a650:
.space 4
.globl _GEX_DATA_0046a654
_GEX_DATA_0046a654:
.space 4
.globl _GEX_DATA_0046a658
_GEX_DATA_0046a658:
.space 4
.globl _GEX_DATA_0046a65c
_GEX_DATA_0046a65c:
.space 4
.globl _GEX_DATA_0046a660
_GEX_DATA_0046a660:
.space 4
.globl _GEX_DATA_0046a664
_GEX_DATA_0046a664:
.space 4
.globl _GEX_DATA_0046a668
_GEX_DATA_0046a668:
.space 4
.globl _GEX_DATA_0046a66c
_GEX_DATA_0046a66c:
.space 12
.globl _GEX_DATA_0046a678
_GEX_DATA_0046a678:
.space 5600
.globl _GEX_DATA_0046bc58
_GEX_DATA_0046bc58:
.space 4
.globl _GEX_DATA_0046bc5c
_GEX_DATA_0046bc5c:
.space 4
.globl _GEX_DATA_0046bc60
_GEX_DATA_0046bc60:
.space 4
.globl _GEX_DATA_0046bc64
_GEX_DATA_0046bc64:
.space 4
.globl _GEX_DATA_0046bc68
_GEX_DATA_0046bc68:
.space 4
.globl _GEX_DATA_0046bc6c
_GEX_DATA_0046bc6c:
.space 4
.globl _GEX_DATA_0046bc70
_GEX_DATA_0046bc70:
.space 4
.globl _GEX_DATA_0046bc74
_GEX_DATA_0046bc74:
.space 4
.globl _GEX_DATA_0046bc78
_GEX_DATA_0046bc78:
.space 80
.globl _GEX_DATA_0046bcc8
_GEX_DATA_0046bcc8:
.space 12
.globl _GEX_DATA_0046bcd4
_GEX_DATA_0046bcd4:
.space 12
.globl _GEX_DATA_0046bce0
_GEX_DATA_0046bce0:
.space 12
.globl _GEX_DATA_0046bcec
_GEX_DATA_0046bcec:
.space 12
.globl _GEX_DATA_0046bcf8
_GEX_DATA_0046bcf8:
.space 8
.globl _GEX_DATA_0046bd00
_GEX_DATA_0046bd00:
.space 8000
.globl _GEX_DATA_0046dc40
_GEX_DATA_0046dc40:
.space 70000
.globl _GEX_DATA_0047edb0
_GEX_DATA_0047edb0:
.space 4
.globl _GEX_DATA_0047edb4
_GEX_DATA_0047edb4:
.space 4
.globl _GEX_DATA_0047edb8
_GEX_DATA_0047edb8:
.space 4
.globl _GEX_DATA_0047edbc
_GEX_DATA_0047edbc:
.space 4
.globl _GEX_DATA_0047edc0
_GEX_DATA_0047edc0:
.space 8
.globl _GEX_DATA_0047edc8
_GEX_DATA_0047edc8:
.space 296
.globl _GEX_DATA_0047eef0
_GEX_DATA_0047eef0:
.space 48
.globl _GEX_DATA_0047ef20
_GEX_DATA_0047ef20:
.space 16
.globl _GEX_DATA_0047ef30
_GEX_DATA_0047ef30:
.space 62
.globl _GEX_DATA_0047ef6e
_GEX_DATA_0047ef6e:
.space 1
.globl _GEX_DATA_0047ef6f
_GEX_DATA_0047ef6f:
.space 1
.globl _GEX_DATA_0047ef70
_GEX_DATA_0047ef70:
.space 16
.globl _GEX_DATA_0047ef80
_GEX_DATA_0047ef80:
.space 128
.globl _GEX_DATA_0047f000
_GEX_DATA_0047f000:
.space 4
.globl _GEX_DATA_0047f004
_GEX_DATA_0047f004:
.space 12
.globl _GEX_DATA_0047f010
_GEX_DATA_0047f010:
.space 32
.globl _GEX_DATA_0047f030
_GEX_DATA_0047f030:
.space 12
.globl _GEX_DATA_0047f03c
_GEX_DATA_0047f03c:
.space 4
.globl _GEX_DATA_0047f040
_GEX_DATA_0047f040:
.space 4
.globl _GEX_DATA_0047f044
_GEX_DATA_0047f044:
.space 4
.globl _GEX_DATA_0047f048
_GEX_DATA_0047f048:
.space 4
.globl _GEX_DATA_0047f04c
_GEX_DATA_0047f04c:
.space 4
.globl _GEX_DATA_0047f050
_GEX_DATA_0047f050:
.space 16
.globl _GEX_DATA_0047f060
_GEX_DATA_0047f060:
.space 68
.globl _GEX_DATA_0047f0a4
_GEX_DATA_0047f0a4:
.space 4
.globl _GEX_DATA_0047f0a8
_GEX_DATA_0047f0a8:
.space 4
.globl _GEX_DATA_0047f0ac
_GEX_DATA_0047f0ac:
.space 4
.globl _GEX_DATA_0047f0b0
_GEX_DATA_0047f0b0:
.space 16
.globl _GEX_DATA_0047f0c0
_GEX_DATA_0047f0c0:
.space 4
.globl _GEX_DATA_0047f0c4
_GEX_DATA_0047f0c4:
.space 4
.globl _GEX_DATA_0047f0c8
_GEX_DATA_0047f0c8:
.space 32776
.globl _GEX_DATA_004870d0
_GEX_DATA_004870d0:
.space 4
.globl _GEX_DATA_004870d4
_GEX_DATA_004870d4:
.space 1076
.globl _GEX_DATA_00487508
_GEX_DATA_00487508:
.space 4
.globl _GEX_DATA_0048750c
_GEX_DATA_0048750c:
.space 4
.globl _GEX_DATA_00487510
_GEX_DATA_00487510:
.space 16
.globl _GEX_DATA_00487520
_GEX_DATA_00487520:
.space 128
.globl _GEX_DATA_004875a0
_GEX_DATA_004875a0:
.space 16
.globl _GEX_DATA_004875b0
_GEX_DATA_004875b0:
.space 32
.globl _GEX_DATA_004875d0
_GEX_DATA_004875d0:
.space 32
.globl _GEX_DATA_004875f0
_GEX_DATA_004875f0:
.space 32
.globl _GEX_DATA_00487610
_GEX_DATA_00487610:
.space 32
.globl _GEX_DATA_00487630
_GEX_DATA_00487630:
.space 256
.globl _GEX_DATA_00487730
_GEX_DATA_00487730:
.space 32
.globl _GEX_DATA_00487750
_GEX_DATA_00487750:
.space 24
.globl _GEX_DATA_00487768
_GEX_DATA_00487768:
.space 4
.globl _GEX_DATA_0048776c
_GEX_DATA_0048776c:
.space 4
.globl _GEX_DATA_00487770
_GEX_DATA_00487770:
.space 512
.globl _GEX_DATA_00487970
_GEX_DATA_00487970:
.space 128
.globl _GEX_DATA_004879f0
_GEX_DATA_004879f0:
.space 4
.globl _GEX_DATA_004879f4
_GEX_DATA_004879f4:
.space 12
.globl _GEX_DATA_00487a00
_GEX_DATA_00487a00:
.space 4
.globl _GEX_DATA_00487a04
_GEX_DATA_00487a04:
.space 4
.globl _GEX_DATA_00487a08
_GEX_DATA_00487a08:
.space 8
.globl _GEX_DATA_00487a10
_GEX_DATA_00487a10:
.space 128
.globl _GEX_DATA_00487a90
_GEX_DATA_00487a90:
.space 4
.globl _GEX_DATA_00487a94
_GEX_DATA_00487a94:
.space 12
.globl _GEX_DATA_00487aa0
_GEX_DATA_00487aa0:
.space 288
.globl _GEX_DATA_00487bc0
_GEX_DATA_00487bc0:
.space 4
.globl _GEX_DATA_00487bc4
_GEX_DATA_00487bc4:
.space 4
.globl _GEX_DATA_00487bc8
_GEX_DATA_00487bc8:
.space 140
.globl _GEX_DATA_00487c54
_GEX_DATA_00487c54:
.space 4
.globl _GEX_DATA_00487c58
_GEX_DATA_00487c58:
.space 8
.globl _GEX_DATA_00487c60
_GEX_DATA_00487c60:
.space 256
.globl _GEX_DATA_00487d60
_GEX_DATA_00487d60:
.space 128
.globl _GEX_DATA_00487de0
_GEX_DATA_00487de0:
.space 260
.globl _GEX_DATA_00487ee4
_GEX_DATA_00487ee4:
.space 140
.globl _GEX_DATA_00487f70
_GEX_DATA_00487f70:
.space 4
.globl _GEX_DATA_00487f74
_GEX_DATA_00487f74:
.space 4
.globl _GEX_DATA_00487f78
_GEX_DATA_00487f78:
.space 4
.globl _GEX_DATA_00487f7c
_GEX_DATA_00487f7c:
.space 12
.globl _GEX_DATA_00487f88
_GEX_DATA_00487f88:
.space 4
.globl _GEX_DATA_00487f8c
_GEX_DATA_00487f8c:
.space 4
.globl _GEX_DATA_00487f90
_GEX_DATA_00487f90:
.space 16
.globl _GEX_DATA_00487fa0
_GEX_DATA_00487fa0:
.space 32
.globl _GEX_DATA_00487fc0
_GEX_DATA_00487fc0:
.space 4
.globl _GEX_DATA_00487fc4
_GEX_DATA_00487fc4:
.space 4
.globl _GEX_DATA_00487fc8
_GEX_DATA_00487fc8:
.space 4
.globl _GEX_DATA_00487fcc
_GEX_DATA_00487fcc:
.space 4
.globl _GEX_DATA_00487fd0
_GEX_DATA_00487fd0:
.space 4
.globl _GEX_DATA_00487fd4
_GEX_DATA_00487fd4:
.space 4
.globl _GEX_DATA_00487fd8
_GEX_DATA_00487fd8:
.space 4
.globl _GEX_DATA_00487fdc
_GEX_DATA_00487fdc:
.space 4
.globl _GEX_DATA_00487fe0
_GEX_DATA_00487fe0:
.space 4
.globl _GEX_DATA_00487fe4
_GEX_DATA_00487fe4:
.space 4
.globl _GEX_DATA_00487fe8
_GEX_DATA_00487fe8:
.space 4
.globl _GEX_DATA_00487fec
_GEX_DATA_00487fec:
.space 4
.globl _GEX_DATA_00487ff0
_GEX_DATA_00487ff0:
.space 4
.globl _GEX_DATA_00487ff4
_GEX_DATA_00487ff4:
.space 4
.globl _GEX_DATA_00487ff8
_GEX_DATA_00487ff8:
.space 4
.globl _GEX_DATA_00487ffc
_GEX_DATA_00487ffc:
.space 4
.globl _GEX_DATA_00488000
_GEX_DATA_00488000:
.space 4
.globl _GEX_DATA_00488004
_GEX_DATA_00488004:
.space 4
.globl _GEX_DATA_00488008
_GEX_DATA_00488008:
.space 4
.globl _GEX_DATA_0048800c
_GEX_DATA_0048800c:
.space 8196
.globl _GEX_DATA_0048a010
_GEX_DATA_0048a010:
.space 4
.globl _GEX_DATA_0048a014
_GEX_DATA_0048a014:
.space 4
.globl _GEX_DATA_0048a018
_GEX_DATA_0048a018:
.space 4
.globl _GEX_DATA_0048a01c
_GEX_DATA_0048a01c:
.space 4
.globl _GEX_DATA_0048a020
_GEX_DATA_0048a020:
.space 4
.globl _GEX_DATA_0048a024
_GEX_DATA_0048a024:
.space 4
.globl _GEX_DATA_0048a028
_GEX_DATA_0048a028:
.space 4
.globl _GEX_DATA_0048a02c
_GEX_DATA_0048a02c:
.space 4
.globl _GEX_DATA_0048a030
_GEX_DATA_0048a030:
.space 4
.globl _GEX_DATA_0048a034
_GEX_DATA_0048a034:
.space 4
.globl _GEX_DATA_0048a038
_GEX_DATA_0048a038:
.space 4
.globl _GEX_DATA_0048a03c
_GEX_DATA_0048a03c:
.space 4
.globl _GEX_DATA_0048a040
_GEX_DATA_0048a040:
.space 4
.globl _GEX_DATA_0048a044
_GEX_DATA_0048a044:
.space 4
.globl _GEX_DATA_0048a048
_GEX_DATA_0048a048:
.space 4
.globl _GEX_DATA_0048a04c
_GEX_DATA_0048a04c:
.space 4
.globl _GEX_DATA_0048a050
_GEX_DATA_0048a050:
.space 65536
.globl _GEX_DATA_0049a050
_GEX_DATA_0049a050:
.space 4
.globl _GEX_DATA_0049a054
_GEX_DATA_0049a054:
.space 4
.globl _GEX_DATA_0049a058
_GEX_DATA_0049a058:
.space 4
.globl _GEX_DATA_0049a05c
_GEX_DATA_0049a05c:
.space 4
.globl _GEX_DATA_0049a060
_GEX_DATA_0049a060:
.space 4
.globl _GEX_DATA_0049a064
_GEX_DATA_0049a064:
.space 4
.globl _GEX_DATA_0049a068
_GEX_DATA_0049a068:
.space 4
.globl _GEX_DATA_0049a06c
_GEX_DATA_0049a06c:
.space 4
.globl _GEX_DATA_0049a070
_GEX_DATA_0049a070:
.space 8
.globl _GEX_DATA_0049a078
_GEX_DATA_0049a078:
.space 8
.globl _GEX_DATA_0049a080
_GEX_DATA_0049a080:
.space 22064
.globl _GEX_DATA_0049f6b0
_GEX_DATA_0049f6b0:
.space 1124
.globl _GEX_DATA_0049fb14
_GEX_DATA_0049fb14:
.space 4
.globl _GEX_DATA_0049fb18
_GEX_DATA_0049fb18:
.space 4
.globl _GEX_DATA_0049fb1c
_GEX_DATA_0049fb1c:
.space 4
.globl _GEX_DATA_0049fb20
_GEX_DATA_0049fb20:
.space 4
.globl _GEX_DATA_0049fb24
_GEX_DATA_0049fb24:
.space 4
.globl _GEX_DATA_0049fb28
_GEX_DATA_0049fb28:
.space 8
.globl _GEX_DATA_0049fb30
_GEX_DATA_0049fb30:
.space 32
.globl _GEX_DATA_0049fb50
_GEX_DATA_0049fb50:
.space 4
.globl _GEX_DATA_0049fb54
_GEX_DATA_0049fb54:
.space 12
.globl _GEX_DATA_0049fb60
_GEX_DATA_0049fb60:
.space 44
.globl _GEX_DATA_0049fb8c
_GEX_DATA_0049fb8c:
.space 4
.globl _GEX_DATA_0049fb90
_GEX_DATA_0049fb90:
.space 4
.globl _GEX_DATA_0049fb94
_GEX_DATA_0049fb94:
.space 4
.globl _GEX_DATA_0049fb98
_GEX_DATA_0049fb98:
.space 8
.globl _GEX_DATA_0049fba0
_GEX_DATA_0049fba0:
.space 192
.globl _GEX_DATA_0049fc60
_GEX_DATA_0049fc60:
.space 96
.globl _GEX_DATA_0049fcc0
_GEX_DATA_0049fcc0:
.space 32
.globl _GEX_DATA_0049fce0
_GEX_DATA_0049fce0:
.space 512
.globl _GEX_DATA_0049fee0
_GEX_DATA_0049fee0:
.space 32
.globl _GEX_DATA_0049ff00
_GEX_DATA_0049ff00:
.space 32
.globl _GEX_DATA_0049ff20
_GEX_DATA_0049ff20:
.space 128
.globl _GEX_DATA_0049ffa0
_GEX_DATA_0049ffa0:
.space 576
.globl _GEX_DATA_004a01e0
_GEX_DATA_004a01e0:
.space 4
.globl _GEX_DATA_004a01e4
_GEX_DATA_004a01e4:
.space 4
.globl _GEX_DATA_004a01e8
_GEX_DATA_004a01e8:
.space 4
.globl _GEX_DATA_004a01ec
_GEX_DATA_004a01ec:
.space 4
.globl _GEX_DATA_004a01f0
_GEX_DATA_004a01f0:
.space 16
.globl _GEX_DATA_004a0200
_GEX_DATA_004a0200:
.space 16
.globl _GEX_DATA_004a0210
_GEX_DATA_004a0210:
.space 4
.globl _GEX_DATA_004a0214
_GEX_DATA_004a0214:
.space 4
.globl _GEX_DATA_004a0218
_GEX_DATA_004a0218:
.space 4
.globl _GEX_DATA_004a021c
_GEX_DATA_004a021c:
.space 4
.globl _GEX_DATA_004a0220
_GEX_DATA_004a0220:
.space 4
.globl _GEX_DATA_004a0224
_GEX_DATA_004a0224:
.space 8
.globl _GEX_DATA_004a022c
_GEX_DATA_004a022c:
.space 4
.globl _GEX_DATA_004a0230
_GEX_DATA_004a0230:
.space 4
.globl _GEX_DATA_004a0234
_GEX_DATA_004a0234:
.space 4
.globl _GEX_DATA_004a0238
_GEX_DATA_004a0238:
.space 4
.globl _GEX_DATA_004a023c
_GEX_DATA_004a023c:
.space 4
.globl _GEX_DATA_004a0240
_GEX_DATA_004a0240:
.space 4
.globl _GEX_DATA_004a0244
_GEX_DATA_004a0244:
.space 4
.globl _GEX_DATA_004a0248
_GEX_DATA_004a0248:
.space 12
.globl _GEX_DATA_004a0254
_GEX_DATA_004a0254:
.space 4
.globl _GEX_DATA_004a0258
_GEX_DATA_004a0258:
.space 4
.globl _GEX_DATA_004a025c
_GEX_DATA_004a025c:
.space 4
.globl _GEX_DATA_004a0260
_GEX_DATA_004a0260:
.space 4
.globl _GEX_DATA_004a0264
_GEX_DATA_004a0264:
.space 8
.globl _GEX_DATA_004a026c
_GEX_DATA_004a026c:
.space 4
.globl _GEX_DATA_004a0270
_GEX_DATA_004a0270:
.space 2
.globl _GEX_DATA_004a0272
_GEX_DATA_004a0272:
.space 14
.globl _GEX_DATA_004a0280
_GEX_DATA_004a0280:
.space 1
.globl _GEX_DATA_004a0281
_GEX_DATA_004a0281:
.space 1
.globl _GEX_DATA_004a0282
_GEX_DATA_004a0282:
.space 1
.globl _GEX_DATA_004a0283
_GEX_DATA_004a0283:
.space 1
.globl _GEX_DATA_004a0284
_GEX_DATA_004a0284:
.space 1
.globl _GEX_DATA_004a0285
_GEX_DATA_004a0285:
.space 1
.globl _GEX_DATA_004a0286
_GEX_DATA_004a0286:
.space 1
.globl _GEX_DATA_004a0287
_GEX_DATA_004a0287:
.space 1
.globl _GEX_DATA_004a0288
_GEX_DATA_004a0288:
.space 2
.globl _GEX_DATA_004a028a
_GEX_DATA_004a028a:
.space 5
.globl _GEX_DATA_004a028f
_GEX_DATA_004a028f:
.space 4
.globl _GEX_DATA_004a0293
_GEX_DATA_004a0293:
.space 1
.globl _GEX_DATA_004a0294
_GEX_DATA_004a0294:
.space 1
.globl _GEX_DATA_004a0295
_GEX_DATA_004a0295:
.space 4
.globl _GEX_DATA_004a0299
_GEX_DATA_004a0299:
.space 7
.globl _GEX_DATA_004a02a0
_GEX_DATA_004a02a0:
.space 40
.globl _GEX_DATA_004a02c8
_GEX_DATA_004a02c8:
.space 4
.globl _GEX_DATA_004a02cc
_GEX_DATA_004a02cc:
.space 4
.globl _GEX_DATA_004a02d0
_GEX_DATA_004a02d0:
.space 8
.globl _GEX_DATA_004a02d8
_GEX_DATA_004a02d8:
.space 4
.globl _GEX_DATA_004a02dc
_GEX_DATA_004a02dc:
.space 4
.globl _GEX_DATA_004a02e0
_GEX_DATA_004a02e0:
.space 16
.globl _GEX_DATA_004a02f0
_GEX_DATA_004a02f0:
.space 8400
.globl _GEX_DATA_004a23c0
_GEX_DATA_004a23c0:
.space 4
.globl _GEX_DATA_004a23c4
_GEX_DATA_004a23c4:
.space 4
.globl _GEX_DATA_004a23c8
_GEX_DATA_004a23c8:
.space 8
.globl _GEX_DATA_004a23d0
_GEX_DATA_004a23d0:
.space 4
.globl _GEX_DATA_004a23d4
_GEX_DATA_004a23d4:
.space 4
.globl _GEX_DATA_004a23d8
_GEX_DATA_004a23d8:
.space 4
.globl _GEX_DATA_004a23dc
_GEX_DATA_004a23dc:
.space 4
.globl _GEX_DATA_004a23e0
_GEX_DATA_004a23e0:
.space 4
.globl _GEX_DATA_004a23e4
_GEX_DATA_004a23e4:
.space 4
.globl _GEX_DATA_004a23e8
_GEX_DATA_004a23e8:
.space 4
.globl _GEX_DATA_004a23ec
_GEX_DATA_004a23ec:
.space 4
.globl _GEX_DATA_004a23f0
_GEX_DATA_004a23f0:
.space 16
.globl _GEX_DATA_004a2400
_GEX_DATA_004a2400:
.space 4
.globl _GEX_DATA_004a2404
_GEX_DATA_004a2404:
.space 4
.globl _GEX_DATA_004a2408
_GEX_DATA_004a2408:
.space 8
.globl _GEX_DATA_004a2410
_GEX_DATA_004a2410:
.space 16
.globl _GEX_DATA_004a2420
_GEX_DATA_004a2420:
.space 144
.globl _GEX_DATA_004a24b0
_GEX_DATA_004a24b0:
.space 144
.globl _GEX_DATA_004a2540
_GEX_DATA_004a2540:
.space 144
.globl _GEX_DATA_004a25d0
_GEX_DATA_004a25d0:
.space 144
.globl _GEX_DATA_004a2660
_GEX_DATA_004a2660:
.space 24
.globl _GEX_DATA_004a2678
_GEX_DATA_004a2678:
.space 8
.globl _GEX_DATA_004a2680
_GEX_DATA_004a2680:
.space 144
.globl _GEX_DATA_004a2710
_GEX_DATA_004a2710:
.space 144
.globl _GEX_DATA_004a27a0
_GEX_DATA_004a27a0:
.space 4
.globl _GEX_DATA_004a27a4
_GEX_DATA_004a27a4:
.space 12
.globl _GEX_DATA_004a27b0
_GEX_DATA_004a27b0:
.space 12
.globl _GEX_DATA_004a27bc
_GEX_DATA_004a27bc:
.space 4
.globl _GEX_DATA_004a27c0
_GEX_DATA_004a27c0:
.space 4
.globl _GEX_DATA_004a27c4
_GEX_DATA_004a27c4:
.space 4
.globl _GEX_DATA_004a27c8
_GEX_DATA_004a27c8:
.space 4
.globl _GEX_DATA_004a27cc
_GEX_DATA_004a27cc:
.space 4
.globl _GEX_DATA_004a27d0
_GEX_DATA_004a27d0:
.space 4
.globl _GEX_DATA_004a27d4
_GEX_DATA_004a27d4:
.space 4
.globl _GEX_DATA_004a27d8
_GEX_DATA_004a27d8:
.space 4
.globl _GEX_DATA_004a27dc
_GEX_DATA_004a27dc:
.space 4
.globl _GEX_DATA_004a27e0
_GEX_DATA_004a27e0:
.space 4
.globl _GEX_DATA_004a27e4
_GEX_DATA_004a27e4:
.space 4
.globl _GEX_DATA_004a27e8
_GEX_DATA_004a27e8:
.space 4
.globl _GEX_DATA_004a27ec
_GEX_DATA_004a27ec:
.space 4
.globl _GEX_DATA_004a27f0
_GEX_DATA_004a27f0:
.space 4
.globl _GEX_DATA_004a27f4
_GEX_DATA_004a27f4:
.space 4
.globl _GEX_DATA_004a27f8
_GEX_DATA_004a27f8:
.space 4
.globl _GEX_DATA_004a27fc
_GEX_DATA_004a27fc:
.space 4
.globl _GEX_DATA_004a2800
_GEX_DATA_004a2800:
.space 4
.globl _GEX_DATA_004a2804
_GEX_DATA_004a2804:
.space 4
.globl _GEX_DATA_004a2808
_GEX_DATA_004a2808:
.space 4
.globl _GEX_DATA_004a280c
_GEX_DATA_004a280c:
.space 4
.globl _GEX_DATA_004a2810
_GEX_DATA_004a2810:
.space 4
.globl _GEX_DATA_004a2814
_GEX_DATA_004a2814:
.space 4
.globl _GEX_DATA_004a2818
_GEX_DATA_004a2818:
.space 4
.globl _GEX_DATA_004a281c
_GEX_DATA_004a281c:
.space 4
.globl _GEX_DATA_004a2820
_GEX_DATA_004a2820:
.space 4
.globl _GEX_DATA_004a2824
_GEX_DATA_004a2824:
.space 4
.globl _GEX_DATA_004a2828
_GEX_DATA_004a2828:
.space 4
.globl _GEX_DATA_004a282c
_GEX_DATA_004a282c:
.space 4
.globl _GEX_DATA_004a2830
_GEX_DATA_004a2830:
.space 4
.globl _GEX_DATA_004a2834
_GEX_DATA_004a2834:
.space 4
.globl _GEX_DATA_004a2838
_GEX_DATA_004a2838:
.space 4
.globl _GEX_DATA_004a283c
_GEX_DATA_004a283c:
.space 4
.globl _GEX_DATA_004a2840
_GEX_DATA_004a2840:
.space 4
.globl _GEX_DATA_004a2844
_GEX_DATA_004a2844:
.space 3
.globl _GEX_DATA_004a2847
_GEX_DATA_004a2847:
.space 1
.globl _GEX_DATA_004a2848
_GEX_DATA_004a2848:
.space 4
.globl _GEX_DATA_004a284c
_GEX_DATA_004a284c:
.space 4
.globl _GEX_DATA_004a2850
_GEX_DATA_004a2850:
.space 4
.globl _GEX_DATA_004a2854
_GEX_DATA_004a2854:
.space 4
.globl _GEX_DATA_004a2858
_GEX_DATA_004a2858:
.space 4
.globl _GEX_DATA_004a285c
_GEX_DATA_004a285c:
.space 4
.globl _GEX_DATA_004a2860
_GEX_DATA_004a2860:
.space 4
.globl _GEX_DATA_004a2864
_GEX_DATA_004a2864:
.space 4
.globl _GEX_DATA_004a2868
_GEX_DATA_004a2868:
.space 3
.globl _GEX_DATA_004a286b
_GEX_DATA_004a286b:
.space 1
.globl _GEX_DATA_004a286c
_GEX_DATA_004a286c:
.space 4
.globl _GEX_DATA_004a2870
_GEX_DATA_004a2870:
.space 4
.globl _GEX_DATA_004a2874
_GEX_DATA_004a2874:
.space 4
.globl _GEX_DATA_004a2878
_GEX_DATA_004a2878:
.space 4
.globl _GEX_DATA_004a287c
_GEX_DATA_004a287c:
.space 4
.globl _GEX_DATA_004a2880
_GEX_DATA_004a2880:
.space 4
.globl _GEX_DATA_004a2884
_GEX_DATA_004a2884:
.space 4
.globl _GEX_DATA_004a2888
_GEX_DATA_004a2888:
.space 4
.globl _GEX_DATA_004a288c
_GEX_DATA_004a288c:
.space 4
.globl _GEX_DATA_004a2890
_GEX_DATA_004a2890:
.space 16
.globl _GEX_DATA_004a28a0
_GEX_DATA_004a28a0:
.space 120
.globl _GEX_DATA_004a2918
_GEX_DATA_004a2918:
.space 4
.globl _GEX_DATA_004a291c
_GEX_DATA_004a291c:
.space 4
.globl _GEX_DATA_004a2920
_GEX_DATA_004a2920:
.space 4
.globl _GEX_DATA_004a2924
_GEX_DATA_004a2924:
.space 4
.globl _GEX_DATA_004a2928
_GEX_DATA_004a2928:
.space 4
.globl _GEX_DATA_004a292c
_GEX_DATA_004a292c:
.space 4
.globl _GEX_DATA_004a2930
_GEX_DATA_004a2930:
.space 4
.globl _GEX_DATA_004a2934
_GEX_DATA_004a2934:
.space 4
.globl _GEX_DATA_004a2938
_GEX_DATA_004a2938:
.space 4
.globl _GEX_DATA_004a293c
_GEX_DATA_004a293c:
.space 4
.globl _GEX_DATA_004a2940
_GEX_DATA_004a2940:
.space 4
.globl _GEX_DATA_004a2944
_GEX_DATA_004a2944:
.space 4
.globl _GEX_DATA_004a2948
_GEX_DATA_004a2948:
.space 4
.globl _GEX_DATA_004a294c
_GEX_DATA_004a294c:
.space 4
.globl _GEX_DATA_004a2950
_GEX_DATA_004a2950:
.space 4
.globl _GEX_DATA_004a2954
_GEX_DATA_004a2954:
.space 4
.globl _GEX_DATA_004a2958
_GEX_DATA_004a2958:
.space 4
.globl _GEX_DATA_004a295c
_GEX_DATA_004a295c:
.space 4
.globl _GEX_DATA_004a2960
_GEX_DATA_004a2960:
.space 4
.globl _GEX_DATA_004a2964
_GEX_DATA_004a2964:
.space 4
.globl _GEX_DATA_004a2968
_GEX_DATA_004a2968:
.space 4
.globl _GEX_DATA_004a296c
_GEX_DATA_004a296c:
.space 4
.globl _GEX_DATA_004a2970
_GEX_DATA_004a2970:
.space 4
.globl _GEX_DATA_004a2974
_GEX_DATA_004a2974:
.space 4
.globl _GEX_DATA_004a2978
_GEX_DATA_004a2978:
.space 4
.globl _GEX_DATA_004a297c
_GEX_DATA_004a297c:
.space 4
.globl _GEX_DATA_004a2980
_GEX_DATA_004a2980:
.space 4
.globl _GEX_DATA_004a2984
_GEX_DATA_004a2984:
.space 4
.globl _GEX_DATA_004a2988
_GEX_DATA_004a2988:
.space 4
.globl _GEX_DATA_004a298c
_GEX_DATA_004a298c:
.space 4
.globl _GEX_DATA_004a2990
_GEX_DATA_004a2990:
.space 4
.globl _GEX_DATA_004a2994
_GEX_DATA_004a2994:
.space 12
.globl _GEX_DATA_004a29a0
_GEX_DATA_004a29a0:
.space 4
.globl _GEX_DATA_004a29a4
_GEX_DATA_004a29a4:
.space 4
.globl _GEX_DATA_004a29a8
_GEX_DATA_004a29a8:
.space 4
.globl _GEX_DATA_004a29ac
_GEX_DATA_004a29ac:
.space 4
.globl _GEX_DATA_004a29b0
_GEX_DATA_004a29b0:
.space 4
.globl _GEX_DATA_004a29b4
_GEX_DATA_004a29b4:
.space 4
.globl _GEX_DATA_004a29b8
_GEX_DATA_004a29b8:
.space 8
.globl _GEX_DATA_004a29c0
_GEX_DATA_004a29c0:
.space 48
.globl _GEX_DATA_004a29f0
_GEX_DATA_004a29f0:
.space 12
.globl _GEX_DATA_004a29fc
_GEX_DATA_004a29fc:
.space 4
.globl _GEX_DATA_004a2a00
_GEX_DATA_004a2a00:
.space 4
.globl _GEX_DATA_004a2a04
_GEX_DATA_004a2a04:
.space 4
.globl _GEX_DATA_004a2a08
_GEX_DATA_004a2a08:
.space 4
.globl _GEX_DATA_004a2a0c
_GEX_DATA_004a2a0c:
.space 4
.globl _GEX_DATA_004a2a10
_GEX_DATA_004a2a10:
.space 4
.globl _GEX_DATA_004a2a14
_GEX_DATA_004a2a14:
.space 4
.globl _GEX_DATA_004a2a18
_GEX_DATA_004a2a18:
.space 4
.globl _GEX_DATA_004a2a1c
_GEX_DATA_004a2a1c:
.space 4
.globl _GEX_DATA_004a2a20
_GEX_DATA_004a2a20:
.space 4
.globl _GEX_DATA_004a2a24
_GEX_DATA_004a2a24:
.space 4
.globl _GEX_DATA_004a2a28
_GEX_DATA_004a2a28:
.space 4
.globl _GEX_DATA_004a2a2c
_GEX_DATA_004a2a2c:
.space 4
.globl _GEX_DATA_004a2a30
_GEX_DATA_004a2a30:
.space 4
.globl _GEX_DATA_004a2a34
_GEX_DATA_004a2a34:
.space 4
.globl _GEX_DATA_004a2a38
_GEX_DATA_004a2a38:
.space 4
.globl _GEX_DATA_004a2a3c
_GEX_DATA_004a2a3c:
.space 4
.globl _GEX_DATA_004a2a40
_GEX_DATA_004a2a40:
.space 16
.globl _GEX_DATA_004a2a50
_GEX_DATA_004a2a50:
.space 36
.globl _GEX_DATA_004a2a74
_GEX_DATA_004a2a74:
.space 4
.globl _GEX_DATA_004a2a78
_GEX_DATA_004a2a78:
.space 4
.globl _GEX_DATA_004a2a7c
_GEX_DATA_004a2a7c:
.space 4
.globl _GEX_DATA_004a2a80
_GEX_DATA_004a2a80:
.space 4
.globl _GEX_DATA_004a2a84
_GEX_DATA_004a2a84:
.space 4
.globl _GEX_DATA_004a2a88
_GEX_DATA_004a2a88:
.space 4
.globl _GEX_DATA_004a2a8c
_GEX_DATA_004a2a8c:
.space 4
.globl _GEX_DATA_004a2a90
_GEX_DATA_004a2a90:
.space 4
.globl _GEX_DATA_004a2a94
_GEX_DATA_004a2a94:
.space 2
.globl _GEX_DATA_004a2a96
_GEX_DATA_004a2a96:
.space 2
.globl _GEX_DATA_004a2a98
_GEX_DATA_004a2a98:
.space 4
.globl _GEX_DATA_004a2a9c
_GEX_DATA_004a2a9c:
.space 4
.globl _GEX_DATA_004a2aa0
_GEX_DATA_004a2aa0:
.space 16
.globl _GEX_DATA_004a2ab0
_GEX_DATA_004a2ab0:
.space 12
.globl _GEX_DATA_004a2abc
_GEX_DATA_004a2abc:
.space 4
.globl _GEX_DATA_004a2ac0
_GEX_DATA_004a2ac0:
.space 4
.globl _GEX_DATA_004a2ac4
_GEX_DATA_004a2ac4:
.space 4
.globl _GEX_DATA_004a2ac8
_GEX_DATA_004a2ac8:
.space 4
.globl _GEX_DATA_004a2acc
_GEX_DATA_004a2acc:
.space 4
.globl _GEX_DATA_004a2ad0
_GEX_DATA_004a2ad0:
.space 4
.globl _GEX_DATA_004a2ad4
_GEX_DATA_004a2ad4:
.space 4
.globl _GEX_DATA_004a2ad8
_GEX_DATA_004a2ad8:
.space 4
.globl _GEX_DATA_004a2adc
_GEX_DATA_004a2adc:
.space 4
.globl _GEX_DATA_004a2ae0
_GEX_DATA_004a2ae0:
.space 4
.globl _GEX_DATA_004a2ae4
_GEX_DATA_004a2ae4:
.space 4
.globl _GEX_DATA_004a2ae8
_GEX_DATA_004a2ae8:
.space 4
.globl _GEX_DATA_004a2aec
_GEX_DATA_004a2aec:
.space 4
.globl _GEX_DATA_004a2af0
_GEX_DATA_004a2af0:
.space 4
.globl _GEX_DATA_004a2af4
_GEX_DATA_004a2af4:
.space 4
.globl _GEX_DATA_004a2af8
_GEX_DATA_004a2af8:
.space 1
.globl _GEX_DATA_004a2af9
_GEX_DATA_004a2af9:
.space 1
.globl _GEX_DATA_004a2afa
_GEX_DATA_004a2afa:
.space 2
.globl _GEX_DATA_004a2afc
_GEX_DATA_004a2afc:
.space 4
.globl _GEX_DATA_004a2b00
_GEX_DATA_004a2b00:
.space 4
.globl _GEX_DATA_004a2b04
_GEX_DATA_004a2b04:
.space 4
.globl _GEX_DATA_004a2b08
_GEX_DATA_004a2b08:
.space 4
.globl _GEX_DATA_004a2b0c
_GEX_DATA_004a2b0c:
.space 4
.globl _GEX_DATA_004a2b10
_GEX_DATA_004a2b10:
.space 4
.globl _GEX_DATA_004a2b14
_GEX_DATA_004a2b14:
.space 4
.globl _GEX_DATA_004a2b18
_GEX_DATA_004a2b18:
.space 4
.globl _GEX_DATA_004a2b1c
_GEX_DATA_004a2b1c:
.space 4
.globl _GEX_DATA_004a2b20
_GEX_DATA_004a2b20:
.space 4
.globl _GEX_DATA_004a2b24
_GEX_DATA_004a2b24:
.space 12
.globl _GEX_DATA_004a2b30
_GEX_DATA_004a2b30:
.space 32
.globl _GEX_DATA_004a2b50
_GEX_DATA_004a2b50:
.space 1024
.globl _GEX_DATA_004a2f50
_GEX_DATA_004a2f50:
.space 4
.globl _GEX_DATA_004a2f54
_GEX_DATA_004a2f54:
.space 4
.globl _GEX_DATA_004a2f58
_GEX_DATA_004a2f58:
.space 4
.globl _GEX_DATA_004a2f5c
_GEX_DATA_004a2f5c:
.space 4
.globl _GEX_DATA_004a2f60
_GEX_DATA_004a2f60:
.space 4
.globl _GEX_DATA_004a2f64
_GEX_DATA_004a2f64:
.space 8
.globl _GEX_DATA_004a2f6c
_GEX_DATA_004a2f6c:
.space 4
.globl _GEX_DATA_004a2f70
_GEX_DATA_004a2f70:
.space 4
.globl _GEX_DATA_004a2f74
_GEX_DATA_004a2f74:
.space 4
.globl _GEX_DATA_004a2f78
_GEX_DATA_004a2f78:
.space 4
.globl _GEX_DATA_004a2f7c
_GEX_DATA_004a2f7c:
.space 4
.globl _GEX_DATA_004a2f80
_GEX_DATA_004a2f80:
.space 4
.globl _GEX_DATA_004a2f84
_GEX_DATA_004a2f84:
.space 4
.globl _GEX_DATA_004a2f88
_GEX_DATA_004a2f88:
.space 4
.globl _GEX_DATA_004a2f8c
_GEX_DATA_004a2f8c:
.space 20
.globl _GEX_DATA_004a2fa0
_GEX_DATA_004a2fa0:
.space 1036
.globl _GEX_DATA_004a33ac
_GEX_DATA_004a33ac:
.space 20
.globl _GEX_DATA_004a33c0
_GEX_DATA_004a33c0:
.space 4384
